-- MySQL dump 10.11
--
-- Host: localhost    Database: odinms
-- ------------------------------------------------------
-- Server version	5.0.51a-community-nt

/*!40101 SET @OLD_CHARACTER_SET_CLIENT=@@CHARACTER_SET_CLIENT */;
/*!40101 SET @OLD_CHARACTER_SET_RESULTS=@@CHARACTER_SET_RESULTS */;
/*!40101 SET @OLD_COLLATION_CONNECTION=@@COLLATION_CONNECTION */;
/*!40101 SET NAMES utf8 */;
/*!40103 SET @OLD_TIME_ZONE=@@TIME_ZONE */;
/*!40103 SET TIME_ZONE='+00:00' */;
/*!40014 SET @OLD_UNIQUE_CHECKS=@@UNIQUE_CHECKS, UNIQUE_CHECKS=0 */;
/*!40014 SET @OLD_FOREIGN_KEY_CHECKS=@@FOREIGN_KEY_CHECKS, FOREIGN_KEY_CHECKS=0 */;
/*!40101 SET @OLD_SQL_MODE=@@SQL_MODE, SQL_MODE='NO_AUTO_VALUE_ON_ZERO' */;
/*!40111 SET @OLD_SQL_NOTES=@@SQL_NOTES, SQL_NOTES=0 */;

--
-- Current Database: `odinms`
--

CREATE DATABASE /*!32312 IF NOT EXISTS*/ `odinms` /*!40100 DEFAULT CHARACTER SET latin1 */;

USE `odinms`;

--
-- Table structure for table `accounts`
--

DROP TABLE IF EXISTS `accounts`;
SET @saved_cs_client     = @@character_set_client;
SET character_set_client = utf8;
CREATE TABLE `accounts` (
  `id` int(11) NOT NULL auto_increment,
  `name` varchar(13) NOT NULL default '',
  `password` varchar(128) NOT NULL default '',
  `salt` varchar(32) default NULL,
  `loggedin` tinyint(4) NOT NULL default '0',
  `lastlogin` timestamp NULL default NULL,
  `createdat` timestamp NOT NULL default CURRENT_TIMESTAMP,
  `birthday` date NOT NULL default '0000-00-00',
  `banned` tinyint(1) NOT NULL default '0',
  `banreason` text,
  `gm` tinyint(1) NOT NULL default '0',
  `email` tinytext,
  `emailcode` varchar(40) default NULL,
  `forumaccid` int(11) NOT NULL default '0',
  `macs` tinytext,
  `lastpwemail` timestamp NOT NULL default '2002-12-31 23:00:00',
  `tempban` timestamp NOT NULL default '0000-00-00 00:00:00',
  `greason` tinyint(4) default NULL,
  `nxCash` int(11) default NULL,
  `mPoints` int(11) default NULL,
  `gTokens` int(11) default NULL,
  PRIMARY KEY  (`id`),
  UNIQUE KEY `name` (`name`),
  KEY `forumaccid` (`forumaccid`),
  KEY `ranking1` (`id`,`banned`,`gm`)
) ENGINE=InnoDB AUTO_INCREMENT=114 DEFAULT CHARSET=latin1;
SET character_set_client = @saved_cs_client;

--
-- Table structure for table `bbs_replies`
--

DROP TABLE IF EXISTS `bbs_replies`;
SET @saved_cs_client     = @@character_set_client;
SET character_set_client = utf8;
CREATE TABLE `bbs_replies` (
  `replyid` int(10) unsigned NOT NULL auto_increment,
  `threadid` int(10) unsigned NOT NULL,
  `postercid` int(10) unsigned NOT NULL,
  `timestamp` bigint(20) unsigned NOT NULL,
  `content` varchar(26) NOT NULL default '',
  PRIMARY KEY  (`replyid`)
) ENGINE=InnoDB AUTO_INCREMENT=2 DEFAULT CHARSET=latin1;
SET character_set_client = @saved_cs_client;

--
-- Table structure for table `bbs_threads`
--

DROP TABLE IF EXISTS `bbs_threads`;
SET @saved_cs_client     = @@character_set_client;
SET character_set_client = utf8;
CREATE TABLE `bbs_threads` (
  `threadid` int(10) unsigned NOT NULL auto_increment,
  `postercid` int(10) unsigned NOT NULL,
  `name` varchar(26) NOT NULL default '',
  `timestamp` bigint(20) unsigned NOT NULL,
  `icon` smallint(5) unsigned NOT NULL,
  `replycount` smallint(5) unsigned NOT NULL default '0',
  `startpost` text NOT NULL,
  `guildid` int(10) unsigned NOT NULL,
  `localthreadid` int(10) unsigned NOT NULL,
  PRIMARY KEY  (`threadid`)
) ENGINE=InnoDB AUTO_INCREMENT=16 DEFAULT CHARSET=latin1;
SET character_set_client = @saved_cs_client;

--
-- Table structure for table `buddies`
--

DROP TABLE IF EXISTS `buddies`;
SET @saved_cs_client     = @@character_set_client;
SET character_set_client = utf8;
CREATE TABLE `buddies` (
  `id` int(11) NOT NULL auto_increment,
  `characterid` int(11) NOT NULL,
  `buddyid` int(11) NOT NULL,
  `pending` tinyint(4) NOT NULL default '0',
  PRIMARY KEY  (`id`),
  KEY `buddies_ibfk_1` (`characterid`),
  CONSTRAINT `buddies_ibfk_1` FOREIGN KEY (`characterid`) REFERENCES `characters` (`id`) ON DELETE CASCADE
) ENGINE=InnoDB AUTO_INCREMENT=76081 DEFAULT CHARSET=latin1;
SET character_set_client = @saved_cs_client;

--
-- Table structure for table `channelconfig`
--

DROP TABLE IF EXISTS `channelconfig`;
SET @saved_cs_client     = @@character_set_client;
SET character_set_client = utf8;
CREATE TABLE `channelconfig` (
  `channelconfigid` int(10) unsigned NOT NULL auto_increment,
  `channelid` int(10) unsigned NOT NULL default '0',
  `name` tinytext NOT NULL,
  `value` tinytext NOT NULL,
  PRIMARY KEY  (`channelconfigid`),
  KEY `channelid` (`channelid`),
  CONSTRAINT `channelconfig_ibfk_1` FOREIGN KEY (`channelid`) REFERENCES `channels` (`channelid`) ON DELETE CASCADE
) ENGINE=InnoDB AUTO_INCREMENT=4 DEFAULT CHARSET=latin1;
SET character_set_client = @saved_cs_client;

--
-- Dumping data for table `channelconfig`
--

LOCK TABLES `channelconfig` WRITE;
/*!40000 ALTER TABLE `channelconfig` DISABLE KEYS */;
INSERT INTO `channelconfig` VALUES (1,2,'net.sf.odinms.channel.net.port','7576'),(2,3,'net.sf.odinms.channel.net.port','7577'),(3,4,'net.sf.odinms.channel.net.port','7578');
/*!40000 ALTER TABLE `channelconfig` ENABLE KEYS */;
UNLOCK TABLES;

--
-- Table structure for table `channels`
--

DROP TABLE IF EXISTS `channels`;
SET @saved_cs_client     = @@character_set_client;
SET character_set_client = utf8;
CREATE TABLE `channels` (
  `channelid` int(10) unsigned NOT NULL auto_increment,
  `world` int(11) NOT NULL default '0',
  `number` int(11) default NULL,
  `key` varchar(40) NOT NULL default '',
  PRIMARY KEY  (`channelid`)
) ENGINE=InnoDB AUTO_INCREMENT=5 DEFAULT CHARSET=latin1;
SET character_set_client = @saved_cs_client;

--
-- Dumping data for table `channels`
--

LOCK TABLES `channels` WRITE;
/*!40000 ALTER TABLE `channels` DISABLE KEYS */;
INSERT INTO `channels` VALUES (1,0,1,'2062e90b3ea10a86ff666a76c41aa0d9e9d88f4e'),(2,0,2,'5dfc64fff3b07c7c01ebd39706ec3cf3e6c37464'),(3,0,3,'f47ef28d4a014d8de91de9f28ae6fcd52dfb5f77'),(4,0,4,'33fd56a7b827c7b0b2df8ea1224521cd7c00e4e4');
/*!40000 ALTER TABLE `channels` ENABLE KEYS */;
UNLOCK TABLES;

--
-- Table structure for table `characters`
--

DROP TABLE IF EXISTS `characters`;
SET @saved_cs_client     = @@character_set_client;
SET character_set_client = utf8;
CREATE TABLE `characters` (
  `id` int(11) NOT NULL auto_increment,
  `accountid` int(11) NOT NULL default '0',
  `world` int(11) NOT NULL default '0',
  `name` varchar(13) NOT NULL default '',
  `level` int(11) NOT NULL default '0',
  `exp` int(11) NOT NULL default '0',
  `str` int(11) NOT NULL default '0',
  `dex` int(11) NOT NULL default '0',
  `luk` int(11) NOT NULL default '0',
  `int` int(11) NOT NULL default '0',
  `hp` int(11) NOT NULL default '0',
  `mp` int(11) NOT NULL default '0',
  `maxhp` int(11) NOT NULL default '0',
  `maxmp` int(11) NOT NULL default '0',
  `meso` int(11) NOT NULL default '0',
  `hpApUsed` int(11) NOT NULL default '0',
  `mpApUsed` int(11) NOT NULL default '0',
  `job` int(11) NOT NULL default '0',
  `skincolor` int(11) NOT NULL default '0',
  `gender` int(11) NOT NULL default '0',
  `fame` int(11) NOT NULL default '0',
  `hair` int(11) NOT NULL default '0',
  `face` int(11) NOT NULL default '0',
  `ap` int(11) NOT NULL default '0',
  `sp` int(11) NOT NULL default '0',
  `map` int(11) NOT NULL default '0',
  `spawnpoint` int(11) NOT NULL default '0',
  `gm` tinyint(1) NOT NULL default '0',
  `party` int(11) NOT NULL default '0',
  `buddyCapacity` int(11) NOT NULL default '25',
  `createdate` timestamp NOT NULL default CURRENT_TIMESTAMP,
  `rank` int(10) unsigned NOT NULL default '1',
  `rankMove` int(11) NOT NULL default '0',
  `jobRank` int(10) unsigned NOT NULL default '1',
  `jobRankMove` int(11) NOT NULL default '0',
  `guildid` int(10) unsigned NOT NULL default '0',
  `guildrank` int(10) unsigned NOT NULL default '5',
  `messengerid` int(10) unsigned NOT NULL default '0',
  `messengerposition` int(10) unsigned NOT NULL default '4',
  PRIMARY KEY  (`id`),
  KEY `accountid` (`accountid`),
  KEY `party` (`party`),
  KEY `ranking1` (`level`,`exp`),
  KEY `ranking2` (`gm`,`job`)
) ENGINE=InnoDB AUTO_INCREMENT=30417 DEFAULT CHARSET=latin1;
SET character_set_client = @saved_cs_client;

--
-- Table structure for table `cheatlog`
--

DROP TABLE IF EXISTS `cheatlog`;
SET @saved_cs_client     = @@character_set_client;
SET character_set_client = utf8;
CREATE TABLE `cheatlog` (
  `id` int(11) NOT NULL auto_increment,
  `cid` int(11) NOT NULL default '0',
  `offense` tinytext NOT NULL,
  `count` int(11) NOT NULL default '0',
  `lastoffensetime` timestamp NOT NULL default CURRENT_TIMESTAMP on update CURRENT_TIMESTAMP,
  `param` tinytext NOT NULL,
  PRIMARY KEY  (`id`),
  KEY `cid` (`cid`)
) ENGINE=InnoDB AUTO_INCREMENT=25649 DEFAULT CHARSET=latin1;
SET character_set_client = @saved_cs_client;

--
-- Table structure for table `eventstats`
--

DROP TABLE IF EXISTS `eventstats`;
SET @saved_cs_client     = @@character_set_client;
SET character_set_client = utf8;
CREATE TABLE `eventstats` (
  `eventstatid` int(10) unsigned NOT NULL auto_increment,
  `event` varchar(30) NOT NULL,
  `instance` varchar(30) NOT NULL,
  `characterid` int(11) NOT NULL,
  `channel` int(11) NOT NULL,
  `time` timestamp NOT NULL default CURRENT_TIMESTAMP,
  PRIMARY KEY  (`eventstatid`)
) ENGINE=InnoDB AUTO_INCREMENT=65 DEFAULT CHARSET=latin1;
SET character_set_client = @saved_cs_client;

--
-- Dumping data for table `eventstats`
--

LOCK TABLES `eventstats` WRITE;
/*!40000 ALTER TABLE `eventstats` DISABLE KEYS */;
INSERT INTO `eventstats` VALUES (1,'lolcastle','lolcastle5',30002,1,'2008-05-12 23:02:09'),(2,'lolcastle','lolcastle5',30002,1,'2008-05-14 15:03:19'),(3,'lolcastle','lolcastle5',30002,1,'2008-05-14 19:03:37'),(4,'lolcastle','lolcastle5',30001,1,'2008-05-15 19:01:48'),(5,'lolcastle','lolcastle5',30002,1,'2008-05-16 15:02:59'),(6,'lolcastle','lolcastle5',30002,1,'2008-05-16 23:02:25'),(7,'lolcastle','lolcastle5',30002,2,'2008-05-18 19:02:23'),(8,'lolcastle','lolcastle5',30001,1,'2008-05-19 19:01:31'),(9,'lolcastle','lolcastle5',30002,1,'2008-05-19 23:02:02'),(10,'lolcastle','lolcastle5',30002,1,'2008-05-20 15:02:00'),(11,'lolcastle','lolcastle5',30022,1,'2008-05-23 15:01:45'),(12,'lolcastle','lolcastle5',30002,1,'2008-05-31 19:02:05'),(13,'lolcastle','lolcastle5',30054,1,'2008-06-01 15:03:18'),(14,'lolcastle','lolcastle5',30002,1,'2008-06-02 19:01:55'),(15,'lolcastle','lolcastle5',30084,2,'2008-06-03 19:01:50'),(16,'lolcastle','lolcastle5',30073,1,'2008-06-03 23:05:11'),(17,'lolcastle','lolcastle5',30042,2,'2008-06-04 03:01:36'),(18,'lolcastle','lolcastle5',30098,2,'2008-06-04 07:05:02'),(19,'lolcastle','lolcastle5',30104,2,'2008-06-04 15:07:01'),(20,'lolcastle','lolcastle5',30098,1,'2008-06-05 23:04:12'),(21,'lolcastle','lolcastle5',30018,1,'2008-06-06 19:01:11'),(22,'lolcastle','lolcastle5',30132,1,'2008-06-12 19:02:29'),(23,'lolcastle','lolcastle5',30002,2,'2008-06-14 19:01:56'),(24,'lolcastle','lolcastle5',30157,1,'2008-06-19 07:04:07'),(25,'lolcastle','lolcastle5',30172,2,'2008-06-21 07:04:10'),(26,'lolcastle','lolcastle5',30165,1,'2008-06-23 03:04:07'),(27,'lolcastle','lolcastle5',30155,2,'2008-06-23 19:03:38'),(28,'lolcastle','lolcastle5',30175,1,'2008-06-25 19:03:19'),(29,'lolcastle','lolcastle5',30001,1,'2008-06-25 23:02:12'),(30,'lolcastle','lolcastle5',30175,2,'2008-06-25 23:05:41'),(31,'lolcastle','lolcastle5',30155,2,'2008-06-26 19:04:04'),(32,'lolcastle','lolcastle5',30209,2,'2008-06-26 23:03:41'),(33,'lolcastle','lolcastle5',30206,1,'2008-06-26 23:07:13'),(34,'lolcastle','lolcastle5',30218,1,'2008-06-28 15:03:21'),(35,'lolcastle','lolcastle5',30209,2,'2008-06-28 19:02:22'),(36,'lolcastle','lolcastle5',30209,1,'2008-06-30 19:03:44'),(37,'lolcastle','lolcastle5',30175,2,'2008-06-30 19:05:46'),(38,'lolcastle','lolcastle5',30002,1,'2008-06-30 23:01:42'),(39,'lolcastle','lolcastle5',30225,2,'2008-06-30 23:13:42'),(40,'lolcastle','lolcastle5',30230,1,'2008-07-01 23:02:21'),(41,'lolcastle','lolcastle5',30224,1,'2008-07-03 07:02:14'),(42,'lolcastle','lolcastle5',30160,1,'2008-07-03 19:02:43'),(43,'lolcastle','lolcastle5',30160,1,'2008-07-04 19:02:02'),(44,'lolcastle','lolcastle5',30155,1,'2008-07-04 23:03:18'),(45,'lolcastle','lolcastle5',30155,2,'2008-07-05 03:03:03'),(46,'lolcastle','lolcastle5',30160,2,'2008-07-07 19:02:52'),(47,'lolcastle','lolcastle5',30155,1,'2008-07-08 19:03:17'),(48,'lolcastle','lolcastle5',30272,1,'2008-07-08 23:03:18'),(49,'lolcastle','lolcastle5',30282,3,'2008-07-18 23:02:33'),(50,'lolcastle','lolcastle5',30155,1,'2008-07-21 15:02:20'),(51,'lolcastle','lolcastle5',30342,3,'2008-07-23 07:05:42'),(52,'lolcastle','lolcastle5',30323,2,'2008-07-23 23:02:18'),(53,'lolcastle','lolcastle5',30347,3,'2008-07-25 03:01:58'),(54,'lolcastle','lolcastle5',30354,2,'2008-07-25 19:04:29'),(55,'lolcastle','lolcastle5',30272,3,'2008-07-26 19:03:34'),(56,'lolcastle','lolcastle5',30211,2,'2008-07-26 19:04:50'),(57,'lolcastle','lolcastle5',30118,2,'2008-07-26 23:01:46'),(58,'lolcastle','lolcastle5',30272,3,'2008-07-26 23:02:46'),(59,'lolcastle','lolcastle5',30272,4,'2008-07-27 03:03:28'),(60,'lolcastle','lolcastle5',30345,2,'2008-07-29 19:04:39'),(61,'lolcastle','lolcastle5',30175,2,'2008-07-29 23:05:09'),(62,'lolcastle','lolcastle5',30367,3,'2008-08-03 15:05:06'),(63,'lolcastle','lolcastle5',30278,1,'2008-08-03 19:15:49'),(64,'lolcastle','lolcastle5',30347,2,'2008-08-08 03:03:13');
/*!40000 ALTER TABLE `eventstats` ENABLE KEYS */;
UNLOCK TABLES;

--
-- Table structure for table `famelog`
--

DROP TABLE IF EXISTS `famelog`;
SET @saved_cs_client     = @@character_set_client;
SET character_set_client = utf8;
CREATE TABLE `famelog` (
  `famelogid` int(11) NOT NULL auto_increment,
  `characterid` int(11) NOT NULL default '0',
  `characterid_to` int(11) NOT NULL default '0',
  `when` timestamp NOT NULL default CURRENT_TIMESTAMP,
  PRIMARY KEY  (`famelogid`),
  KEY `characterid` (`characterid`),
  CONSTRAINT `famelog_ibfk_1` FOREIGN KEY (`characterid`) REFERENCES `characters` (`id`) ON DELETE CASCADE
) ENGINE=InnoDB AUTO_INCREMENT=109 DEFAULT CHARSET=latin1;
SET character_set_client = @saved_cs_client;

--
-- Table structure for table `gmlog`
--

DROP TABLE IF EXISTS `gmlog`;
SET @saved_cs_client     = @@character_set_client;
SET character_set_client = utf8;
CREATE TABLE `gmlog` (
  `id` int(11) NOT NULL auto_increment,
  `cid` int(11) NOT NULL default '0',
  `command` tinytext NOT NULL,
  `when` timestamp NOT NULL default CURRENT_TIMESTAMP,
  PRIMARY KEY  (`id`)
) ENGINE=InnoDB AUTO_INCREMENT=57316 DEFAULT CHARSET=latin1;
SET character_set_client = @saved_cs_client;

--
-- Table structure for table `guilds`
--

DROP TABLE IF EXISTS `guilds`;
SET @saved_cs_client     = @@character_set_client;
SET character_set_client = utf8;
CREATE TABLE `guilds` (
  `guildid` int(10) unsigned NOT NULL auto_increment,
  `leader` int(10) unsigned NOT NULL default '0',
  `GP` int(10) unsigned NOT NULL default '0',
  `logo` int(10) unsigned default NULL,
  `logoColor` smallint(5) unsigned NOT NULL default '0',
  `name` varchar(45) NOT NULL,
  `rank1title` varchar(45) NOT NULL default 'Master',
  `rank2title` varchar(45) NOT NULL default 'Jr. Master',
  `rank3title` varchar(45) NOT NULL default 'Member',
  `rank4title` varchar(45) NOT NULL default 'Member',
  `rank5title` varchar(45) NOT NULL default 'Member',
  `capacity` int(10) unsigned NOT NULL default '10',
  `logoBG` int(10) unsigned default NULL,
  `logoBGColor` smallint(5) unsigned NOT NULL default '0',
  `notice` varchar(101) default NULL,
  `signature` int(11) NOT NULL default '0',
  PRIMARY KEY  (`guildid`)
) ENGINE=InnoDB AUTO_INCREMENT=24 DEFAULT CHARSET=latin1;
SET character_set_client = @saved_cs_client;

--
-- Table structure for table `htsquads`
--

DROP TABLE IF EXISTS `htsquads`;
SET @saved_cs_client     = @@character_set_client;
SET character_set_client = utf8;
CREATE TABLE `htsquads` (
  `id` int(10) unsigned NOT NULL auto_increment,
  `channel` int(10) unsigned NOT NULL,
  `leaderid` int(10) unsigned NOT NULL default '0',
  `status` int(10) unsigned NOT NULL default '0',
  `members` int(10) unsigned NOT NULL default '0',
  PRIMARY KEY  (`id`)
) ENGINE=InnoDB AUTO_INCREMENT=3 DEFAULT CHARSET=latin1;
SET character_set_client = @saved_cs_client;

--
-- Dumping data for table `htsquads`
--

LOCK TABLES `htsquads` WRITE;
/*!40000 ALTER TABLE `htsquads` DISABLE KEYS */;
INSERT INTO `htsquads` VALUES (1,1,0,0,0),(2,2,0,0,0);
/*!40000 ALTER TABLE `htsquads` ENABLE KEYS */;
UNLOCK TABLES;

--
-- Table structure for table `inventoryequipment`
--

DROP TABLE IF EXISTS `inventoryequipment`;
SET @saved_cs_client     = @@character_set_client;
SET character_set_client = utf8;
CREATE TABLE `inventoryequipment` (
  `inventoryequipmentid` int(10) unsigned NOT NULL auto_increment,
  `inventoryitemid` int(10) unsigned NOT NULL default '0',
  `upgradeslots` int(11) NOT NULL default '0',
  `level` int(11) NOT NULL default '0',
  `str` int(11) NOT NULL default '0',
  `dex` int(11) NOT NULL default '0',
  `int` int(11) NOT NULL default '0',
  `luk` int(11) NOT NULL default '0',
  `hp` int(11) NOT NULL default '0',
  `mp` int(11) NOT NULL default '0',
  `watk` int(11) NOT NULL default '0',
  `matk` int(11) NOT NULL default '0',
  `wdef` int(11) NOT NULL default '0',
  `mdef` int(11) NOT NULL default '0',
  `acc` int(11) NOT NULL default '0',
  `avoid` int(11) NOT NULL default '0',
  `hands` int(11) NOT NULL default '0',
  `speed` int(11) NOT NULL default '0',
  `jump` int(11) NOT NULL default '0',
  `ringid` int(11) NOT NULL default '-1',
  PRIMARY KEY  (`inventoryequipmentid`),
  KEY `inventoryitemid` (`inventoryitemid`),
  CONSTRAINT `inventoryequipment_ibfk_1` FOREIGN KEY (`inventoryitemid`) REFERENCES `inventoryitems` (`inventoryitemid`) ON DELETE CASCADE
) ENGINE=InnoDB AUTO_INCREMENT=791601 DEFAULT CHARSET=latin1;
SET character_set_client = @saved_cs_client;

--
-- Table structure for table `inventoryitems`
--

DROP TABLE IF EXISTS `inventoryitems`;
SET @saved_cs_client     = @@character_set_client;
SET character_set_client = utf8;
CREATE TABLE `inventoryitems` (
  `inventoryitemid` int(10) unsigned NOT NULL auto_increment,
  `characterid` int(11) default NULL,
  `storageid` int(10) unsigned default NULL,
  `itemid` int(11) NOT NULL default '0',
  `inventorytype` int(11) NOT NULL default '0',
  `position` int(11) NOT NULL default '0',
  `quantity` int(11) NOT NULL default '0',
  `owner` tinytext NOT NULL,
  `petid` int(11) NOT NULL default '-1',
  PRIMARY KEY  (`inventoryitemid`),
  KEY `inventoryitems_ibfk_1` (`characterid`),
  KEY `characterid` (`characterid`),
  KEY `inventorytype` (`inventorytype`),
  KEY `storageid` (`storageid`),
  KEY `characterid_2` (`characterid`,`inventorytype`),
  CONSTRAINT `inventoryitems_ibfk_1` FOREIGN KEY (`characterid`) REFERENCES `characters` (`id`) ON DELETE CASCADE
) ENGINE=InnoDB AUTO_INCREMENT=2208418 DEFAULT CHARSET=latin1;
SET character_set_client = @saved_cs_client;

--
-- Table structure for table `inventorylog`
--

DROP TABLE IF EXISTS `inventorylog`;
SET @saved_cs_client     = @@character_set_client;
SET character_set_client = utf8;
CREATE TABLE `inventorylog` (
  `inventorylogid` int(10) unsigned NOT NULL auto_increment,
  `inventoryitemid` int(10) unsigned NOT NULL default '0',
  `msg` tinytext NOT NULL,
  PRIMARY KEY  (`inventorylogid`),
  KEY `inventoryitemid` (`inventoryitemid`),
  CONSTRAINT `inventorylog_ibfk_1` FOREIGN KEY (`inventoryitemid`) REFERENCES `inventoryitems` (`inventoryitemid`) ON DELETE CASCADE
) ENGINE=InnoDB DEFAULT CHARSET=latin1;
SET character_set_client = @saved_cs_client;

--
-- Table structure for table `ipbans`
--

DROP TABLE IF EXISTS `ipbans`;
SET @saved_cs_client     = @@character_set_client;
SET character_set_client = utf8;
CREATE TABLE `ipbans` (
  `ipbanid` int(10) unsigned NOT NULL auto_increment,
  `ip` varchar(40) NOT NULL default '',
  PRIMARY KEY  (`ipbanid`)
) ENGINE=InnoDB DEFAULT CHARSET=latin1;
SET character_set_client = @saved_cs_client;

--
-- Table structure for table `iplog`
--

DROP TABLE IF EXISTS `iplog`;
SET @saved_cs_client     = @@character_set_client;
SET character_set_client = utf8;
CREATE TABLE `iplog` (
  `iplogid` int(10) unsigned NOT NULL auto_increment,
  `accountid` int(11) NOT NULL default '0',
  `ip` varchar(30) NOT NULL default '',
  `login` timestamp NOT NULL default CURRENT_TIMESTAMP,
  PRIMARY KEY  (`iplogid`),
  KEY `accountid` (`accountid`,`ip`),
  KEY `ip` (`ip`),
  CONSTRAINT `iplog_ibfk_1` FOREIGN KEY (`accountid`) REFERENCES `accounts` (`id`) ON DELETE CASCADE
) ENGINE=InnoDB AUTO_INCREMENT=12105 DEFAULT CHARSET=latin1;
SET character_set_client = @saved_cs_client;

--
-- Table structure for table `keymap`
--

DROP TABLE IF EXISTS `keymap`;
SET @saved_cs_client     = @@character_set_client;
SET character_set_client = utf8;
CREATE TABLE `keymap` (
  `id` int(11) NOT NULL auto_increment,
  `characterid` int(11) NOT NULL default '0',
  `key` int(11) NOT NULL default '0',
  `type` int(11) NOT NULL default '0',
  `action` int(11) NOT NULL default '0',
  PRIMARY KEY  (`id`),
  KEY `keymap_ibfk_1` (`characterid`),
  CONSTRAINT `keymap_ibfk_1` FOREIGN KEY (`characterid`) REFERENCES `characters` (`id`) ON DELETE CASCADE
) ENGINE=InnoDB AUTO_INCREMENT=771716 DEFAULT CHARSET=latin1;
SET character_set_client = @saved_cs_client;

--
-- Table structure for table `loginserver`
--

DROP TABLE IF EXISTS `loginserver`;
SET @saved_cs_client     = @@character_set_client;
SET character_set_client = utf8;
CREATE TABLE `loginserver` (
  `loginserverid` int(10) unsigned NOT NULL auto_increment,
  `key` varchar(40) NOT NULL default '',
  `world` int(11) NOT NULL default '0',
  PRIMARY KEY  (`loginserverid`)
) ENGINE=InnoDB AUTO_INCREMENT=2 DEFAULT CHARSET=latin1;
SET character_set_client = @saved_cs_client;

--
-- Dumping data for table `loginserver`
--

LOCK TABLES `loginserver` WRITE;
/*!40000 ALTER TABLE `loginserver` DISABLE KEYS */;
INSERT INTO `loginserver` VALUES (1,'d3703816f23fdee7fce6ba061244736b83c88fc5',0);
/*!40000 ALTER TABLE `loginserver` ENABLE KEYS */;
UNLOCK TABLES;

--
-- Table structure for table `macbans`
--

DROP TABLE IF EXISTS `macbans`;
SET @saved_cs_client     = @@character_set_client;
SET character_set_client = utf8;
CREATE TABLE `macbans` (
  `macbanid` int(10) unsigned NOT NULL auto_increment,
  `mac` varchar(30) NOT NULL,
  PRIMARY KEY  (`macbanid`),
  UNIQUE KEY `mac_2` (`mac`)
) ENGINE=InnoDB DEFAULT CHARSET=latin1;
SET character_set_client = @saved_cs_client;

--
-- Table structure for table `macfilters`
--

DROP TABLE IF EXISTS `macfilters`;
SET @saved_cs_client     = @@character_set_client;
SET character_set_client = utf8;
CREATE TABLE `macfilters` (
  `macfilterid` int(10) unsigned NOT NULL auto_increment,
  `filter` varchar(30) NOT NULL,
  PRIMARY KEY  (`macfilterid`)
) ENGINE=InnoDB AUTO_INCREMENT=5 DEFAULT CHARSET=latin1;
SET character_set_client = @saved_cs_client;

--
-- Dumping data for table `macfilters`
--

LOCK TABLES `macfilters` WRITE;
/*!40000 ALTER TABLE `macfilters` DISABLE KEYS */;
INSERT INTO `macfilters` VALUES (1,'00-50-56-.{2}-.{2}-.{2}'),(2,'02-00-4C-4F-4F-50'),(3,'7A-79-00-.{2}-.{2}-.{2}'),(4,'00-03-8A-.{2}-.{2}-.{2}');
/*!40000 ALTER TABLE `macfilters` ENABLE KEYS */;
UNLOCK TABLES;

--
-- Table structure for table `monsterdrops`
--

DROP TABLE IF EXISTS `monsterdrops`;
SET @saved_cs_client     = @@character_set_client;
SET character_set_client = utf8;
CREATE TABLE `monsterdrops` (
  `monsterdropid` int(10) unsigned NOT NULL auto_increment,
  `monsterid` int(11) NOT NULL default '0',
  `itemid` int(11) NOT NULL default '0',
  `chance` int(11) NOT NULL default '0',
  PRIMARY KEY  (`monsterdropid`)
) ENGINE=InnoDB AUTO_INCREMENT=9231 DEFAULT CHARSET=latin1;
SET character_set_client = @saved_cs_client;

--
-- Dumping data for table `monsterdrops`
--

LOCK TABLES `monsterdrops` WRITE;
/*!40000 ALTER TABLE `monsterdrops` DISABLE KEYS */;
INSERT INTO `monsterdrops` VALUES (1,9400567,2022251,600),(2,100100,1061002,2400),(3,100100,1302000,7000),(4,100100,1040002,2400),(5,100100,1002067,2400),(6,100100,2060000,200),(7,100100,2061000,200),(8,100100,2000000,400),(9,100100,2041001,12000),(10,100100,2041004,12000),(11,100100,2040002,8000),(12,100100,4000019,5),(13,100100,4020000,600),(14,100100,4010000,600),(15,100101,1040006,2400),(16,100101,1040013,2400),(17,100101,1060004,2400),(18,100101,1041012,2400),(19,100101,1060013,2400),(20,100101,1040017,2400),(21,100101,2060000,200),(22,100101,2061000,200),(23,100101,2000000,400),(24,100101,2041006,4500),(25,100101,2041001,12000),(26,100101,4000000,5),(27,100101,4020001,600),(28,100101,4010001,600),(29,120100,1312004,7000),(30,120100,1060007,2400),(31,120100,1062000,2400),(32,120100,1041007,2400),(33,120100,1061009,2400),(34,120100,2060000,200),(35,120100,2061000,200),(36,120100,2000000,400),(37,120100,2041007,12000),(38,120100,4000011,5),(39,120100,4020002,600),(40,120100,4010002,600),(41,130101,1072005,2400),(42,130101,1041006,2400),(43,130101,1032003,2400),(44,130101,1322007,7000),(45,130101,1372002,7000),(46,130101,1072060,2400),(47,130101,1060022,2400),(48,130101,2060000,200),(49,130101,2061000,200),(50,130101,2000000,400),(51,130101,2041009,4500),(52,130101,2040502,8000),(53,130101,4000016,5),(54,130101,4020004,600),(55,130101,4010004,600),(56,130100,1442012,7000),(57,130100,1041002,2400),(58,130100,1322005,7000),(59,130100,1082003,2400),(60,130100,1072007,2400),(61,130100,1452003,7000),(62,130100,1332000,7000),(63,130100,2000000,400),(64,130100,2041008,8000),(65,130100,2040402,8000),(66,130100,4000003,5),(67,130100,4020003,600),(68,130100,4030009,300),(69,130100,4010003,600),(70,210100,1060002,2400),(71,210100,1442012,7000),(72,210100,1002019,2400),(73,210100,1442029,7000),(74,210100,1412012,7000),(75,210100,1072023,2400),(76,210100,1082019,2400),(77,210100,1060031,2400),(78,210100,2000000,400),(79,210100,2040602,8000),(80,210100,2041018,4500),(81,210100,2041001,12000),(82,210100,2040505,8000),(83,210100,4000010,5),(84,210100,4000004,5),(85,210100,4020001,600),(86,210100,4020005,600),(87,210100,4030000,300),(88,210100,4010005,600),(89,1210100,1442012,7000),(90,1210100,1002008,2400),(91,1210100,1041012,2400),(92,1210100,1041014,2400),(93,1210100,1062002,2400),(94,1210100,1472000,7000),(95,1210100,1040034,2400),(96,1210100,2000000,400),(97,1210100,2041021,4500),(98,1210100,2040702,8000),(99,1210100,4000021,200),(100,1210100,4000017,900),(101,1210100,4003004,200),(102,1210100,4020006,600),(103,1210100,4030011,300),(104,1210100,4010006,600),(105,9420001,1060002,2400),(106,9420001,1442012,7000),(107,9420001,2000000,400),(108,9420001,4000247,5),(109,1210102,1312000,7000),(110,1210102,1072004,2400),(111,1210102,1002043,2400),(112,1210102,1072015,2400),(113,1210102,1082012,2400),(114,1210102,1072031,2400),(115,1210102,2000000,400),(116,1210102,2040001,12000),(117,1210102,2040705,8000),(118,1210102,4000001,5),(119,1210102,4020007,600),(120,1210102,4030001,300),(121,1210102,4010000,600),(122,9400506,4031305,300),(123,9400506,4031306,300),(124,2130100,1002097,2400),(125,2130100,1002055,2400),(126,2130100,1041028,2400),(127,2130100,1061026,2400),(128,2130100,1060063,2400),(129,2130100,1472006,7000),(130,2130100,1472004,7000),(131,2130100,1072087,2400),(132,2130100,1072085,2400),(133,2130100,1472009,7000),(134,2130100,2012002,400),(135,2130100,2000003,400),(136,2130100,2000001,400),(137,2130100,2044202,8000),(138,2130100,2070009,10000),(139,2130100,4000215,50),(140,2130100,4000018,5),(141,2130100,4006001,1500),(142,2130100,4020007,600),(143,2130100,4010001,600),(144,1110101,1092003,5000),(145,1110101,1442013,7000),(146,1110101,1002001,2400),(147,1110101,1032001,2400),(148,1110101,1002039,2400),(149,1110101,1382000,7000),(150,1110101,1041018,2400),(151,1110101,1061013,2400),(152,1110101,1041061,2400),(153,1110101,1061057,2400),(154,1110101,1041040,2400),(155,1110101,1061033,2400),(156,1110101,2000000,400),(157,1110101,2040802,8000),(158,1110101,4000005,5),(159,1110101,4020007,600),(160,1110101,4020000,600),(161,1110101,4030009,300),(162,1110101,4010001,600),(163,1210101,1060006,2400),(164,1210101,1040014,2400),(165,1210101,1041012,2400),(166,1210101,1032003,2400),(167,1210101,1002051,2400),(168,1210101,1402018,7000),(169,1210101,1040019,2400),(170,1210101,1061028,2400),(171,1210101,1040011,2400),(172,1210101,1060024,2400),(173,1210101,2000000,400),(174,1210101,2040902,8000),(175,1210101,4000021,200),(176,1210101,4003004,200),(177,1210101,4020001,600),(178,1210101,4030012,300),(179,1210101,4010002,600),(180,9400511,1092003,5000),(181,9400511,1002039,2400),(182,9400511,1382000,7000),(183,9400511,1041061,2400),(184,9400511,1061057,2400),(185,9400511,2022065,400),(186,9400511,2000003,400),(187,9400511,2000000,400),(188,9400511,2040802,8000),(189,9400511,4020005,600),(190,9400511,4031284,300),(191,9400511,4030012,300),(192,9400511,4010006,600),(193,1120100,1002019,2400),(194,1120100,1442013,7000),(195,1120100,1002033,2400),(196,1120100,1032001,2400),(197,1120100,1040037,2400),(198,1120100,1060027,2400),(199,1120100,1092000,5000),(200,1120100,1041026,2400),(201,1120100,1061022,2400),(202,1120100,1002010,2400),(203,1120100,1002156,2400),(204,1120100,1002146,2400),(205,1120100,2000003,400),(206,1120100,2000000,400),(207,1120100,2043002,8000),(208,1120100,4000006,5),(209,1120100,4020002,600),(210,1120100,4030010,300),(211,1120100,4010003,600),(212,1210103,1322023,7000),(213,1210103,1442013,7000),(214,1210103,1432008,7000),(215,1210103,1312001,7000),(216,1210103,1412012,7000),(217,1210103,1402018,7000),(218,1210103,1002075,2400),(219,1210103,1072019,2400),(220,1210103,1041062,2400),(221,1210103,1040035,2400),(222,1210103,1060025,2400),(223,1210103,1040034,2400),(224,1210103,2000003,400),(225,1210103,2000000,400),(226,1210103,2041015,4500),(227,1210103,2041004,12000),(228,1210103,2043302,8000),(229,1210103,2048000,4500),(230,1210103,2048001,12000),(231,1210103,4006000,1500),(232,1210103,4020005,600),(233,1210103,4010002,600),(234,1110100,1092008,5000),(235,1110100,1442013,7000),(236,1110100,1412012,7000),(237,1110100,1432005,7000),(238,1110100,1041018,2400),(239,1110100,1041017,2400),(240,1110100,1061012,2400),(241,1110100,1002143,2400),(242,1110100,1452003,7000),(243,1110100,1041063,2400),(244,1110100,1061059,2400),(245,1110100,1462002,7000),(246,1110100,1040022,2400),(247,1110100,1041044,2400),(248,1110100,1061037,2400),(249,1110100,1060031,2400),(250,1110100,2000003,400),(251,1110100,2000000,400),(252,1110100,2041020,8000),(253,1110100,2044701,12000),(254,1110100,2043102,8000),(255,1110100,2043102,8000),(256,1110100,2048003,4500),(257,1110100,2048001,12000),(258,1110100,2048000,4500),(259,1110100,2040902,8000),(260,1110100,4000012,5),(261,1110100,4020003,600),(262,1110100,4031146,300),(263,1110100,4010004,600),(264,1130100,1402009,7000),(265,1130100,1072008,2400),(266,1130100,1312016,7000),(267,1130100,1092007,5000),(268,1130100,1040019,2400),(269,1130100,1060015,2400),(270,1130100,1382004,7000),(271,1130100,1372001,7000),(272,1130100,1041045,2400),(273,1130100,1061038,2400),(274,1130100,1051008,2400),(275,1130100,1472032,7000),(276,1130100,1472032,7000),(277,1130100,2000003,400),(278,1130100,2000000,400),(279,1130100,2043202,8000),(280,1130100,4000018,5),(281,1130100,4020004,600),(282,1130100,4010005,600),(283,1140100,1412002,7000),(284,1140100,1072053,2400),(285,1140100,1050010,2400),(286,1140100,1060014,2400),(287,1140100,1040018,2400),(288,1140100,1050003,2400),(289,1140100,1002113,2400),(290,1140100,1041062,2400),(291,1140100,1002107,2400),(292,1140100,1072022,2400),(293,1140100,2000003,400),(294,1140100,2000000,400),(295,1140100,2040801,12000),(296,1140100,2048001,12000),(297,1140100,2040901,12000),(298,1140100,2044002,8000),(299,1140100,4020007,600),(300,1140100,4030012,300),(301,1140100,4010000,600),(302,1140100,4010004,600),(303,9400538,1412012,7000),(304,9400538,1382018,7000),(305,9400538,2022189,400),(306,9400538,2044702,8000),(307,9400538,2043302,8000),(308,9400538,2048001,12000),(309,9400538,4020007,600),(310,9400538,4010000,600),(311,2220100,1412012,7000),(312,2220100,1051000,2400),(313,2220100,1040012,2400),(314,2220100,1060010,2400),(315,2220100,1442001,7000),(316,2220100,1072020,2400),(317,2220100,1041027,2400),(318,2220100,1002127,2400),(319,2220100,2000003,400),(320,2220100,2002002,400),(321,2220100,2000001,400),(322,2220100,2040602,8000),(323,2220100,2044002,8000),(324,2220100,4000009,5),(325,2220100,4020005,600),(326,2220100,4030012,300),(327,2220100,4010006,600),(328,2300100,1082002,2400),(329,2300100,1442013,7000),(330,2300100,1002020,2400),(331,2300100,1040009,2400),(332,2300100,1060009,2400),(333,2300100,1072045,2400),(334,2300100,1452005,7000),(335,2300100,1041039,2400),(336,2300100,1040043,2400),(337,2300100,1060032,2400),(338,2300100,1061041,2400),(339,2300100,2010004,400),(340,2300100,2000003,400),(341,2300100,2000001,400),(342,2300100,2041002,8000),(343,2300100,2048004,12000),(344,2300100,4003004,200),(345,2300100,4000042,5),(346,2300100,4020000,600),(347,2300100,4010001,600),(348,9400568,2020029,400),(349,9400568,2022262,400),(350,9400568,2022264,400),(351,9400568,2022263,400),(352,9400568,2020030,400),(353,9400568,2022261,400),(354,9400556,1072073,2400),(355,9400556,1041008,2400),(356,9400556,1061006,2400),(357,9400556,1040044,2400),(358,9400556,1060033,2400),(359,9400556,2022248,400),(360,9400556,2022251,400),(361,9400556,2022250,400),(362,9400556,2022246,400),(363,9400556,2022249,400),(364,9400556,2022247,400),(365,2130103,1002063,2400),(366,2130103,1050005,2400),(367,2130103,1041021,2400),(368,2130103,1061018,2400),(369,2130103,1002027,2400),(370,2130103,1041031,2400),(371,2130103,2010003,400),(372,2130103,2000001,400),(373,2130103,2048003,4500),(374,2130103,2040902,8000),(375,2130103,4000034,5),(376,2130103,4020006,600),(377,2130103,4010002,600),(378,9400539,1412012,7000),(379,9400539,1072020,2400),(380,9400539,4010006,600),(381,2110200,1060002,2400),(382,2110200,1442013,7000),(383,2110200,1082000,2400),(384,2110200,1092000,5000),(385,2110200,1412002,7000),(386,2110200,1050006,2400),(387,2110200,1002005,2400),(388,2110200,1442001,7000),(389,2110200,1302004,7000),(390,2110200,1072073,2400),(391,2110200,1002038,2400),(392,2110200,1041008,2400),(393,2110200,1061006,2400),(394,2110200,1462004,7000),(395,2110200,1002138,2400),(396,2110200,1040044,2400),(397,2110200,1060033,2400),(398,2110200,1060038,2400),(399,2110200,1002182,2400),(400,2110200,2000003,400),(401,2110200,2000001,400),(402,2110200,2002003,400),(403,2110200,2041002,8000),(404,2110200,2048000,4500),(405,2110200,2044102,8000),(406,2110200,2044001,12000),(407,2110200,4000015,5),(408,2110200,4020005,600),(409,2110200,4020006,600),(410,2110200,4030012,300),(411,2110200,4010000,600),(412,2230108,1402000,7000),(413,2230108,1082001,2400),(414,2230108,1051005,2400),(415,2230108,1050024,2400),(416,2230108,1002119,2400),(417,2230108,1041027,2400),(418,2230108,1061025,2400),(419,2230108,1002131,2400),(420,2230108,1072065,2400),(421,2230108,2060000,200),(422,2230108,2061000,200),(423,2230108,2000003,400),(424,2230108,2000001,400),(425,2230108,2002003,400),(426,2230108,2044202,8000),(427,2230108,4000160,5),(428,2230108,4006001,1500),(429,2230108,4020007,600),(430,2230108,4010000,600),(431,9300027,4001035,5),(432,5200000,1322008,7000),(433,5200000,1040016,2400),(434,5200000,1060011,2400),(435,5200000,1002142,2400),(436,5200000,1452005,7000),(437,5200000,1002129,2400),(438,5200000,1041048,2400),(439,5200000,1061044,2400),(440,5200000,2060001,200),(441,5200000,2061001,200),(442,5200000,2000003,400),(443,5200000,2000001,400),(444,5200000,2044102,8000),(445,5200000,2070000,10000),(446,5200000,4000083,5),(447,5200000,4004003,1500),(448,5200000,4020006,600),(449,5200000,4010000,600),(450,2230105,1442014,7000),(451,2230105,1032005,2400),(452,2230105,1322022,7000),(453,2230105,1072046,2400),(454,2230105,1050011,2400),(455,2230105,1061035,2400),(456,2230105,1041042,2400),(457,2230105,1332013,7000),(458,2230105,2060000,200),(459,2230105,2061000,200),(460,2230105,2000003,400),(461,2230105,2000001,400),(462,2230105,2002004,400),(463,2230105,2070000,10000),(464,2230105,4004003,1500),(465,2230105,4030012,300),(466,2230105,4010001,600),(467,2230105,4131000,1000),(468,2230105,4131007,1000),(469,2230103,1322022,7000),(470,2230103,1002020,2400),(471,2230103,1402010,7000),(472,2230103,1032006,2400),(473,2230103,1002454,2400),(474,2230103,1332020,7000),(475,2230103,1322024,7000),(476,2230103,1312003,7000),(477,2230103,1050023,2400),(478,2230103,1462003,7000),(479,2230103,1082017,2400),(480,2230103,1332025,7000),(481,2230103,2060000,200),(482,2230103,2061000,200),(483,2230103,2000003,400),(484,2230103,2000001,400),(485,2230103,2002006,400),(486,2230103,2040900,4500),(487,2230103,2070000,10000),(488,2230103,4004003,1500),(489,2230103,4000097,5),(490,2230103,4031072,300),(491,2230103,4030012,300),(492,2230103,4030016,300),(493,2230103,4010003,600),(494,2230103,4131000,1000),(495,2230110,1072007,2400),(496,2230110,1072053,2400),(497,2230110,1082006,2400),(498,2230110,1041029,2400),(499,2230110,1040020,2400),(500,2230110,1060015,2400),(501,2230110,1082026,2400),(502,2230110,1002121,2400),(503,2230110,1002131,2400),(504,2230110,1072087,2400),(505,2230110,1082043,2400),(506,2230110,2041016,12000),(507,2230110,2040901,12000),(508,2230107,2060000,200),(509,2230107,2061000,200),(510,2230107,2000003,400),(511,2230107,2002000,400),(512,2230107,2000001,400),(513,2230107,2002005,400),(514,2230107,2002001,400),(515,2230107,4000162,5),(516,2230107,4010003,600),(517,2230107,4010002,600),(518,2230111,1041022,2400),(519,2230111,1061015,2400),(520,2230111,1082006,2400),(521,2230111,1372004,7000),(522,2230111,1082051,2400),(523,2230111,1082049,2400),(524,2230111,1452005,7000),(525,2230111,1040042,2400),(526,2230111,1060031,2400),(527,2230111,2040301,12000),(528,2230111,2044301,12000),(529,2230101,1032000,2400),(530,2230101,1032004,2400),(531,2230101,1412002,7000),(532,2230101,1002005,2400),(533,2230101,1040026,2400),(534,2230101,1060018,2400),(535,2230101,1372003,7000),(536,2230101,1082062,2400),(537,2230101,1452001,7000),(538,2230101,1002158,2400),(539,2230101,1040044,2400),(540,2230101,1040048,2400),(541,2230101,1060038,2400),(542,2230101,1472030,7000),(543,2230101,2000003,400),(544,2230101,2002000,400),(545,2230101,2000001,400),(546,2230101,2043001,12000),(547,2230101,2044302,8000),(548,2230101,4000008,5),(549,2230101,4020003,600),(550,2230101,4010002,600),(551,2230106,1072051,2400),(552,2230106,1041040,2400),(553,2230106,1332013,7000),(554,2230106,2060000,200),(555,2230106,2061000,200),(556,2230106,2000003,400),(557,2230106,2000001,400),(558,2230106,2002005,400),(559,2230106,2002001,400),(560,2230106,4020004,600),(561,2230106,4010003,600),(562,9400000,1302027,7000),(563,9400000,1092008,5000),(564,9400000,1072056,2400),(565,9400000,1050006,2400),(566,9400000,1051011,2400),(567,9400000,1372003,7000),(568,9400000,1452005,7000),(569,9400000,1082032,2400),(570,9400000,1002172,2400),(571,9400000,2060001,200),(572,9400000,2022014,400),(573,9400000,2022021,400),(574,9400000,2000006,400),(575,9400000,2040009,150000),(576,9400000,2040715,150000),(577,9400000,2070002,10000),(578,9400000,4000064,5),(579,9400000,4020006,600),(580,9400000,4010000,600),(581,9400000,4130004,1000),(582,9400000,4130006,1000),(583,9400000,4130005,1000),(584,9400540,1032009,2400),(585,9400540,1032008,2400),(586,9400540,1060050,2400),(587,9400540,2061000,200),(588,9400540,2010004,400),(589,9400540,2000003,400),(590,9400540,2000001,400),(591,9400540,2002001,400),(592,9400540,2040601,12000),(593,9400540,4030012,300),(594,9400540,4010004,600),(595,9400541,2010004,400),(596,2230102,1032000,2400),(597,2230102,1032002,2400),(598,2230102,1002055,2400),(599,2230102,1072039,2400),(600,2230102,1402006,7000),(601,2230102,1432003,7000),(602,2230102,1412011,7000),(603,2230102,1432012,7000),(604,2230102,1051004,2400),(605,2230102,1051005,2400),(606,2230102,1002034,2400),(607,2230102,1002064,2400),(608,2230102,1382017,7000),(609,2230102,1061006,2400),(610,2230102,1041013,2400),(611,2230102,1061024,2400),(612,2230102,1041028,2400),(613,2230102,1452016,7000),(614,2230102,1040079,2400),(615,2230102,1060069,2400),(616,2230102,1452022,7000),(617,2230102,1472009,7000),(618,2230102,1472032,7000),(619,2230102,1332025,7000),(620,2230102,2000003,400),(621,2230102,2000001,400),(622,2230102,2002004,400),(623,2230102,4000021,200),(624,2230102,4004000,1500),(625,2230102,4003004,200),(626,2230102,4006001,1500),(627,2230102,4000020,5),(628,2230102,4020004,600),(629,2230102,4010003,600),(630,9400547,1382002,7000),(631,9400547,1050028,2400),(632,9400547,1061034,2400),(633,9400547,1041041,2400),(634,9400547,1002162,2400),(635,9400547,1082043,2400),(636,9400547,2000003,400),(637,9400547,2000011,400),(638,9400547,2000002,400),(639,9400547,2040801,12000),(640,9400547,2070002,10000),(641,9400547,4004002,1500),(642,9400547,4010002,600),(643,9400547,4010001,600),(644,9400547,4131010,1000),(645,2230100,1032009,2400),(646,2230100,1442014,7000),(647,2230100,1032008,2400),(648,2230100,1051012,2400),(649,2230100,1432002,7000),(650,2230100,1302004,7000),(651,2230100,1002047,2400),(652,2230100,1050000,2400),(653,2230100,1082026,2400),(654,2230100,1050026,2400),(655,2230100,1041007,2400),(656,2230100,1062006,2400),(657,2230100,1041032,2400),(658,2230100,1041060,2400),(659,2230100,1061056,2400),(660,2230100,2000003,400),(661,2230100,2000001,400),(662,2230100,2002001,400),(663,2230100,2044402,8000),(664,2230100,4000007,5),(665,2230100,4020005,600),(666,2230100,4010004,600),(667,2230109,1072054,2400),(668,2230109,1072055,2400),(669,2230109,1032007,2400),(670,2230109,1442011,7000),(671,2230109,1322024,7000),(672,2230109,1040041,2400),(673,2230109,1060030,2400),(674,2230109,1002034,2400),(675,2230109,1002065,2400),(676,2230109,1072027,2400),(677,2230109,1051007,2400),(678,2230109,1060051,2400),(679,2230109,2000003,400),(680,2230109,2002002,400),(681,2230109,2000002,400),(682,2230109,2040801,12000),(683,2230109,2040707,12000),(684,2230109,2070002,10000),(685,2230109,4004002,1500),(686,2230109,4006000,1500),(687,2230109,4020003,600),(688,2230109,4031209,300),(689,2230109,4010001,600),(690,2230109,4131010,1000),(691,2230104,1382002,7000),(692,2230104,1050028,2400),(693,2230104,1061034,2400),(694,2230104,1041041,2400),(695,2230104,1082043,2400),(696,2230104,2000003,400),(697,2230104,2002007,400),(698,2230104,2000002,400),(699,2230104,2040601,12000),(700,2230104,2070002,10000),(701,2230104,4004002,1500),(702,2230104,4004003,1500),(703,2230104,4000098,5),(704,2230104,4010002,600),(705,2230104,4010001,600),(706,2230104,4131010,1000),(707,2230200,1002096,2400),(708,2230200,1322024,7000),(709,2230200,1412000,7000),(710,2230200,1412006,7000),(711,2230200,1422001,7000),(712,2230200,1002160,2400),(713,2230200,1072027,2400),(714,2230200,1462000,7000),(715,2230200,1040072,2400),(716,2230200,1072086,2400),(717,2230200,1040062,2400),(718,2230200,1040062,2400),(719,2230200,1060051,2400),(720,2230200,2060000,200),(721,2230200,2061000,200),(722,2230200,2000003,400),(723,2230200,2000001,400),(724,2230200,2044600,4500),(725,2230200,2040501,12000),(726,2230200,4000165,5),(727,2230200,4004000,1500),(728,2230200,4006000,1500),(729,2230200,4020002,600),(730,2230200,4031209,300),(731,2230200,4010006,600),(732,3000005,1302030,7000),(733,3000005,1082007,2400),(734,3000005,1322014,7000),(735,3000005,1422014,7000),(736,3000005,1002013,2400),(737,3000005,1050030,2400),(738,3000005,1462000,7000),(739,3000005,1072101,2400),(740,3000005,1041058,2400),(741,3000005,1061054,2400),(742,3000005,1040058,2400),(743,3000005,1060044,2400),(744,3000005,1082046,2400),(745,3000005,1472014,7000),(746,3000005,2000003,400),(747,3000005,2000002,400),(748,3000005,2040701,12000),(749,3000005,4000106,5),(750,3000005,4004001,1500),(751,3000005,4020000,600),(752,3000005,4010001,600),(753,3000005,4131003,1000),(754,9400512,1302030,7000),(755,9400507,4031305,300),(756,9400507,4031307,300),(757,9400002,1302017,7000),(758,9400002,1322027,7000),(759,9400002,1032008,2400),(760,9400002,1072039,2400),(761,9400002,1312006,7000),(762,9400002,1051014,2400),(763,9400002,1462004,7000),(764,9400002,1040073,2400),(765,9400002,1002138,2400),(766,9400002,1002139,2400),(767,9400002,2022021,400),(768,9400002,2022013,400),(769,9400002,2043105,150000),(770,9400002,2044005,150000),(771,9400002,2048001,12000),(772,9400002,4000066,5),(773,9400002,4020001,600),(774,9400002,4010001,600),(775,9400002,4130015,1000),(776,9400002,4130013,1000),(777,9400002,4130014,1000),(778,3230400,1092008,5000),(779,3230400,1402010,7000),(780,3230400,1302013,7000),(781,3230400,1442015,7000),(782,3230400,1402008,7000),(783,3230400,1050011,2400),(784,3230400,1302008,7000),(785,3230400,1041084,2400),(786,3230400,1061083,2400),(787,3230400,1402003,7000),(788,3230400,1082052,2400),(789,3230400,1372000,7000),(790,3230400,1062006,2400),(791,3230400,1040025,2400),(792,3230400,1060063,2400),(793,3230400,1452022,7000),(794,3230400,1041049,2400),(795,3230400,1061045,2400),(796,3230400,1041076,2400),(797,3230400,2000003,400),(798,3230400,2000002,400),(799,3230400,2070002,10000),(800,3230400,4004004,1500),(801,3230400,4006001,1500),(802,3230400,4000127,5),(803,3230400,4020007,600),(804,3230400,4031135,300),(805,3230400,4030009,300),(806,3230400,4010001,600),(807,3230400,4130012,1000),(808,3230400,4130013,1000),(809,3000001,1442014,7000),(810,3000001,2050004,600),(811,3000001,2050000,600),(812,3000001,2050001,600),(813,3000001,2050003,600),(814,3000001,2050002,600),(815,3000001,2000003,400),(816,3000001,2000001,400),(817,3000001,4000068,5),(818,3000001,4020001,600),(819,3000001,4020002,600),(820,3000001,4020004,600),(821,3000001,4020006,600),(822,3000001,4010002,600),(823,3000001,4010005,600),(824,3000001,4010004,600),(825,9400001,1041068,2400),(826,9400001,1041067,2400),(827,5200002,1032009,2400),(828,5200002,1041064,2400),(829,5200002,1050000,2400),(830,5200002,1082052,2400),(831,5200002,1061050,2400),(832,5200002,1452006,7000),(833,5200002,1041059,2400),(834,5200002,1061055,2400),(835,5200002,2060001,200),(836,5200002,2061001,200),(837,5200002,2000003,400),(838,5200002,2000001,400),(839,5200002,2040805,8000),(840,5200002,4000085,5),(841,5200002,4006000,1500),(842,5200002,4004001,1500),(843,5200002,4020000,600),(844,5200002,4010005,600),(845,5200001,1322009,7000),(846,5200001,1442003,7000),(847,5200001,1422007,7000),(848,5200001,1050026,2400),(849,5200001,1002142,2400),(850,5200001,1062006,2400),(851,5200001,1040024,2400),(852,5200001,1002168,2400),(853,5200001,1041047,2400),(854,5200001,1061043,2400),(855,5200001,2060001,200),(856,5200001,2061001,200),(857,5200001,2000003,400),(858,5200001,2000001,400),(859,5200001,2041016,12000),(860,5200001,4000084,5),(861,5200001,4006000,1500),(862,5200001,4006001,1500),(863,5200001,4004001,1500),(864,5200001,4020002,600),(865,5200001,4010002,600),(866,3000006,1002020,2400),(867,3000006,1322024,7000),(868,3000006,1322021,7000),(869,3000006,1442007,7000),(870,3000006,1040040,2400),(871,3000006,1060060,2400),(872,3000006,1082005,2400),(873,3000006,1382017,7000),(874,3000006,1050002,2400),(875,3000006,1061048,2400),(876,3000006,1041052,2400),(877,3000006,1462000,7000),(878,3000006,1072103,2400),(879,3000006,1072086,2400),(880,3000006,1332004,7000),(881,3000006,2060000,200),(882,3000006,2061000,200),(883,3000006,2022041,400),(884,3000006,2000003,400),(885,3000006,2000002,400),(886,3000006,2040401,12000),(887,3000006,4000166,5),(888,3000006,4004001,1500),(889,3000006,4020001,600),(890,3000006,4031209,300),(891,3000006,4010005,600),(892,3000006,4131003,1000),(893,9400548,1312016,7000),(894,9400548,1312005,7000),(895,9400548,1082037,2400),(896,9400548,2060000,200),(897,9400548,2000001,400),(898,9400548,4006000,1500),(899,9400548,4020004,600),(900,9400548,4030012,300),(901,9400558,1082023,2400),(902,9400558,1002152,2400),(903,9400558,1040069,2400),(904,9400558,1072120,2400),(905,9400558,1072104,2400),(906,9400558,1002183,2400),(907,9400558,2022248,400),(908,9400558,2022245,400),(909,9400558,4000399,5),(910,3000000,1442014,7000),(911,3000000,1002096,2400),(912,3000000,1312016,7000),(913,3000000,1312005,7000),(914,3000000,1432002,7000),(915,3000000,1382009,7000),(916,3000000,1382018,7000),(917,3000000,1082037,2400),(918,3000000,1040061,2400),(919,3000000,2000003,400),(920,3000000,2000001,400),(921,3000000,2041016,12000),(922,3000000,2041005,8000),(923,3000000,2041004,12000),(924,3000000,4004000,1500),(925,3000000,4000063,5),(926,3000000,4006000,1500),(927,3000000,4020004,600),(928,3000000,4010002,600),(929,3230307,1442015,7000),(930,3230307,1082023,2400),(931,3230307,1051004,2400),(932,3230307,1002036,2400),(933,3230307,1002152,2400),(934,3230307,1051032,2400),(935,3230307,1072120,2400),(936,3230307,1332004,7000),(937,3230307,1002183,2400),(938,3230307,2000003,400),(939,3230307,2000002,400),(940,3230307,2070003,10000),(941,3230307,4000003,5),(942,3230307,4004001,1500),(943,3230307,4000123,5),(944,3230307,4020008,600),(945,3230307,4130014,1000),(946,3210100,1332020,7000),(947,3210100,1060019,2400),(948,3210100,1040026,2400),(949,3210100,1082052,2400),(950,3210100,1072091,2400),(951,3210100,1372012,7000),(952,3210100,1072079,2400),(953,3210100,1452005,7000),(954,3210100,1072103,2400),(955,3210100,1462005,7000),(956,3210100,1082044,2400),(957,3210100,1002178,2400),(958,3210100,1472012,7000),(959,3210100,1472032,7000),(960,3210100,2000003,400),(961,3210100,2000002,400),(962,3210100,2070003,10000),(963,3210100,2070001,10000),(964,3210100,4001000,9000),(965,3210100,4000024,5),(966,3210100,4000021,200),(967,3210100,4006001,1500),(968,3210100,4020000,600),(969,3210100,4010001,600),(970,5300000,1060017,2400),(971,5300000,1040030,2400),(972,5300000,1060020,2400),(973,5300000,1382017,7000),(974,5300000,1002035,2400),(975,5300000,1072075,2400),(976,5300000,1050029,2400),(977,5300000,1082054,2400),(978,5300000,1051023,2400),(979,5300000,1082016,2400),(980,5300000,1002165,2400),(981,5300000,1072081,2400),(982,5300000,1041048,2400),(983,5300000,1061044,2400),(984,5300000,1332014,7000),(985,5300000,2050001,600),(986,5300000,2000003,400),(987,5300000,2000002,400),(988,5300000,2040705,8000),(989,5300000,2070001,10000),(990,5300000,4000086,5),(991,5300000,4004000,1500),(992,5300000,4006001,1500),(993,5300000,4020003,600),(994,5300000,4010001,600),(995,3110100,1322009,7000),(996,3110100,1442011,7000),(997,3110100,1041020,2400),(998,3110100,1061017,2400),(999,3110100,1422001,7000),(1000,3110100,1051013,2400),(1001,3110100,1072112,2400),(1002,3110100,1092012,5000),(1003,3110100,1432005,7000),(1004,3110100,1442024,7000),(1005,3110100,1061047,2400),(1006,3110100,1041051,2400),(1007,3110100,1382009,7000),(1008,3110100,1040022,2400),(1009,3110100,1082049,2400),(1010,3110100,1332014,7000),(1011,3110100,1082046,2400),(1012,3110100,1061078,2400),(1013,3110100,2000003,400),(1014,3110100,2000004,400),(1015,3110100,2000002,400),(1016,3110100,2041002,8000),(1017,3110100,4000032,5),(1018,3110100,4006000,1500),(1019,3110100,4020002,600),(1020,3110100,4010002,600),(1021,3230104,1332020,7000),(1022,3230104,1322025,7000),(1023,3230104,1322026,8000),(1024,3230104,1002023,2400),(1025,3230104,1402006,7000),(1026,3230104,1051014,2400),(1027,3230104,1082023,2400),(1028,3230104,1050003,2400),(1029,3230104,1061048,2400),(1030,3230104,1041052,2400),(1031,3230104,1382018,7000),(1032,3230104,1072114,2400),(1033,3230104,1041056,2400),(1034,3230104,1061052,2400),(1035,3230104,1002135,2400),(1036,3230104,1082073,2400),(1037,3230104,1061045,2400),(1038,3230104,1041050,2400),(1039,3230104,1002184,2400),(1040,3230104,2022040,400),(1041,3230104,2000003,400),(1042,3230104,2000002,400),(1043,3230104,2040801,12000),(1044,3230104,2040701,12000),(1045,3230104,2040707,12000),(1046,3230104,2070002,10000),(1047,3230104,4000167,5),(1048,3230104,4020000,600),(1049,3230104,4031209,300),(1050,3230104,4010001,600),(1051,3110101,1082007,2400),(1052,3110101,1092007,5000),(1053,3110101,1082008,2400),(1054,3110101,1072077,2400),(1055,3110101,1050002,2400),(1056,3110101,1050030,2400),(1057,3110101,1072090,2400),(1058,3110101,1041055,2400),(1059,3110101,1061051,2400),(1060,3110101,1462004,7000),(1061,3110101,1060051,2400),(1062,3110101,1472014,7000),(1063,3110101,2000003,400),(1064,3110101,2002009,400),(1065,3110101,2000002,400),(1066,3110101,2041017,8000),(1067,3110101,2043200,4500),(1068,3110101,4000107,5),(1069,3110101,4004001,1500),(1070,3110101,4020001,600),(1071,3110101,4030014,300),(1072,3110101,4131001,1000),(1073,3110102,1040029,2400),(1074,3110102,1312006,7000),(1075,3110102,1060020,2400),(1076,3110102,1322016,7000),(1077,3110102,1041043,2400),(1078,3110102,1082051,2400),(1079,3110102,1002145,2400),(1080,3110102,1382012,7000),(1081,3110102,1002164,2400),(1082,3110102,1082068,2400),(1083,3110102,1002173,2400),(1084,3110102,1072035,2400),(1085,3110102,2000003,400),(1086,3110102,2002008,400),(1087,3110102,2000002,400),(1088,3110102,2044401,12000),(1089,3110102,4000021,200),(1090,3110102,4004000,1500),(1091,3110102,4000095,5),(1092,3110102,4020002,600),(1093,3110102,4031129,300),(1094,3110102,4010005,600),(1095,3110102,4010001,600),(1096,5300001,1072012,2400),(1097,5300001,1402002,7000),(1098,5300001,1082036,2400),(1099,5300001,1050029,2400),(1100,5300001,1051023,2400),(1101,5300001,1002138,2400),(1102,5300001,1041068,2400),(1103,5300001,1061063,2400),(1104,5300001,1002175,2400),(1105,5300001,1332014,7000),(1106,5300001,1072105,2400),(1107,5300001,2050000,600),(1108,5300001,2000003,400),(1109,5300001,2000002,400),(1110,5300001,2040402,8000),(1111,5300001,4000087,5),(1112,5300001,4006001,1500),(1113,5300001,4004001,1500),(1114,5300001,4020004,600),(1115,5300001,4010000,600),(1116,3210200,1322009,7000),(1117,3210200,1032008,2400),(1118,3210200,1032002,2400),(1119,3210200,1072041,2400),(1120,3210200,1412006,7000),(1121,3210200,1072112,2400),(1122,3210200,1072002,2400),(1123,3210200,1002086,2400),(1124,3210200,1002038,2400),(1125,3210200,1002145,2400),(1126,3210200,1050035,2400),(1127,3210200,1050036,2400),(1128,3210200,1072069,2400),(1129,3210200,1040073,2400),(1130,3210200,1060062,2400),(1131,3210200,1462005,7000),(1132,3210200,1082073,2400),(1133,3210200,1002174,2400),(1134,3210200,1082043,2400),(1135,3210200,1082042,2400),(1136,3210200,1332014,7000),(1137,3210200,1040061,2400),(1138,3210200,1472030,7000),(1139,3210200,2050003,600),(1140,3210200,2000003,400),(1141,3210200,2000002,400),(1142,3210200,2044701,12000),(1143,3210200,2070001,10000),(1144,3210200,4001006,2008),(1145,3210200,4000021,200),(1146,3210200,4004000,1500),(1147,3210200,4000073,5),(1148,3210200,4003004,200),(1149,3210200,4006000,1500),(1150,3210200,4020001,600),(1151,3210200,4020000,600),(1152,3210202,1302017,7000),(1153,3210202,1032011,2400),(1154,3210202,1040028,2400),(1155,3210202,1322015,7000),(1156,3210202,1060020,2400),(1157,3210202,1002037,2400),(1158,3210202,1061049,2400),(1159,3210202,1041053,2400),(1160,3210202,1002163,2400),(1161,3210202,1040067,2400),(1162,3210202,1060056,2400),(1163,3210202,1041054,2400),(1164,3210202,1061050,2400),(1165,3210202,1041066,2400),(1166,3210202,1061061,2400),(1167,3210202,1332001,7000),(1168,3210202,1082045,2400),(1169,3210202,2000003,400),(1170,3210202,2000002,400),(1171,3210202,2041016,12000),(1172,3210202,2043701,12000),(1173,3210202,2070003,10000),(1174,3210202,4000021,200),(1175,3210202,4004003,1500),(1176,3210202,4000073,5),(1177,3210202,4003004,200),(1178,3210202,4006000,1500),(1179,3210202,4020005,600),(1180,3210202,4010001,600),(1181,3210201,1442001,7000),(1182,3210201,1002004,2400),(1183,3210201,1051016,2400),(1184,3210201,1072089,2400),(1185,3210201,1051024,2400),(1186,3210201,1050036,2400),(1187,3210201,1072083,2400),(1188,3210201,1082070,2400),(1189,3210201,1002172,2400),(1190,3210201,1332012,7000),(1191,3210201,1472013,7000),(1192,3210201,2000003,400),(1193,3210201,2000002,400),(1194,3210201,2044501,12000),(1195,3210201,2070003,10000),(1196,3210201,4001006,2008),(1197,3210201,4000021,200),(1198,3210201,4000073,5),(1199,3210201,4003004,200),(1200,3210201,4006000,1500),(1201,3210201,4006001,1500),(1202,3210201,4004001,1500),(1203,3210201,4020007,600),(1204,3210201,4020003,600),(1205,3210201,4010002,600),(1206,9400509,1032013,2400),(1207,9400509,1072126,2400),(1208,9400509,1402007,7000),(1209,9400509,1041089,2400),(1210,9400509,1061088,2400),(1211,9400509,1002028,2400),(1212,9400509,1072115,2400),(1213,9400509,1072114,2400),(1214,9400509,1050054,2400),(1215,9400509,1050058,2400),(1216,9400509,1050060,2400),(1217,9400509,1082074,2400),(1218,9400509,1040094,2400),(1219,9400509,1060083,2400),(1220,9400509,2041018,4500),(1221,9400509,2043002,8000),(1222,9400509,4000070,5),(1223,9400509,4031523,300),(1224,3210205,1051015,2400),(1225,3210205,1002048,2400),(1226,3210205,1061036,2400),(1227,3210205,1041043,2400),(1228,3210205,1050037,2400),(1229,3210205,1382019,7000),(1230,3210205,1040076,2400),(1231,3210205,1060065,2400),(1232,3210205,1002136,2400),(1233,3210205,1040057,2400),(1234,3210205,1060043,2400),(1235,3210205,1082075,2400),(1236,3210205,2050001,600),(1237,3210205,2000003,400),(1238,3210205,2002010,400),(1239,3210205,2000002,400),(1240,3210205,2040703,4500),(1241,3210205,4004002,1500),(1242,3210205,4000096,5),(1243,3210205,4000021,200),(1244,3210205,4020005,600),(1245,3210205,4031093,300),(1246,3210205,4130007,1000),(1247,3210204,1050021,2400),(1248,3210204,1082053,2400),(1249,3210204,1050031,2400),(1250,3210204,1040070,2400),(1251,3210204,1060059,2400),(1252,3210204,1060046,2400),(1253,3210204,1332011,7000),(1254,3210204,2000003,400),(1255,3210204,2000002,400),(1256,3210204,2043202,8000),(1257,3210204,4004002,1500),(1258,3210204,4003005,200),(1259,3210204,4003004,200),(1260,3210204,4000109,5),(1261,3210204,4020006,600),(1262,3210204,4010004,600),(1263,3210204,4130000,1000),(1264,3210207,1082024,2400),(1265,3210207,1412005,7000),(1266,3210207,1372001,7000),(1267,3210207,1082055,2400),(1268,3210207,1050038,2400),(1269,3210207,1082048,2400),(1270,3210207,1041069,2400),(1271,3210207,1061064,2400),(1272,3210207,1002139,2400),(1273,3210207,1452006,7000),(1274,3210207,1002178,2400),(1275,3210207,2000003,400),(1276,3210207,2000002,400),(1277,3210207,2041018,4500),(1278,3210207,2070008,10000),(1279,3210207,4000113,5),(1280,3210207,4004000,1500),(1281,3210207,4020002,600),(1282,3210207,4020000,600),(1283,3210207,4131011,1000),(1284,3230302,1072040,2400),(1285,3230302,1442009,7000),(1286,3230302,1072078,2400),(1287,3230302,1002141,2400),(1288,3230302,1040075,2400),(1289,3230302,1060064,2400),(1290,3230302,1462006,7000),(1291,3230302,1472010,7000),(1292,3230302,1051009,2400),(1293,3230302,1040082,2400),(1294,3230302,1060071,2400),(1295,3230302,2000003,400),(1296,3230302,2000002,400),(1297,3230302,2041023,8000),(1298,3230302,4000099,5),(1299,3230302,4004003,1500),(1300,3230302,4004001,1500),(1301,3230302,4020004,600),(1302,3230302,4030013,300),(1303,3230302,4031089,300),(1304,3230302,4010006,600),(1305,3230302,4131008,1000),(1306,3230100,1322003,7000),(1307,3230100,1442015,7000),(1308,3230100,1060016,2400),(1309,3230100,1040021,2400),(1310,3230100,1002004,2400),(1311,3230100,1432003,7000),(1312,3230100,1002025,2400),(1313,3230100,1002143,2400),(1314,3230100,1051025,2400),(1315,3230100,1050045,2400),(1316,3230100,1040079,2400),(1317,3230100,1060069,2400),(1318,3230100,1040063,2400),(1319,3230100,1060052,2400),(1320,3230100,1002180,2400),(1321,3230100,1061069,2400),(1322,3230100,2000003,400),(1323,3230100,2002005,400),(1324,3230100,2000002,400),(1325,3230100,2044502,8000),(1326,3230100,4001004,9000),(1327,3230100,4000013,5),(1328,3230100,4020006,600),(1329,3230100,4030012,300),(1330,3230100,4010005,600),(1332,9400510,1322003,7000),(1333,9400510,1442015,7000),(1334,9400510,1060016,2400),(1335,9400510,1040021,2400),(1336,9400510,1432003,7000),(1337,9400510,1040086,2400),(1338,9400510,1002025,2400),(1339,9400510,1060074,2400),(1340,9400510,1002143,2400),(1341,9400510,1051025,2400),(1342,9400510,1040079,2400),(1343,9400510,1060069,2400),(1344,9400510,1040063,2400),(1345,9400510,1060052,2400),(1346,9400510,2022066,400),(1347,9400510,2000003,400),(1348,9400510,2002005,400),(1349,9400510,2000002,400),(1350,9400510,2044502,8000),(1351,9400510,4020005,600),(1352,9400510,4031284,300),(1353,9400510,4030012,300),(1354,9400510,4010004,600),(1355,3230300,1442014,7000),(1356,3230300,2000003,400),(1357,3230300,2000002,400),(1358,3230300,4004004,1500),(1359,3230300,4004002,1500),(1360,3230300,4000067,5),(1361,3230300,4004003,1500),(1362,3230300,4004000,1500),(1363,3230300,4006000,1500),(1364,3230300,4006001,1500),(1365,3230300,4004001,1500),(1366,3230300,4020000,600),(1367,3230300,4030012,300),(1368,3230300,4010001,600),(1369,5400000,1432008,7000),(1370,5400000,1051001,2400),(1371,5400000,1040030,2400),(1372,5400000,1422008,7000),(1373,5400000,1002021,2400),(1374,5400000,1422007,7000),(1375,5400000,1382017,7000),(1376,5400000,1082062,2400),(1377,5400000,1041067,2400),(1378,5400000,1061062,2400),(1379,5400000,1072145,2400),(1380,5400000,1060045,2400),(1381,5400000,1040059,2400),(1382,5400000,1002177,2400),(1383,5400000,1002177,2400),(1384,5400000,1072108,2400),(1385,5400000,2050002,600),(1386,5400000,2060001,200),(1387,5400000,2061001,200),(1388,5400000,2000003,400),(1389,5400000,2000002,400),(1390,5400000,2043801,12000),(1391,5400000,2070002,10000),(1392,5400000,4000088,5),(1393,5400000,4004003,1500),(1394,5400000,4006000,1500),(1395,5400000,4020005,600),(1396,5400000,4010003,600),(1397,3230101,1051010,2400),(1398,3230101,1050022,2400),(1399,3230101,1412004,7000),(1400,3230101,1051003,2400),(1401,3230101,1050025,2400),(1402,3230101,1082056,2400),(1403,3230101,1072114,2400),(1404,3230101,1452000,7000),(1405,3230101,1082069,2400),(1406,3230101,1072118,2400),(1407,3230101,1082037,2400),(1408,3230101,1051008,2400),(1409,3230101,1082047,2400),(1410,3230101,1472016,7000),(1411,3230101,2000002,400),(1412,3230101,2043301,12000),(1413,3230101,2040005,8000),(1414,3230101,2048002,8000),(1415,3230101,2048001,12000),(1416,3230101,2070002,10000),(1417,3230101,4004000,1500),(1418,3230101,4000035,5),(1419,3230101,4020004,600),(1420,3230101,4010003,600),(1421,3230200,1302017,7000),(1422,3230200,1092008,5000),(1423,3230200,1432008,7000),(1424,3230200,1322027,7000),(1425,3230200,1082005,2400),(1426,3230200,1092007,5000),(1427,3230200,1302009,7000),(1428,3230200,1051027,2400),(1429,3230200,1002152,2400),(1430,3230200,1082050,2400),(1431,3230200,1040068,2400),(1432,3230200,1060057,2400),(1433,3230200,1072102,2400),(1434,3230200,1462014,7000),(1435,3230200,1041065,2400),(1436,3230200,1061060,2400),(1437,3230200,1452007,7000),(1438,3230200,1072106,2400),(1439,3230200,1002176,2400),(1440,3230200,2000003,400),(1441,3230200,2000002,400),(1442,3230200,2041012,4500),(1443,3230200,2041005,8000),(1444,3230200,2040902,8000),(1445,3230200,4000059,5),(1446,3230200,4003004,200),(1447,3230200,4006000,1500),(1448,3230200,4004001,1500),(1449,3230200,4020000,600),(1450,3230200,4010001,600),(1451,9400542,1050039,2400),(1452,9400542,1332031,7000),(1453,9400542,2060004,200),(1454,9400542,2061004,200),(1455,9400542,2000003,400),(1456,9400542,2002008,400),(1457,9400542,2000002,400),(1458,9400542,2044705,150000),(1459,9400542,4004003,1500),(1460,9400542,4010002,600),(1461,3210206,1332020,7000),(1462,3210206,1072003,2400),(1463,3210206,1040000,2400),(1464,3210206,1051032,2400),(1465,3210206,1072103,2400),(1466,3210206,1002212,2400),(1467,3210206,1072036,2400),(1468,3210206,1002207,2400),(1469,3210206,2000003,400),(1470,3210206,2000002,400),(1471,3210206,2043001,12000),(1472,3210206,2070003,10000),(1473,3210206,4004000,1500),(1474,3210206,4000103,5),(1475,3210206,4020008,600),(1476,3210206,4020005,600),(1477,3210206,4010003,600),(1478,3210206,4131006,1000),(1479,3210203,1040021,2400),(1480,3210203,1060018,2400),(1481,3210203,1312007,7000),(1482,3210203,1082025,2400),(1483,3210203,1072126,2400),(1484,3210203,1050039,2400),(1485,3210203,1072115,2400),(1486,3210203,1002153,2400),(1487,3210203,1072080,2400),(1488,3210203,1002166,2400),(1489,3210203,1051006,2400),(1490,3210203,1332031,7000),(1491,3210203,2002008,400),(1492,3210203,2044501,12000),(1493,3210203,4004003,1500),(1494,3210203,4000108,5),(1495,3210203,4030015,300),(1496,3210203,4010002,600),(1497,3210203,4130003,1000),(1498,3210203,4131009,1000),(1499,3210208,1032008,2400),(1500,3210208,1002048,2400),(1501,3210208,1072127,2400),(1502,3210208,1061048,2400),(1503,3210208,1041052,2400),(1504,3210208,1382018,7000),(1505,3210208,1072117,2400),(1506,3210208,1041065,2400),(1507,3210208,1061060,2400),(1508,3210208,1082072,2400),(1509,3210208,1002173,2400),(1510,3210208,1051008,2400),(1511,3210208,1082076,2400),(1512,3210208,2060000,200),(1513,3210208,2061000,200),(1514,3210208,2000003,400),(1515,3210208,2002005,400),(1516,3210208,2000002,400),(1517,3210208,4004003,1500),(1518,3210208,4010002,600),(1519,3210208,4130003,1000),(1520,3210208,4131009,1000),(1521,3210450,1032010,2400),(1522,3210450,1002023,2400),(1523,3210450,1051015,2400),(1524,3210450,1302004,7000),(1525,3210450,1041042,2400),(1526,3210450,1082063,2400),(1527,3210450,1002163,2400),(1528,3210450,1002137,2400),(1529,3210450,1041050,2400),(1530,3210450,1060045,2400),(1531,3210450,1332014,7000),(1532,3210450,1040062,2400),(1533,3210450,1060051,2400),(1534,3210450,1072110,2400),(1535,3210450,1332031,7000),(1536,3210450,2060000,200),(1537,3210450,2061000,200),(1538,3210450,2022040,400),(1539,3210450,2000003,400),(1540,3210450,2000002,400),(1541,3210450,2040302,8000),(1542,3210450,2070002,10000),(1543,3210450,4000153,5),(1544,3210450,4020001,600),(1545,3210450,4020002,600),(1546,3210450,4020000,600),(1547,3210450,4010002,600),(1548,3210450,4131008,1000),(1549,3230306,1072041,2400),(1550,3230306,1040085,2400),(1551,3230306,1002025,2400),(1552,3230306,1060074,2400),(1553,3230306,1092021,5000),(1554,3230306,1072089,2400),(1555,3230306,1050036,2400),(1556,3230306,1002155,2400),(1557,3230306,1041069,2400),(1558,3230306,1061064,2400),(1559,3230306,1082069,2400),(1560,3230306,1040079,2400),(1561,3230306,1072032,2400),(1562,3230306,1060052,2400),(1563,3230306,1051006,2400),(1564,3230306,1002182,2400),(1565,3230306,2060000,200),(1566,3230306,2061000,200),(1567,3230306,2000003,400),(1568,3230306,2002006,400),(1569,3230306,2000002,400),(1570,3230306,2044201,12000),(1571,3230306,2043702,8000),(1572,3230306,2070003,10000),(1573,3230306,2070004,10000),(1574,3230306,4000115,5),(1575,3230306,4004002,1500),(1576,3230306,4006000,1500),(1577,3230306,4031159,300),(1578,3230306,4010006,600),(1579,3230306,4010001,600),(1580,3230102,1322023,7000),(1581,3230102,1302017,7000),(1582,3230102,1322022,7000),(1583,3230102,1332020,7000),(1584,3230102,1322024,7000),(1585,3230102,1442028,7000),(1586,3230102,1322021,7000),(1587,3230102,1442027,7000),(1588,3230102,1442001,7000),(1589,3230102,1072113,2400),(1590,3230102,1072002,2400),(1591,3230102,1050000,2400),(1592,3230102,1092014,5000),(1593,3230102,1382017,7000),(1594,3230102,1082056,2400),(1595,3230102,1050038,2400),(1596,3230102,1452005,7000),(1597,3230102,1072121,2400),(1598,3230102,1040080,2400),(1599,3230102,1060068,2400),(1600,3230102,1082074,2400),(1601,3230102,1041074,2400),(1602,3230102,1061069,2400),(1603,3230102,2000003,400),(1604,3230102,2000002,400),(1605,3230102,2043301,12000),(1606,3230102,2048005,8000),(1607,3230102,2048002,8000),(1608,3230102,4000043,5),(1609,3230102,4006001,1500),(1610,3230102,4020000,600),(1611,3230102,4030012,300),(1612,3230102,4010005,600),(1613,3210800,1402010,7000),(1614,3210800,1051014,2400),(1615,3210800,1092013,5000),(1616,3210800,1002038,2400),(1617,3210800,1072116,2400),(1618,3210800,1040068,2400),(1619,3210800,1060057,2400),(1620,3210800,1040075,2400),(1621,3210800,1060064,2400),(1622,3210800,1002172,2400),(1623,3210800,1072032,2400),(1624,3210800,1041050,2400),(1625,3210800,1061046,2400),(1626,3210800,1072109,2400),(1627,3210800,1472017,7000),(1628,3210800,2000003,400),(1629,3210800,2041010,12000),(1630,3210800,2070003,10000),(1631,3210800,2070008,10000),(1632,3210800,4000021,200),(1633,3210800,4000026,5),(1634,3210800,4000029,5),(1635,3210800,4003004,200),(1636,3210800,4020003,600),(1637,3210800,4030012,300),(1638,3210800,4010004,600),(1639,3230303,1322003,7000),(1640,3230303,1312005,7000),(1641,3230303,1002092,2400),(1642,3230303,1402003,7000),(1643,3230303,1092021,5000),(1644,3230303,1372003,7000),(1645,3230303,1072091,2400),(1646,3230303,1082080,2400),(1647,3230303,1041081,2400),(1648,3230303,1462007,7000),(1649,3230303,1072104,2400),(1650,3230303,1082046,2400),(1651,3230303,1002181,2400),(1652,3230303,1472018,7000),(1653,3230303,2000003,400),(1654,3230303,2000002,400),(1655,3230303,2043301,12000),(1656,3230303,4000104,5),(1657,3230303,4004001,1500),(1658,3230303,4020004,600),(1659,3230303,4010005,600),(1660,3230303,4131007,1000),(1661,3230405,1312007,7000),(1662,3230405,1302009,7000),(1663,3230405,1082054,2400),(1664,3230405,1372012,7000),(1665,3230405,1040073,2400),(1666,3230405,1332011,7000),(1667,3230405,1332031,7000),(1668,3230405,1072128,2400),(1669,3230405,2060000,200),(1670,3230405,2061000,200),(1671,3230405,2022040,400),(1672,3230405,2002005,400),(1673,3230405,2040300,4500),(1674,3230405,4000154,5),(1675,3230405,4020002,600),(1676,3230405,4031209,300),(1677,3230405,4010000,600),(1678,3230405,4010001,600),(1679,3230103,1442003,7000),(1680,3230103,1002004,2400),(1681,3230103,1082035,2400),(1682,3230103,1002093,2400),(1683,3230103,1002025,2400),(1684,3230103,1072078,2400),(1685,3230103,1050045,2400),(1686,3230103,1452006,7000),(1687,3230103,1041082,2400),(1688,3230103,1061081,2400),(1689,3230103,1472011,7000),(1690,3230103,1072105,2400),(1691,3230103,1040083,2400),(1692,3230103,1060072,2400),(1693,3230103,2000003,400),(1694,3230103,2002007,400),(1695,3230103,2000002,400),(1696,3230103,2040302,8000),(1697,3230103,4000100,5),(1698,3230103,4004000,1500),(1699,3230103,4020001,600),(1700,3230103,4020003,600),(1701,3230103,4131013,1000),(1702,3230304,1072129,2400),(1703,3230304,2000003,400),(1704,3230304,2000002,400),(1705,3230304,2040302,8000),(1706,3230304,4004003,1500),(1707,3230304,4000105,5),(1708,3230304,4020005,600),(1709,3230304,4131005,1000),(1710,3230304,4130007,1000),(1711,3230305,1032002,2400),(1712,3230305,1442009,7000),(1713,3230305,1002099,2400),(1714,3230305,1432012,7000),(1715,3230305,1082064,2400),(1716,3230305,1051033,2400),(1717,3230305,1041066,2400),(1718,3230305,1061061,2400),(1719,3230305,1072119,2400),(1720,3230305,1002184,2400),(1721,3230305,1082075,2400),(1722,3230305,2000003,400),(1723,3230305,2000002,400),(1724,3230305,2041001,12000),(1725,3230305,4000018,5),(1726,3230305,4000110,5),(1727,3230305,4000003,5),(1728,3230305,4004001,1500),(1729,3230305,4020003,600),(1730,3230305,4030009,300),(1731,3230305,4130008,1000),(1732,3230308,1322003,7000),(1733,3230308,1402006,7000),(1734,3230308,1422008,7000),(1735,3230308,1092012,5000),(1736,3230308,1082010,2400),(1737,3230308,1372000,7000),(1738,3230308,1072115,2400),(1739,3230308,1051033,2400),(1740,3230308,1082073,2400),(1741,3230308,1082083,2400),(1742,3230308,1072107,2400),(1743,3230308,1041078,2400),(1744,3230308,2000003,400),(1745,3230308,2002008,400),(1746,3230308,2000002,400),(1747,3230308,4004002,1500),(1748,3230308,4000116,5),(1749,3230308,4003005,200),(1750,3230308,4000003,5),(1751,3230308,4020001,600),(1752,3230308,4020008,600),(1753,3230308,4130005,1000),(1754,4230116,1302016,7000),(1755,4230116,1092007,5000),(1756,4230116,1322015,7000),(1757,4230116,1402006,7000),(1758,4230116,1002028,2400),(1759,4230116,1372001,7000),(1760,4230116,1072120,2400),(1761,4230116,1002211,2400),(1762,4230116,1072109,2400),(1763,4230116,1040084,2400),(1764,4230116,2061000,200),(1765,4230116,2000003,400),(1766,4230116,2002009,400),(1767,4230116,2000002,400),(1768,4230116,2041005,8000),(1769,4230116,2040704,12000),(1770,4230116,4004002,1500),(1771,4230116,4000117,5),(1772,4230116,4031103,300),(1773,4230116,4031674,300),(1774,4230116,4010004,600),(1775,4230116,4010001,600),(1776,4230100,1412004,7000),(1777,4230100,1002098,2400),(1778,4230100,1422014,7000),(1779,4230100,1072132,2400),(1780,4230100,1002103,2400),(1781,4230100,1072090,2400),(1782,4230100,1072140,2400),(1783,4230100,1462004,7000),(1784,4230100,1002169,2400),(1785,4230100,1002166,2400),(1786,4230100,1472013,7000),(1787,4230100,1472017,7000),(1788,4230100,1041075,2400),(1789,4230100,1061070,2400),(1790,4230100,1082066,2400),(1791,4230100,2000003,400),(1792,4230100,2000002,400),(1793,4230100,2040001,12000),(1794,4230100,2070010,10000),(1795,4230100,2070002,10000),(1796,4230100,4000023,5),(1797,4230100,4030012,300),(1798,4230100,4010006,600),(1799,4230100,4010001,600),(1800,9400563,1002021,2400),(1801,9400563,1092029,5000),(1802,9400563,1002143,2400),(1803,9400563,1050036,2400),(1804,9400563,1040076,2400),(1805,9400563,1060065,2400),(1806,9400563,2022251,400),(1807,9400563,2022250,400),(1808,9400563,4000018,5),(1809,9400011,1032008,2400),(1810,9400011,1060075,2400),(1811,9400011,1302009,7000),(1812,9400011,1051032,2400),(1813,9400011,1050048,2400),(1814,9400011,1050048,2400),(1815,9400011,1061071,2400),(1816,9400011,2022027,400),(1817,9400011,2000003,400),(1818,9400011,2000000,400),(1819,9400011,2002004,400),(1820,9400011,2044402,8000),(1821,9400011,2044101,12000),(1822,9400011,4000222,5),(1823,4230201,1082024,2400),(1824,4230201,1082011,2400),(1825,4230201,1082055,2400),(1826,4230201,1051031,2400),(1827,4230201,1072140,2400),(1828,4230201,1072102,2400),(1829,4230201,1462006,7000),(1830,4230201,1051037,2400),(1831,4230201,1072106,2400),(1832,4230201,1041074,2400),(1833,4230201,1061077,2400),(1834,4230201,2060000,200),(1835,4230201,2061000,200),(1836,4230201,2022040,400),(1837,4230201,2000003,400),(1838,4230201,2000002,400),(1839,4230201,4004002,1500),(1840,4230201,4000159,5),(1841,4230201,4020003,600),(1842,4230201,4031209,300),(1843,4230201,4010004,600),(1844,4230201,4130002,1000),(1845,4230200,1002004,2400),(1846,4230200,1041088,2400),(1847,4230200,1051027,2400),(1848,4230200,1002170,2400),(1849,4230200,1072110,2400),(1850,4230200,1002207,2400),(1851,4230200,2022040,400),(1852,4230200,2000003,400),(1853,4230200,2000002,400),(1854,4230200,2040801,12000),(1855,4230200,4000158,5),(1856,4230200,4004001,1500),(1857,4230200,4031209,300),(1858,4230200,4010003,600),(1859,4230200,4010002,600),(1860,4230113,1032018,2400),(1861,4230113,1002047,2400),(1862,4230113,1082023,2400),(1863,4230113,1322017,7000),(1864,4230113,1002142,2400),(1865,4230113,1051025,2400),(1866,4230113,1382019,7000),(1867,4230113,1382001,7000),(1868,4230113,1372007,7000),(1869,4230113,1452016,7000),(1870,4230113,1002139,2400),(1871,4230113,1082071,2400),(1872,4230113,1060050,2400),(1873,4230113,1040061,2400),(1874,4230113,1072108,2400),(1875,4230113,2000003,400),(1876,4230113,2000002,400),(1877,4230113,2044701,12000),(1878,4230113,2043102,8000),(1879,4230113,2040401,12000),(1880,4230113,4004003,1500),(1881,4230113,4000114,5),(1882,4230113,4031098,300),(1883,4230113,4031675,300),(1884,4230113,4010003,600),(1885,4230101,1302013,7000),(1886,4230101,1442003,7000),(1887,4230101,1051001,2400),(1888,4230101,1041086,2400),(1889,4230101,1061085,2400),(1890,4230101,1442005,7000),(1891,4230101,1072078,2400),(1892,4230101,1050039,2400),(1893,4230101,1002151,2400),(1894,4230101,1382001,7000),(1895,4230101,1040074,2400),(1896,4230101,1462006,7000),(1897,4230101,1462007,7000),(1898,4230101,1472030,7000),(1899,4230101,1051009,2400),(1900,4230101,1472015,7000),(1901,4230101,1002185,2400),(1902,4230101,1332025,7000),(1903,4230101,1332003,7000),(1904,4230101,2000003,400),(1905,4230101,2000002,400),(1906,4230101,4000031,5),(1907,4230101,4003004,200),(1908,4230101,4020001,600),(1909,4230101,4010005,600),(1910,9400543,1402007,7000),(1911,9400543,1312008,7000),(1912,9400543,1432004,7000),(1913,9400543,1002143,2400),(1914,9400543,1050039,2400),(1915,9400543,1050036,2400),(1916,9400543,1061082,2400),(1917,9400543,1051038,2400),(1918,9400543,1002176,2400),(1919,9400543,1472019,7000),(1920,9400543,2041005,8000),(1921,9400543,2040804,12000),(1922,9400543,2043002,8000),(1923,9400543,4004000,1500),(1924,9400543,4020007,600),(1925,9400543,4031680,300),(1926,9400543,4130015,1000),(1927,9400543,4130009,1000),(1928,4230107,1332020,7000),(1929,4230107,1040030,2400),(1930,4230107,1060020,2400),(1931,4230107,1072134,2400),(1932,4230107,1051027,2400),(1933,4230107,1050035,2400),(1934,4230107,1082063,2400),(1935,4230107,1051030,2400),(1936,4230107,1050049,2400),(1937,4230107,1040072,2400),(1938,4230107,1060061,2400),(1939,4230107,1082072,2400),(1940,4230107,1452008,7000),(1941,4230107,1040082,2400),(1942,4230107,1060071,2400),(1943,4230107,1072129,2400),(1944,4230107,2000003,400),(1945,4230107,2000002,400),(1946,4230107,2041014,8000),(1947,4230107,2043202,8000),(1948,4230107,4004002,1500),(1949,4230107,4000076,5),(1950,4230107,4003004,200),(1951,4230107,4006000,1500),(1952,4230107,4020007,600),(1953,4230107,4020004,600),(1954,4230107,4010005,600),(1955,4230119,1051016,2400),(1956,4230119,1072002,2400),(1957,4230119,1082025,2400),(1958,4230119,1041084,2400),(1959,4230119,1061083,2400),(1960,4230119,1050035,2400),(1961,4230119,1082080,2400),(1962,4230119,1082068,2400),(1963,4230119,1072124,2400),(1964,4230119,1092019,5000),(1965,4230119,1002178,2400),(1966,4230119,1041075,2400),(1967,4230119,1061070,2400),(1968,4230119,1082067,2400),(1969,4230119,2060000,200),(1970,4230119,2000003,400),(1971,4230119,2002006,400),(1972,4230119,2000002,400),(1973,4230119,2040804,12000),(1974,4230119,4004003,1500),(1975,4230119,4000120,5),(1976,4230119,4020002,600),(1977,4230119,4010005,600),(1978,4230119,4131011,1000),(1979,4230119,4130013,1000),(1980,4230114,1092030,5000),(1981,4230114,1040085,2400),(1982,4230114,1092013,5000),(1983,4230114,1060074,2400),(1984,4230114,1402007,7000),(1985,4230114,1312008,7000),(1986,4230114,1432004,7000),(1987,4230114,1092029,5000),(1988,4230114,1002143,2400),(1989,4230114,1050036,2400),(1990,4230114,1072116,2400),(1991,4230114,1040076,2400),(1992,4230114,1060065,2400),(1993,4230114,1002176,2400),(1994,4230114,1082074,2400),(1995,4230114,2000003,400),(1996,4230114,2002010,400),(1997,4230114,2000002,400),(1998,4230114,2040804,12000),(1999,4230114,4000115,5),(2000,4230114,4004000,1500),(2001,4230114,4020007,600),(2002,4230114,4130015,1000),(2003,4230114,4130009,1000),(2004,4230111,1050021,2400),(2005,4230111,1072127,2400),(2006,4230111,1082025,2400),(2007,4230111,1002021,2400),(2008,4230111,1302010,7000),(2009,4230111,1061047,2400),(2010,4230111,1041051,2400),(2011,4230111,1072116,2400),(2012,4230111,1002153,2400),(2013,4230111,1002155,2400),(2014,4230111,1002168,2400),(2015,4230111,1072123,2400),(2016,4230111,1051007,2400),(2017,4230111,1472032,7000),(2018,4230111,1472018,7000),(2019,4230111,2000003,400),(2020,4230111,2000002,400),(2021,4230111,2040602,8000),(2022,4230111,2043302,8000),(2023,4230111,4000111,5),(2024,4230111,4004001,1500),(2025,4230111,4010002,600),(2026,4230111,4010004,600),(2027,4230111,4130011,1000),(2028,4230109,1302020,7000),(2029,4230109,1032018,2400),(2030,4230109,1402002,7000),(2031,4230109,1040087,2400),(2032,4230109,1060076,2400),(2033,4230109,1092004,5000),(2034,4230109,1051024,2400),(2035,4230109,1002154,2400),(2036,4230109,1072117,2400),(2037,4230109,1082070,2400),(2038,4230109,1452016,7000),(2039,4230109,1462014,7000),(2040,4230109,1002167,2400),(2041,4230109,1462019,7000),(2042,4230109,1462007,7000),(2043,4230109,1002180,2400),(2044,4230109,1472017,7000),(2045,4230109,2000003,400),(2046,4230109,2000002,400),(2047,4230109,2040901,12000),(2048,4230109,4004002,1500),(2049,4230109,4000101,5),(2050,4230109,4010001,600),(2051,4230109,4130010,1000),(2052,4230124,1032012,2400),(2053,4230124,1041085,2400),(2054,4230124,1061084,2400),(2055,4230124,1002045,2400),(2056,4230124,1002085,2400),(2057,4230124,1382018,7000),(2058,4230124,1050037,2400),(2059,4230124,1041067,2400),(2060,4230124,1061062,2400),(2061,4230124,1452007,7000),(2062,4230124,1002213,2400),(2063,4230124,1060085,2400),(2064,4230124,2060000,200),(2065,4230124,2061000,200),(2066,4230124,2000003,400),(2067,4230124,2000004,400),(2068,4230124,2000002,400),(2069,4230124,4004002,1500),(2070,4230124,4004000,1500),(2071,4230124,4000157,5),(2072,4230124,4000155,5),(2073,4230124,4020002,600),(2074,4230124,4020007,600),(2075,4230124,4031209,300),(2076,4230124,4010006,600),(2077,4230103,1072054,2400),(2078,4230103,1312006,7000),(2079,4230103,1092014,5000),(2080,4230103,1322017,7000),(2081,4230103,1002151,2400),(2082,4230103,1072114,2400),(2083,4230103,1051034,2400),(2084,4230103,1452016,7000),(2085,4230103,1072121,2400),(2086,4230103,1452022,7000),(2087,4230103,1050052,2400),(2088,4230103,1050051,2400),(2089,4230103,1002128,2400),(2090,4230103,1332001,7000),(2091,4230103,1002179,2400),(2092,4230103,1082076,2400),(2093,4230103,1472019,7000),(2094,4230103,2000003,400),(2095,4230103,2000004,400),(2096,4230103,2000002,400),(2097,4230103,4020005,600),(2098,4230103,4010003,600),(2099,4230105,1332020,7000),(2100,4230105,1002098,2400),(2101,4230105,1442024,7000),(2102,4230105,1082011,2400),(2103,4230105,1382019,7000),(2104,4230105,1050048,2400),(2105,4230105,1072103,2400),(2106,4230105,1041083,2400),(2107,4230105,1061082,2400),(2108,4230105,1051038,2400),(2109,4230105,1472015,7000),(2110,4230105,1002182,2400),(2111,4230105,1040083,2400),(2112,4230105,1060072,2400),(2113,4230105,1072130,2400),(2114,4230105,2000003,400),(2115,4230105,2000002,400),(2116,4230105,2044501,12000),(2117,4230105,2041001,12000),(2118,4230105,2041011,8000),(2119,4230105,2041012,4500),(2120,4230105,4004003,1500),(2121,4230105,4000058,5),(2122,4230105,4020003,600),(2123,4230105,4010000,600),(2124,4230117,1442014,7000),(2125,4230117,1082036,2400),(2126,4230117,1302015,7000),(2127,4230117,1312008,7000),(2128,4230117,1050049,2400),(2129,4230117,1002217,2400),(2130,4230117,1040080,2400),(2131,4230117,1002212,2400),(2132,4230117,1092020,5000),(2133,4230117,1002208,2400),(2134,4230117,1332003,7000),(2135,4230117,2040707,12000),(2136,4230117,4000118,5),(2137,9300014,4001022,5),(2138,4230108,1432008,7000),(2139,4230108,1072113,2400),(2140,4230108,1422007,7000),(2141,4230108,1040087,2400),(2142,4230108,1002086,2400),(2143,4230108,1442005,7000),(2144,4230108,1050031,2400),(2145,4230108,1002218,2400),(2146,4230108,1041082,2400),(2147,4230108,1061081,2400),(2148,4230108,1082073,2400),(2149,4230108,1072108,2400),(2150,4230108,1472018,7000),(2151,4230108,1041095,2400),(2152,4230108,2000003,400),(2153,4230108,2000002,400),(2154,4230108,2041017,8000),(2155,4230108,2070002,10000),(2156,4230108,4000078,5),(2157,4230108,4000021,200),(2158,4230108,4004003,1500),(2159,4230108,4003004,200),(2160,4230108,4020006,600),(2161,4230108,4010001,600),(2162,9300008,4001022,5),(2163,4230123,1002024,2400),(2164,4230123,1472017,7000),(2165,4230123,2000003,400),(2166,4230123,2000004,400),(2167,4230123,2002004,400),(2168,4230123,2000002,400),(2169,4230123,2070002,10000),(2170,4230123,4004003,1500),(2171,4230123,4000157,5),(2172,4230123,4000156,5),(2173,4230123,4003004,200),(2174,4230123,4020008,600),(2175,4230123,4020004,600),(2176,4230123,4031209,300),(2177,4230123,4130015,1000),(2178,9400546,1302016,7000),(2179,9400546,1082025,2400),(2180,9400546,1040085,2400),(2181,9400546,1402003,7000),(2182,9400546,1051026,2400),(2183,9400546,1072101,2400),(2184,9400546,1002169,2400),(2185,9400546,1002214,2400),(2186,9400546,1472020,7000),(2187,9400546,2000004,400),(2188,9400546,2002008,400),(2189,9400546,2044301,12000),(2190,9400546,2044002,8000),(2191,9400546,4031681,300),(2192,9400546,4130015,1000),(2193,4230112,1302016,7000),(2194,4230112,1072000,2400),(2195,4230112,1302010,7000),(2196,4230112,1402003,7000),(2197,4230112,1412003,7000),(2198,4230112,1051026,2400),(2199,4230112,1072101,2400),(2200,4230112,1002169,2400),(2201,4230112,1002214,2400),(2202,4230112,1072110,2400),(2203,4230112,1472032,7000),(2204,4230112,1040097,2400),(2205,4230112,1060086,2400),(2206,4230112,1472020,7000),(2207,4230112,2060000,200),(2208,4230112,2061000,200),(2209,4230112,2000004,400),(2210,4230112,2002008,400),(2211,4230112,2000002,400),(2212,4230112,2040004,12000),(2213,4230112,2040502,8000),(2214,4230112,4000112,5),(2215,4230112,4004001,1500),(2216,4230112,4031115,300),(2217,4230120,1041086,2400),(2218,4230120,1061085,2400),(2219,4230120,1432004,7000),(2220,4230120,1002141,2400),(2221,4230120,1051030,2400),(2222,4230120,1051031,2400),(2223,4230120,1002135,2400),(2224,4230120,1082084,2400),(2225,4230120,1452008,7000),(2226,4230120,1051039,2400),(2227,4230120,1040084,2400),(2228,4230120,1060073,2400),(2229,4230120,2061000,200),(2230,4230120,2000004,400),(2231,4230120,2000002,400),(2232,4230120,2040804,12000),(2233,4230120,4006001,1500),(2234,4230120,4010005,600),(2235,4230125,1002081,2400),(2236,4230125,1072126,2400),(2237,4230125,1422007,7000),(2238,4230125,1082059,2400),(2239,4230125,1382019,7000),(2240,4230125,1050052,2400),(2241,4230125,1072108,2400),(2242,4230125,2000003,400),(2243,4230125,2000002,400),(2244,4230125,4010000,600),(2245,4230125,4010004,600),(2246,4130100,1050022,2400),(2247,4130100,1322016,7000),(2248,4130100,1002045,2400),(2249,4130100,1302010,7000),(2250,4130100,1072133,2400),(2251,4130100,1082064,2400),(2252,4130100,1382001,7000),(2253,4130100,1050046,2400),(2254,4130100,1002138,2400),(2255,4130100,1040079,2400),(2256,4130100,1060069,2400),(2257,4130100,1072125,2400),(2258,4130100,1472012,7000),(2259,4130100,1472032,7000),(2260,4130100,2000004,400),(2261,4130100,2044702,8000),(2262,4130100,4000030,5),(2263,4130100,4000014,5),(2264,4130100,4006001,1500),(2265,4130100,4020008,600),(2266,4130100,4010005,600),(2267,9400004,1302025,7000),(2268,9400004,1060077,2400),(2269,9400004,1382001,7000),(2270,9400004,1061080,2400),(2271,9400004,2041005,8000),(2272,9400004,2070004,10000),(2273,9400004,4004004,1500),(2274,9400004,4020002,600),(2275,9400004,4020007,600),(2276,9400004,4010002,600),(2277,4230400,1032018,2400),(2278,4230400,1072126,2400),(2279,4230400,1072116,2400),(2280,4230400,1050047,2400),(2281,4230400,1082071,2400),(2282,4230400,1041082,2400),(2283,4230400,1061081,2400),(2284,4230400,1002184,2400),(2285,4230400,2060000,200),(2286,4230400,2061000,200),(2287,4230400,2000003,400),(2288,4230400,2000004,400),(2289,4230400,2000002,400),(2290,4230400,2044001,12000),(2291,4230400,4000178,5),(2292,4230400,4004001,1500),(2293,4230400,4020008,600),(2294,4230400,4010001,600),(2295,4230110,1302013,7000),(2296,4230110,1002004,2400),(2297,4230110,1041084,2400),(2298,4230110,1072135,2400),(2299,4230110,1040088,2400),(2300,4230110,1060077,2400),(2301,4230110,1002144,2400),(2302,4230110,1082081,2400),(2303,4230110,1041067,2400),(2304,4230110,1002170,2400),(2305,4230110,1462019,7000),(2306,4230110,1082083,2400),(2307,4230110,1040082,2400),(2308,4230110,1060071,2400),(2309,4230110,1002181,2400),(2310,4230110,2060000,200),(2311,4230110,2061000,200),(2312,4230110,2000004,400),(2313,4230110,2000002,400),(2314,4230110,2040504,12000),(2315,4230110,2040504,12000),(2316,4230110,2044301,12000),(2317,4230110,2044301,12000),(2318,4230110,2044002,8000),(2319,4230110,4000102,5),(2320,4230110,4004000,1500),(2321,4230110,4020008,600),(2322,4230106,1302016,7000),(2323,4230106,1082036,2400),(2324,4230106,1040086,2400),(2325,4230106,1060075,2400),(2326,4230106,1051032,2400),(2327,4230106,1002216,2400),(2328,4230106,1060070,2400),(2329,4230106,1072118,2400),(2330,4230106,1040081,2400),(2331,4230106,1050052,2400),(2332,4230106,1082045,2400),(2333,4230106,1002210,2400),(2334,4230106,1041080,2400),(2335,4230106,1061079,2400),(2336,4230106,2000003,400),(2337,4230106,2000002,400),(2338,4230106,2041012,4500),(2339,4230106,2040705,8000),(2340,4230106,2070002,10000),(2341,4230106,4000060,5),(2342,4230106,4003004,200),(2343,4230106,4006000,1500),(2344,4230106,4004001,1500),(2345,4230106,4020005,600),(2346,4230106,4010004,600),(2347,4230300,1032011,2400),(2348,4230300,1302016,7000),(2349,4230300,1102001,2400),(2350,4230300,1072109,2400),(2351,4230300,2000003,400),(2352,4230300,2000006,400),(2353,4230300,2000002,400),(2354,4230300,2070002,10000),(2355,4230300,4000021,200),(2356,4230300,4006000,1500),(2357,4230300,4004001,1500),(2358,4230300,4020005,600),(2359,4230300,4010004,600),(2360,4230118,1032012,2400),(2361,4230118,1082024,2400),(2362,4230118,1041085,2400),(2363,4230118,1002024,2400),(2364,4230118,1422005,7000),(2365,4230118,1050038,2400),(2366,4230118,1002155,2400),(2367,4230118,1041068,2400),(2368,4230118,1472021,7000),(2369,4230118,2002009,400),(2370,4230118,2000004,400),(2371,4230118,2040802,8000),(2372,4230118,2070004,10000),(2373,4230118,4004001,1500),(2374,4230118,4010003,600),(2375,4230118,4010002,600),(2376,4230118,4130006,1000),(2377,4230115,1060075,2400),(2378,4230115,1072000,2400),(2379,4230115,1422005,7000),(2380,4230115,1041088,2400),(2381,4230115,1061087,2400),(2382,4230115,1372007,7000),(2383,4230115,1050049,2400),(2384,4230115,1072141,2400),(2385,4230115,1082069,2400),(2386,4230115,1040079,2400),(2387,4230115,1060069,2400),(2388,4230115,1072118,2400),(2389,4230115,1082065,2400),(2390,4230115,1472021,7000),(2391,4230115,2000003,400),(2392,4230115,2000004,400),(2393,4230115,2002010,400),(2394,4230115,2000002,400),(2395,4230115,2043802,8000),(2396,4230115,2044102,8000),(2397,4230115,2070004,10000),(2398,4230115,4000115,5),(2399,4230115,4004003,1500),(2400,4230115,4006000,1500),(2401,4230115,4006001,1500),(2402,4230115,4020000,600),(2403,4230115,4020006,600),(2404,4230115,4030012,300),(2405,4230115,4130012,1000),(2406,4230121,1442016,7000),(2407,4230121,1051015,2400),(2408,4230121,1412003,7000),(2409,4230121,1040089,2400),(2410,4230121,1060078,2400),(2411,4230121,1061049,2400),(2412,4230121,1041053,2400),(2413,4230121,1051024,2400),(2414,4230121,1002155,2400),(2415,4230121,1372007,7000),(2416,4230121,1082072,2400),(2417,4230121,1452008,7000),(2418,4230121,1082047,2400),(2419,4230121,1002184,2400),(2420,4230121,1041077,2400),(2421,4230121,1061076,2400),(2422,4230121,2060000,200),(2423,4230121,2061000,200),(2424,4230121,2000004,400),(2425,4230121,2000002,400),(2426,4230121,2043802,8000),(2427,4230121,2043802,8000),(2428,4230121,4004000,1500),(2429,4230121,4020004,600),(2430,4230121,4131012,1000),(2431,4130101,1322022,7000),(2432,4130101,1442011,7000),(2433,4130101,1442016,7000),(2434,4130101,1322021,7000),(2435,4130101,1322026,8000),(2436,4130101,1041089,2400),(2437,4130101,1061088,2400),(2438,4130101,1402003,7000),(2439,4130101,1092004,5000),(2440,4130101,1002152,2400),(2441,4130101,1072142,2400),(2442,4130101,1041081,2400),(2443,4130101,1061080,2400),(2444,4130101,1072124,2400),(2445,4130101,1040049,2400),(2446,4130101,1472016,7000),(2447,4130101,1002183,2400),(2448,4130101,1041079,2400),(2449,4130101,1061078,2400),(2450,4130101,2000003,400),(2451,4130101,2000004,400),(2452,4130101,2000002,400),(2453,4130101,2041013,12000),(2454,4130101,2040805,8000),(2455,4130101,4000045,5),(2456,4130101,4020001,600),(2457,4130101,4030012,300),(2458,4130101,4010002,600),(2459,4130102,1302013,7000),(2460,4130102,1002092,2400),(2461,4130102,1041087,2400),(2462,4130102,1061086,2400),(2463,4130102,1051027,2400),(2464,4130102,1082063,2400),(2465,4130102,1040095,2400),(2466,4130102,1060084,2400),(2467,4130102,2000003,400),(2468,4130102,2000004,400),(2469,4130102,2000002,400),(2470,4130102,2041014,8000),(2471,4130102,2044201,12000),(2472,4130102,4004004,1500),(2473,4130102,4000062,5),(2474,4130102,4004000,1500),(2475,4130102,4006001,1500),(2476,4130102,4020006,600),(2477,4130102,4010003,600),(2478,4230126,1082010,2400),(2479,4230126,1041082,2400),(2480,4230126,1041079,2400),(2481,4230126,1061078,2400),(2482,4230126,2000003,400),(2483,4230126,2000006,400),(2484,4230126,2000002,400),(2485,4230126,2044201,12000),(2486,4230126,4006001,1500),(2487,4230126,4010003,600),(2488,9300010,4001022,5),(2489,4130103,1442009,9000),(2490,4130103,1432004,9000),(2491,4130103,1372012,9000),(2492,4130103,1372007,9000),(2493,4130103,1082071,2400),(2494,4130103,1462006,9000),(2495,4130103,1040063,2400),(2496,4130103,1472013,9000),(2497,4130103,1041080,2400),(2498,4130103,2000004,600),(2499,4130103,2000002,600),(2500,4130103,4004002,1500),(2501,4130103,4006000,4501),(2502,4130103,4020008,600),(2503,4130103,4020007,600),(2504,4130103,4020000,600),(2505,4130103,4010000,600),(2506,4130103,4131009,600),(2507,4230104,1442011,7000),(2508,4230104,1302016,7000),(2509,4230104,1002025,2400),(2510,4230104,1402003,7000),(2511,4230104,1002085,2400),(2512,4230104,1041087,2400),(2513,4230104,1061086,2400),(2514,4230104,1412003,7000),(2515,4230104,1382001,7000),(2516,4230104,1002217,2400),(2517,4230104,1041082,2400),(2518,4230104,1061081,2400),(2519,4230104,1041081,2400),(2520,4230104,1040083,2400),(2521,4230104,1060072,2400),(2522,4230104,1040095,2400),(2523,4230104,1041079,2400),(2524,4230104,1061078,2400),(2525,4230104,2000003,400),(2526,4230104,2000004,400),(2527,4230104,2043201,12000),(2528,4230104,4000044,5),(2529,4230104,4020002,600),(2530,4230104,4010003,600),(2531,4230102,1032008,2400),(2532,4230102,1302013,7000),(2533,4230102,1040085,2400),(2534,4230102,1002099,2400),(2535,4230102,1060074,2400),(2536,4230102,1072114,2400),(2537,4230102,1072141,2400),(2538,4230102,1002215,2400),(2539,4230102,1002211,2400),(2540,4230102,1002212,2400),(2541,4230102,1040060,2400),(2542,4230102,1060050,2400),(2543,4230102,1040061,2400),(2544,4230102,1472030,7000),(2545,4230102,1082066,2400),(2546,4230102,1002207,2400),(2547,4230102,2000003,400),(2548,4230102,2000004,400),(2549,4230102,2000002,400),(2550,4230102,4004004,1500),(2551,4230102,4000036,5),(2552,4230102,4006001,1500),(2553,4230102,4020000,600),(2554,4230102,4030012,300),(2555,4230102,4010001,600),(2556,4240000,1102016,2400),(2557,4240000,1002101,2400),(2558,4240000,1002216,2400),(2559,4240000,1082080,2400),(2560,4240000,1041083,2400),(2561,4240000,1061082,2400),(2562,4240000,1072122,2400),(2563,4240000,2000004,400),(2564,4240000,2043801,12000),(2565,4240000,4000125,5),(2566,4240000,4006001,1500),(2567,4240000,4130015,1000),(2568,9500172,2020016,600),(2569,9500172,2020019,600),(2570,9500172,2020018,600),(2571,9500172,2020017,600),(2572,9500172,2020020,600),(2573,9500172,2000004,600),(2574,9500172,2000002,600),(2575,5130100,1041014,2400),(2576,5130100,1412005,7000),(2577,5130100,1432005,7000),(2578,5130100,1422014,7000),(2579,5130100,1040089,2400),(2580,5130100,1060078,2400),(2581,5130100,1072116,2400),(2582,5130100,1051030,2400),(2583,5130100,1382006,7000),(2584,5130100,1051045,2400),(2585,5130100,1452007,7000),(2586,5130100,1452022,7000),(2587,5130100,1051037,2400),(2588,5130100,1082083,2400),(2589,5130100,1072108,2400),(2590,5130100,1472017,7000),(2591,5130100,1041079,2400),(2592,5130100,1041077,2400),(2593,5130100,1061076,2400),(2594,5130100,2012000,400),(2595,5130100,2012003,400),(2596,5130100,2000004,400),(2597,5130100,2000002,400),(2598,5130100,2070003,10000),(2599,5130100,4000030,5),(2600,5130100,4000014,5),(2601,5130100,4020007,600),(2602,5130100,4030012,300),(2603,5130100,4010006,600),(2604,9400544,1302016,7000),(2605,9400544,1002025,2400),(2606,9400544,1002085,2400),(2607,9400544,1041087,2400),(2608,9400544,1061086,2400),(2609,9400544,1412003,7000),(2610,9400544,1382001,7000),(2611,9400544,1002217,2400),(2612,9400544,1382006,7000),(2613,9400544,1041082,2400),(2614,9400544,1061081,2400),(2615,9400544,1060050,2400),(2616,9400544,1040083,2400),(2617,9400544,1040095,2400),(2618,9400544,1060084,2400),(2619,9400544,1061077,2400),(2620,9400544,2000003,400),(2621,9400544,2000004,400),(2622,9400544,2044004,8000),(2623,9400544,2044002,8000),(2624,9400544,2070005,10000),(2625,9400544,4003005,200),(2626,9400544,4020002,600),(2627,9400544,4030012,300),(2628,9400544,4131009,1000),(2629,9400544,4130011,1000),(2630,5100003,1442016,7000),(2631,5100003,1322017,7000),(2632,5100003,1051038,2400),(2633,5100003,1332011,7000),(2634,5100003,2000003,400),(2635,5100003,2000006,400),(2636,5100003,2000002,400),(2637,5100003,2002003,400),(2638,5100003,2040901,12000),(2639,5100003,4004002,1500),(2640,5100003,4000021,200),(2641,5100003,4020001,600),(2642,5100003,4010002,600),(2643,5100000,1092030,5000),(2644,5100000,1002100,2400),(2645,5100000,1072089,2400),(2646,5100000,1051044,2400),(2647,5100000,1051045,2400),(2648,5100000,1452006,7000),(2649,5100000,1051037,2400),(2650,5100000,1082038,2400),(2651,5100000,1041096,2400),(2652,5100000,1061095,2400),(2653,5100000,2000003,400),(2654,5100000,2000004,400),(2655,5100000,2000002,400),(2656,5100000,2044602,8000),(2657,5100000,2040804,12000),(2658,5100000,4004002,1500),(2659,5100000,4000048,5),(2660,5100000,4000021,200),(2661,5100000,4003005,200),(2662,5100000,4020001,600),(2663,5100000,4010002,600),(2664,9400560,2022250,400),(2665,9400560,2022246,400),(2666,9400560,2022249,400),(2667,9400560,4000400,5),(2668,5120503,1060077,2400),(2669,5120503,1072118,2400),(2670,5120503,2000003,400),(2671,5120503,2000002,400),(2672,5120503,2002003,400),(2673,5120503,2044602,8000),(2674,5120503,2040901,12000),(2675,5120503,4004002,1500),(2676,5120503,4000286,5),(2677,5120503,4020005,600),(2678,5100002,1302009,7000),(2679,5100002,1060076,2400),(2680,5100002,1041076,2400),(2681,5100002,1060073,2400),(2682,5100002,1002209,2400),(2683,5100002,1072150,2400),(2684,5100002,2041010,12000),(2685,5100002,4000081,5),(2686,5100002,4004000,1500),(2687,5100002,4020000,600),(2688,5100002,4030012,300),(2689,5100002,4010001,600),(2690,5120504,1092007,5000),(2691,5120504,4000287,5),(2692,5130103,1092009,5000),(2693,5130103,1382019,7000),(2694,5130103,1050046,2400),(2695,5130103,1002218,2400),(2696,5130103,1051037,2400),(2697,5130103,1332031,7000),(2698,5130103,1041079,2400),(2699,5130103,1061078,2400),(2700,5130103,1002210,2400),(2701,5130103,1082092,2400),(2702,5130103,1040098,2400),(2703,5130103,1060087,2400),(2704,5130103,2000003,400),(2705,5130103,2000004,400),(2706,5130103,2000002,400),(2707,5130103,4000033,5),(2708,5130103,4020004,600),(2709,5130103,4010000,600),(2710,5120000,1092007,5000),(2711,5120000,1422007,7000),(2712,5120000,1002086,2400),(2713,5120000,1040088,2400),(2714,5120000,1060077,2400),(2715,5120000,1072134,2400),(2716,5120000,1051034,2400),(2717,5120000,1051033,2400),(2718,5120000,1082086,2400),(2719,5120000,1060070,2400),(2720,5120000,1072118,2400),(2721,5120000,1040081,2400),(2722,5120000,1072144,2400),(2723,5120000,1002185,2400),(2724,5120000,1072128,2400),(2725,5120000,1002210,2400),(2726,5120000,2000003,400),(2727,5120000,2000004,400),(2728,5120000,2000002,400),(2729,5120000,2041017,8000),(2730,5120000,2040504,12000),(2731,5120000,2070002,10000),(2732,5120000,4004004,1500),(2733,5120000,4000061,5),(2734,5120000,4004000,1500),(2735,5120000,4006001,1500),(2736,5120000,4020002,600),(2737,5120000,4010006,600),(2738,5120501,1082004,2400),(2739,5120501,1040057,2400),(2740,5120001,1032013,2400),(2741,5120001,1072126,2400),(2742,5120001,1402007,7000),(2743,5120001,1041089,2400),(2744,5120001,1061088,2400),(2745,5120001,1002028,2400),(2746,5120001,1072115,2400),(2747,5120001,1050054,2400),(2748,5120001,1050058,2400),(2749,5120001,1082074,2400),(2750,5120001,1072131,2400),(2751,5120001,1040094,2400),(2752,5120001,1060083,2400),(2753,5120001,2000003,400),(2754,5120001,2000004,400),(2755,5120001,2000002,400),(2756,5120001,2041014,8000),(2757,5120001,2043002,8000),(2758,5120001,4000070,5),(2759,5120001,4004000,1500),(2760,5120001,4003005,200),(2761,5120001,4006001,1500),(2762,5120001,4020000,600),(2763,5120001,4010005,600),(2764,5120003,1032011,2400),(2765,5120003,1032019,2400),(2766,5120003,1322025,7000),(2767,5120003,1041085,2400),(2768,5120003,1061084,2400),(2769,5120003,1072135,2400),(2770,5120003,1322018,7000),(2771,5120003,1040102,3000),(2772,5120003,1002038,2400),(2773,5120003,1002153,2400),(2774,5120003,1051034,2400),(2775,5120003,1050047,2400),(2776,5120003,1082082,2400),(2777,5120003,1382006,7000),(2778,5120003,1050052,2400),(2779,5120003,1002181,2400),(2780,5120003,1041078,2400),(2781,5120003,1061077,2400),(2782,5120003,1332015,7000),(2783,5120003,2000003,400),(2784,5120003,2000004,400),(2785,5120003,2000002,400),(2786,5120003,2041023,8000),(2787,5120003,2041023,8000),(2788,5120003,2044002,8000),(2789,5120003,2070010,10000),(2790,5120003,2070004,10000),(2791,5120003,4000072,5),(2792,5120003,4004003,1500),(2793,5120003,4003005,200),(2794,5120003,4006000,1500),(2795,5120003,4020005,600),(2796,5120003,4010001,600),(2797,5100005,2000003,400),(2798,5100005,2000006,400),(2799,5100005,2000002,400),(2800,5100005,2070004,10000),(2801,5100005,4000021,200),(2802,5100005,4004003,1500),(2803,5100005,4006000,1500),(2804,5100005,4010005,600),(2805,5100005,4010001,600),(2806,5120002,1312007,7000),(2807,5120002,1002045,2400),(2808,5120002,1002024,2400),(2809,5120002,1302010,7000),(2810,5120002,1082009,2400),(2811,5120002,1082081,2400),(2812,5120002,1051041,2400),(2813,5120002,1002267,2400),(2814,5120002,1040084,2400),(2815,5120002,1002181,2400),(2816,5120002,1072131,2400),(2817,5120002,2000003,400),(2818,5120002,2000004,400),(2819,5120002,2000002,400),(2820,5120002,2041017,8000),(2821,5120002,2044001,12000),(2822,5120002,4000071,5),(2823,5120002,4003005,200),(2824,5120002,4006001,1500),(2825,5120002,4004001,1500),(2826,5120002,4020003,600),(2827,5120002,4010002,600),(2828,5120100,1032014,2400),(2829,5120100,1092010,2400),(2830,5120100,1402011,9000),(2831,5120100,1412007,9000),(2832,5120100,1002154,2400),(2833,5120100,1072142,2400),(2834,5120100,1041082,2400),(2835,5120100,1002211,2400),(2836,5120100,1040096,2400),(2837,5120100,1072130,2400),(2838,5120100,2060000,600),(2839,5120100,2061000,600),(2840,5120100,2002010,600),(2841,5120100,2000002,600),(2842,5120100,4000126,5),(2843,5120100,4011007,600),(2844,5120502,1051034,2400),(2845,5120502,4004004,1500),(2846,5130104,1102000,2400),(2847,5130104,1072127,2400),(2848,5130104,1422009,7000),(2849,5130104,1040102,3000),(2850,5130104,1082064,2400),(2851,5130104,1002215,2400),(2852,5130104,1072119,2400),(2853,5130104,1050052,2400),(2854,5130104,1002213,2400),(2855,5130104,1462008,7000),(2856,5130104,1050062,3000),(2857,5130104,1082075,2400),(2858,5130104,1040097,2400),(2859,5130104,1060086,2400),(2860,5130104,2000003,400),(2861,5130104,2000004,400),(2862,5130104,2041019,12000),(2863,5130104,2070003,10000),(2864,5130104,4000051,5),(2865,5130104,4000021,200),(2866,5130104,4004003,1500),(2867,5130104,4003004,200),(2868,5130104,4020001,600),(2869,5130104,4010001,600),(2870,5300100,1032019,2400),(2871,5300100,1060000,2400),(2872,5300100,1040086,2400),(2873,5300100,1002092,2400),(2874,5300100,1082011,2400),(2875,5300100,1040090,2400),(2876,5300100,1060079,2400),(2877,5300100,1382001,7000),(2878,5300100,1051031,2400),(2879,5300100,1072143,2400),(2880,5300100,1072137,2400),(2881,5300100,1002159,2400),(2882,5300100,1002168,2400),(2883,5300100,1462019,7000),(2884,5300100,1452008,7000),(2885,5300100,1051039,2400),(2886,5300100,1452004,7000),(2887,5300100,1472020,7000),(2888,5300100,1332003,7000),(2889,5300100,1082093,2400),(2890,5300100,2000003,400),(2891,5300100,2000004,400),(2892,5300100,2000002,400),(2893,5300100,2043801,12000),(2894,5300100,4004004,1500),(2895,5300100,4000041,5),(2896,5300100,4006000,1500),(2897,5300100,4020008,600),(2898,5300100,4010006,600),(2899,5130101,1092002,5000),(2900,5130101,1082025,2400),(2901,5130101,1002086,2400),(2902,5130101,1041091,2400),(2903,5130101,1061090,2400),(2904,5130101,1312009,7000),(2905,5130101,1372012,7000),(2906,5130101,1050048,2400),(2907,5130101,1072143,2400),(2908,5130101,1072121,2400),(2909,5130101,1082076,2400),(2910,5130101,1041080,2400),(2911,5130101,1061079,2400),(2912,5130101,1002247,2400),(2913,5130101,2000003,400),(2914,5130101,2000004,400),(2915,5130101,2044501,12000),(2916,5130101,2044601,12000),(2917,5130101,2070002,10000),(2918,5130101,4000022,5),(2919,5130101,4020008,600),(2920,5130105,1061085,2400),(2921,5130105,1382006,7000),(2922,5130105,1050062,3000),(2923,5130105,1072151,2400),(2924,5130105,1041100,3000),(2925,5130105,2000003,400),(2926,5130105,2000004,400),(2927,5130105,2043701,12000),(2928,5130105,4004004,1500),(2929,5130105,4000055,5),(2930,5130105,4004002,1500),(2931,5130105,4003004,200),(2932,5130105,4020004,600),(2933,5100004,2000003,400),(2934,5100004,2000006,400),(2935,5100004,4004004,1500),(2936,5100004,4004002,1500),(2937,5100004,4000021,200),(2938,5100004,4020004,600),(2939,5100004,4010005,600),(2940,5130107,1032019,2400),(2941,5130107,1102016,2400),(2942,5130107,1322016,7000),(2943,5130107,1312008,7000),(2944,5130107,1040092,2400),(2945,5130107,1060081,2400),(2946,5130107,1072117,2400),(2947,5130107,1082062,2400),(2948,5130107,1372007,7000),(2949,5130107,1002244,2400),(2950,5130107,1082071,2400),(2951,5130107,1051039,2400),(2952,5130107,1002269,2400),(2953,5130107,1050062,3000),(2954,5130107,1072109,2400),(2955,5130107,1040094,2400),(2956,5130107,1060083,2400),(2957,5130107,1002247,2400),(2958,5130107,1060093,3000),(2959,5130107,1040105,3000),(2960,5130107,2000003,400),(2961,5130107,2000004,400),(2962,5130107,2000002,400),(2963,5130107,4004000,1500),(2964,5130107,4000069,5),(2965,5130107,4020006,600),(2966,5130107,4010000,600),(2967,5130108,1032018,2400),(2968,5130108,1442017,7000),(2969,5130108,1102017,2400),(2970,5130108,1041084,2400),(2971,5130108,1092011,5000),(2972,5130108,1002084,2400),(2973,5130108,1002155,2400),(2974,5130108,1051046,2400),(2975,5130108,1002169,2400),(2976,5130108,1050062,3000),(2977,5130108,1332011,7000),(2978,5130108,1082094,2400),(2979,5130108,1061099,3000),(2980,5130108,2000003,400),(2981,5130108,2000004,400),(2982,5130108,2000002,400),(2983,5130108,2040402,8000),(2984,5130108,4004002,1500),(2985,5130108,4000082,2400),(2986,5130108,4000069,5),(2987,5130108,4020004,600),(2988,5130108,4010001,600),(2989,5150001,1072132,2400),(2990,5150001,1040092,2400),(2991,5150001,1060081,2400),(2992,5150001,1072142,2400),(2993,5150001,1051045,2400),(2994,5150001,1002252,3000),(2995,5150001,1072122,2400),(2996,5150001,1050059,2400),(2997,5150001,1072128,2400),(2998,5150001,1040098,2400),(2999,5150001,1060087,2400),(3000,5150001,1002281,3000),(3001,5150001,2000003,400),(3002,5150001,2000004,400),(3003,5150001,2040804,12000),(3004,5150001,2043801,12000),(3005,5150001,2043802,8000),(3006,5150001,2043701,12000),(3007,5150001,4020004,600),(3008,5150001,4010005,600),(3009,5130102,1032021,2400),(3010,5130102,1102018,2400),(3011,5130102,1002004,2400),(3012,5130102,1040085,2400),(3013,5130102,1092013,5000),(3014,5130102,1060074,2400),(3015,5130102,1082009,2400),(3016,5130102,1002022,2400),(3017,5130102,1040091,2400),(3018,5130102,1060080,2400),(3019,5130102,1050039,2400),(3020,5130102,1072139,2400),(3021,5130102,1082088,2400),(3022,5130102,1382007,7000),(3023,5130102,1072120,2400),(3024,5130102,1002214,2400),(3025,5130102,1050059,2400),(3026,5130102,1041074,2400),(3027,5130102,1061069,2400),(3028,5130102,1002209,2400),(3029,5130102,1002249,2400),(3030,5130102,2000003,400),(3031,5130102,2000004,400),(3032,5130102,2044101,12000),(3033,5130102,2044101,12000),(3034,5130102,2044201,12000),(3035,5130102,2044001,12000),(3036,5130102,2070004,10000),(3037,5130102,4001005,9000),(3038,5130102,4004004,1500),(3039,5130102,4000025,5),(3040,5130102,4020008,600),(3041,5140000,1032014,2400),(3042,5140000,1102021,2400),(3043,5140000,1422008,7000),(3044,5140000,1072127,2400),(3045,5140000,1072134,2400),(3046,5140000,1002029,2400),(3047,5140000,1412007,7000),(3048,5140000,1041097,3000),(3049,5140000,1061096,3000),(3050,5140000,1040102,3000),(3051,5140000,1072114,2400),(3052,5140000,1050053,2400),(3053,5140000,1082072,2400),(3054,5140000,1050052,2400),(3055,5140000,1050051,2400),(3056,5140000,1050059,2400),(3057,5140000,1472014,7000),(3058,5140000,1082066,2400),(3059,5140000,1041077,2400),(3060,5140000,1061076,2400),(3061,5140000,1060089,2400),(3062,5140000,1072151,2400),(3063,5140000,2000003,400),(3064,5140000,2000004,400),(3065,5140000,2040901,12000),(3066,5140000,2070004,10000),(3067,5140000,4000021,200),(3068,5140000,4006001,1500),(3069,5140000,4000052,5),(3070,5140000,4004001,1500),(3071,5140000,4020007,600),(3072,5140000,4020000,600),(3073,5150000,1442017,7000),(3074,5150000,1040092,2400),(3075,5150000,1060081,2400),(3076,5150000,1002029,2400),(3077,5150000,1060080,2400),(3078,5150000,1372014,7000),(3079,5150000,1082087,2400),(3080,5150000,1051037,2400),(3081,5150000,1072146,2400),(3082,5150000,1002269,2400),(3083,5150000,1082066,2400),(3084,5150000,1041077,2400),(3085,5150000,1061076,2400),(3086,5150000,1041094,2400),(3087,5150000,1061093,2400),(3088,5150000,1002248,2400),(3089,5150000,2060000,200),(3090,5150000,2061000,200),(3091,5150000,2000003,400),(3092,5150000,2000004,400),(3093,5150000,2000002,400),(3094,5150000,2044501,12000),(3095,5150000,2040804,12000),(3096,5150000,2040901,12000),(3097,5150000,4000177,5),(3098,5150000,4020008,600),(3099,5150000,4010006,600),(3100,9500176,2020016,600),(3101,9500176,2020019,600),(3102,9500176,2020018,600),(3103,9500176,2020017,600),(3104,9500176,2020020,600),(3105,9400562,1061088,2400),(3106,9400562,1442032,7000),(3107,9400562,1072148,2400),(3108,9400562,1442010,7000),(3109,9400562,1072154,3000),(3110,9400562,1072154,3000),(3111,9400562,1051054,2400),(3112,9400562,1051054,2400),(3113,9400562,1060085,2400),(3114,9400562,2022247,400),(3115,9400562,2043701,12000),(3116,6130202,1102018,2400),(3117,6130202,1442009,7000),(3118,6130202,1432004,7000),(3119,6130202,1462006,7000),(3120,6130202,1452008,7000),(3121,6130202,1040099,2400),(3122,6130202,1060088,2400),(3123,6130202,1082093,2400),(3124,6130202,2000004,400),(3125,6130202,2000006,400),(3126,6130202,4004002,1500),(3127,6130202,4020008,600),(3128,6130202,4010001,600),(3129,6130101,2040601,2000),(3130,6130101,2041001,2000),(3131,6130101,2041004,2000),(3132,6130101,2040301,2000),(3133,6130101,2040804,2000),(3134,6130101,2040801,2000),(3135,6130101,2040001,2000),(3136,6130101,2040004,2000),(3137,6130101,2040504,2000),(3138,6130101,2040501,2000),(3139,6130101,2040901,2000),(3140,6130101,2040701,2000),(3141,6130101,2040704,2000),(3142,6130101,2040707,2000),(3143,6130101,2040401,2000),(3144,6130101,2070006,5000),(3145,6130101,4000040,8),(3146,6130101,4030001,200),(3147,9400003,2020010,400),(3148,9400003,2070005,10000),(3149,9400003,4004003,1500),(3150,9400003,4006000,1500),(3151,9400003,4020002,600),(3152,6130103,1102024,2400),(3153,6130103,1002025,2400),(3154,6130103,1040087,2400),(3155,6130103,1060076,2400),(3156,6130103,1040093,2400),(3157,6130103,1060082,2400),(3158,6130103,1082060,2400),(3159,6130103,1302012,8000),(3160,6130103,1050045,2400),(3161,6130103,1072138,2400),(3162,6130103,1072157,3000),(3163,6130103,1002170,2400),(3164,6130103,1002286,3000),(3165,6130103,1040097,2400),(3166,6130103,1060086,2400),(3167,6130103,1472020,7000),(3168,6130103,1072150,2400),(3169,6130103,1082095,3000),(3170,6130103,2000004,400),(3171,6130103,2000006,400),(3172,6130103,2040401,12000),(3173,6130103,4004002,1500),(3174,6130103,4000050,5),(3175,6130103,4020008,600),(3176,6130103,4010001,600),(3177,6130100,1102022,2400),(3178,6130100,1092004,5000),(3179,6130100,1072148,2400),(3180,6130100,1040103,3000),(3181,6130100,1060091,3000),(3182,6130100,1372012,7000),(3183,6130100,1050046,2400),(3184,6130100,1050056,2400),(3185,6130100,1372014,7000),(3186,6130100,1002246,2400),(3187,6130100,1072136,2400),(3188,6130100,1072160,3000),(3189,6130100,1040079,2400),(3190,6130100,1040080,2400),(3191,6130100,1060068,2400),(3192,6130100,1452022,7000),(3193,6130100,1072146,2400),(3194,6130100,1082106,3000),(3195,6130100,1040083,2400),(3196,6130100,1060072,2400),(3197,6130100,1041080,2400),(3198,6130100,1082067,2400),(3199,6130100,1061079,2400),(3200,6130100,1040100,2400),(3201,6130100,1060089,2400),(3202,6130100,1002248,2400),(3203,6130100,1072162,3000),(3204,6130100,1061102,3000),(3205,6130100,2000004,400),(3206,6130100,2000006,400),(3207,6130100,2040302,8000),(3208,6130100,2040301,12000),(3209,6130100,2040300,4500),(3210,6130100,2040901,12000),(3211,6130100,2070005,10000),(3212,6130100,4000030,5),(3213,6130100,4000014,5),(3214,6130100,4001006,2008),(3215,6130100,4020007,600),(3216,6130100,4030012,300),(3217,6130100,4010005,600),(3218,9400710,4000424,5),(3219,9400710,4000425,5),(3220,9400710,4000423,5),(3221,9400710,4000422,5),(3222,9400561,1041087,2400),(3223,9400561,1061086,2400),(3224,9400561,1442032,7000),(3225,9400561,1082061,2400),(3226,9400561,1072154,3000),(3227,9400561,1050047,2400),(3228,9400561,1051054,2400),(3229,9400561,1082091,2400),(3230,9400561,1002286,3000),(3231,9400561,1040096,2400),(3232,9400561,1082093,2400),(3233,9400561,2022245,400),(3234,9400561,2000006,400),(3235,9400561,2043701,12000),(3236,6130200,1032012,2400),(3237,6130200,1102015,2400),(3238,6130200,1002093,2400),(3239,6130200,1040088,2400),(3240,6130200,1060077,2400),(3241,6130200,1082061,2400),(3242,6130200,1302011,7000),(3243,6130200,1312010,8000),(3244,6130200,1050046,2400),(3245,6130200,1072122,2400),(3246,6130200,1050061,3000),(3247,6130200,1452009,8000),(3248,6130200,1002182,2400),(3249,6130200,1332015,7000),(3250,6130200,1082094,2400),(3251,6130200,1072163,3000),(3252,6130200,2000004,400),(3253,6130200,2000006,400),(3254,6130200,2043801,12000),(3255,6130200,4000128,5),(3256,6130200,4006000,1500),(3257,6130200,4004001,1500),(3258,6130200,4020008,600),(3259,6130200,4010005,600),(3260,6130200,4010001,600),(3261,6130200,4130014,1000),(3262,6230100,1102012,2400),(3263,6230100,1102016,2400),(3264,6230100,1041087,2400),(3265,6230100,1082061,2400),(3266,6230100,1072148,2400),(3267,6230100,1442010,7000),(3268,6230100,1072154,3000),(3269,6230100,1050047,2400),(3270,6230100,1051054,2400),(3271,6230100,1452016,7000),(3272,6230100,1050060,2400),(3273,6230100,1082090,2400),(3274,6230100,1082106,3000),(3275,6230100,1041076,2400),(3276,6230100,1040095,2400),(3277,6230100,1082066,2400),(3278,6230100,1472023,7000),(3279,6230100,1041103,3000),(3280,6230100,2000006,400),(3281,6230100,2040001,12000),(3282,6230100,2043201,12000),(3283,6230100,2043801,12000),(3284,6230100,2043701,12000),(3285,6230100,4020008,600),(3286,6230100,4030012,300),(3287,6230100,4010006,600),(3288,6230602,2040804,12000),(3289,6230602,2043802,8000),(3290,6230400,1032014,2400),(3291,6230400,1102017,2400),(3292,6230400,1002085,2400),(3293,6230400,1072149,2400),(3294,6230400,1322018,7000),(3295,6230400,1041098,3000),(3296,6230400,1061097,3000),(3297,6230400,1050049,2400),(3298,6230400,1051034,2400),(3299,6230400,1372014,7000),(3300,6230400,1082086,2400),(3301,6230400,1082099,3000),(3302,6230400,1051037,2400),(3303,6230400,1082091,2400),(3304,6230400,1002286,3000),(3305,6230400,1072166,3000),(3306,6230400,1040096,2400),(3307,6230400,1060085,2400),(3308,6230400,1002249,2400),(3309,6230400,1472024,7000),(3310,6230400,1082093,2400),(3311,6230400,1002281,3000),(3312,6230400,2002000,400),(3313,6230400,2000004,400),(3314,6230400,2000002,400),(3315,6230400,2040804,12000),(3316,6230400,2040516,12000),(3317,6230400,2043802,8000),(3318,6230400,4000021,200),(3319,6230400,4004000,1500),(3320,6230400,4000143,5),(3321,6230400,4020003,600),(3322,6230400,4020004,600),(3323,6230400,4010000,600),(3324,6230400,4010006,600),(3325,6230200,1102018,2400),(3326,6230200,1002100,2400),(3327,6230200,1092011,5000),(3328,6230200,1382001,7000),(3329,6230200,1002216,2400),(3330,6230200,1002218,2400),(3331,6230200,1050055,2400),(3332,6230200,1082088,2400),(3333,6230200,1082087,2400),(3334,6230200,1002268,2400),(3335,6230200,1472020,7000),(3336,6230200,1472023,7000),(3337,6230200,1472025,7000),(3338,6230200,1041094,2400),(3339,6230200,1002282,3000),(3340,6230200,1072161,3000),(3341,6230200,2000004,400),(3342,6230200,2000006,400),(3343,6230200,4004004,1500),(3344,6230200,4000057,5),(3345,6230200,4004003,1500),(3346,6230200,4006000,1500),(3347,6230200,4020000,600),(3348,6230200,4010004,600),(3349,6230600,1061083,2400),(3350,6230600,1041091,2400),(3351,6230600,1040091,2400),(3352,6230600,1041097,3000),(3353,6230600,1061096,3000),(3354,6230600,1050082,3000),(3355,6230600,1051046,2400),(3356,6230600,1072158,3000),(3357,6230600,1051043,2400),(3358,6230600,1462008,7000),(3359,6230600,1002208,2400),(3360,6230600,1040094,2400),(3361,6230600,1060083,2400),(3362,6230600,1472024,7000),(3363,6230600,1082095,3000),(3364,6230600,2000004,400),(3365,6230600,2000006,400),(3366,6230600,2040001,12000),(3367,6230600,4000030,5),(3368,6230600,4006000,1500),(3369,6230600,4020007,600),(3370,6230600,4020005,600),(3371,6230600,4010006,600),(3372,6230600,4010004,600),(3373,6300001,1032021,2400),(3374,6300001,1072135,2400),(3375,6300001,1041092,2400),(3376,6300001,1061091,2400),(3377,6300001,1312010,8000),(3378,6300001,1432007,8000),(3379,6300001,1050045,2400),(3380,6300001,1002245,2400),(3381,6300001,1382007,7000),(3382,6300001,1452006,7000),(3383,6300001,1082089,2400),(3384,6300001,1072165,3000),(3385,6300001,1082107,3000),(3386,6300001,1082092,2400),(3387,6300001,1472025,7000),(3388,6300001,1041101,3000),(3389,6300001,1061100,3000),(3390,6300001,1472026,8000),(3391,6300001,2000004,400),(3392,6300001,2000006,400),(3393,6300001,2040302,8000),(3394,6300001,2040300,4500),(3395,6300001,2040301,12000),(3396,6300001,2043001,12000),(3397,6300001,2044101,12000),(3398,6300001,4000021,200),(3399,6300001,4004000,1500),(3400,6300001,4000049,5),(3401,6300001,4020004,600),(3402,6300001,4010006,600),(3403,6300000,1032019,2400),(3404,6300000,1032020,2400),(3405,6300000,1102022,2400),(3406,6300000,1041089,2400),(3407,6300000,1002022,2400),(3408,6300000,1432006,7000),(3409,6300000,1082060,2400),(3410,6300000,1040104,3000),(3411,6300000,1060092,3000),(3412,6300000,1432007,8000),(3413,6300000,1050045,2400),(3414,6300000,1051047,2400),(3415,6300000,1382007,7000),(3416,6300000,1050068,2400),(3417,6300000,1072157,3000),(3418,6300000,1462008,7000),(3419,6300000,1051062,3000),(3420,6300000,1082107,3000),(3421,6300000,1041078,2400),(3422,6300000,1472025,7000),(3423,6300000,1040099,2400),(3424,6300000,1060088,2400),(3425,6300000,1472024,7000),(3426,6300000,1060094,3000),(3427,6300000,2000006,400),(3428,6300000,4000021,200),(3429,6300000,4004000,1500),(3430,6300000,4000049,5),(3431,6300000,4020007,600),(3432,6300000,4010000,600),(3433,6300005,2044501,2000),(3434,6300005,2044701,2000),(3435,6300005,2044601,2000),(3436,6300005,2043301,2000),(3437,6300005,2043201,2000),(3438,6300005,2048004,2000),(3439,6300005,2048001,2000),(3440,6300005,2044401,2000),(3441,6300005,2044301,2000),(3442,6300005,2043801,2000),(3443,6300005,2044101,2000),(3444,6300005,2044201,2000),(3445,6300005,2044001,2000),(3446,6300005,2043701,2000),(3447,6300005,4000176,8),(3448,6230300,1102024,2400),(3449,6230300,1432012,7000),(3450,6230300,1040089,2400),(3451,6230300,1060078,2400),(3452,6230300,1002101,2400),(3453,6230300,1082060,2400),(3454,6230300,1432007,8000),(3455,6230300,1051031,2400),(3456,6230300,1082087,2400),(3457,6230300,1072125,2400),(3458,6230300,1051042,2400),(3459,6230300,1082065,2400),(3460,6230300,1040099,2400),(3461,6230300,1060088,2400),(3462,6230300,1082096,3000),(3463,6230300,2000002,400),(3464,6230300,2040301,12000),(3465,6230300,2043701,12000),(3466,6230300,4004004,1500),(3467,6230300,4000129,5),(3468,6230300,4004003,1500),(3469,6230300,4020008,600),(3470,6230300,4010006,600),(3471,6230500,1032020,2400),(3472,6230500,1040091,2400),(3473,6230500,1060080,2400),(3474,6230500,1082103,3000),(3475,6230500,1050049,2400),(3476,6230500,1050056,2400),(3477,6230500,1002244,2400),(3478,6230500,1072159,3000),(3479,6230500,1082085,2400),(3480,6230500,1002270,2400),(3481,6230500,1002249,2400),(3482,6230500,1072161,3000),(3483,6230500,2000004,400),(3484,6230500,2000002,400),(3485,6230500,2041022,12000),(3486,6230500,2043301,12000),(3487,6230500,4004004,1500),(3488,6230500,4000144,5),(3489,6230500,4000021,200),(3490,6230500,4006000,1500),(3491,6230500,4020006,600),(3492,6230500,4010006,600),(3493,6230601,1040091,2400),(3494,6230601,1060080,2400),(3495,6230601,1442010,7000),(3496,6230601,1412008,8000),(3497,6230601,1092017,5000),(3498,6230601,1432007,8000),(3499,6230601,1002242,2400),(3500,6230601,1372015,7000),(3501,6230601,1082098,3000),(3502,6230601,1082109,3000),(3503,6230601,1082076,2400),(3504,6230601,1002208,2400),(3505,6230601,1002247,2400),(3506,6230601,1041101,3000),(3507,6230601,1061100,3000),(3508,6230601,1072172,3000),(3509,6230601,2000004,400),(3510,6230601,2000002,400),(3511,6230601,2041001,12000),(3512,6230601,2040401,12000),(3513,6230601,4000030,5),(3514,6230601,4020008,600),(3515,6230601,4010003,600),(3516,6230601,4010006,600),(3517,6400000,1032015,3000),(3518,6400000,1302011,7000),(3519,6400000,1072156,3000),(3520,6400000,1002269,2400),(3521,6400000,1061099,3000),(3522,6400000,4004004,1500),(3523,6400000,4000056,5),(3524,6400000,4000021,200),(3525,6400000,4003002,200),(3526,6400000,4003004,200),(3527,6400000,4004001,1500),(3528,6400000,4020003,600),(3529,6400000,4010006,600),(3530,6130208,1050081,3000),(3531,6130208,1072080,2400),(3532,6130208,1472027,8000),(3533,6130208,2000006,400),(3534,6130208,4000296,5),(3535,6130208,4020005,600),(3536,6400001,1002030,3000),(3537,6400001,1002243,2400),(3538,6400001,1072136,2400),(3539,6400001,1050067,2400),(3540,6400001,1051052,2400),(3541,6400001,1002269,2400),(3542,6400001,1061094,2400),(3543,6400001,2000004,400),(3544,6400001,2041022,12000),(3545,6400001,2043302,8000),(3546,6400001,4000055,5),(3547,6400001,4000021,200),(3548,6400001,4003004,200),(3549,6400001,4004001,1500),(3550,6400001,4020005,600),(3551,6400001,4010002,600),(3552,8140200,1032015,3000),(3553,8140200,1032022,3000),(3554,8140200,1082059,2400),(3555,8140200,1060082,2400),(3556,8140200,1060079,2400),(3557,8140200,1082104,3000),(3558,8140200,1322019,8000),(3559,8140200,1082114,3000),(3560,8140200,1051052,2400),(3561,8140200,1072159,3000),(3562,8140200,1050073,3000),(3563,8140200,1002270,2400),(3564,8140200,1050058,2400),(3565,8140200,1072144,2400),(3566,8140200,1051062,3000),(3567,8140200,1472022,7000),(3568,8140200,1072162,3000),(3569,8140200,2020014,400),(3570,8140200,2000006,400),(3571,8140200,2002003,400),(3572,8140200,2040302,8000),(3573,8140200,2040802,8000),(3574,8140200,4004003,1500),(3575,8140200,4000145,5),(3576,8140200,4006000,1500),(3577,8140200,4006001,1500),(3578,8140200,4020001,600),(3579,8140200,4010001,600),(3580,7130500,1032020,2400),(3581,7130500,1102023,2400),(3582,7130500,1422010,8000),(3583,7130500,1092016,5000),(3584,7130500,1051054,2400),(3585,7130500,1082110,3000),(3586,7130500,1472028,8000),(3587,7130500,1332018,8000),(3588,7130500,1072163,3000),(3589,7130500,2000004,400),(3590,7130500,2000006,400),(3591,7130500,2000002,400),(3592,7130100,1102027,3000),(3593,7130100,1422014,7000),(3594,7130100,1041093,2400),(3595,7130100,1061092,2400),(3596,7130100,1002095,3000),(3597,7130100,1322019,8000),(3598,7130100,1082115,3000),(3599,7130100,1050067,2400),(3600,7130100,1051055,2400),(3601,7130100,1382010,8000),(3602,7130100,1002272,3000),(3603,7130100,1002287,3000),(3604,7130100,1051064,3000),(3605,7130100,1452009,8000),(3606,7130100,1072184,3000),(3607,7130100,1472030,7000),(3608,7130100,1060089,2400),(3609,7130100,1472026,8000),(3610,7130100,1002283,3000),(3611,7130100,1072163,3000),(3612,7130100,1082118,3000),(3613,7130100,2000006,400),(3614,7130100,2000005,400),(3615,7130100,2043101,12000),(3616,7130100,2043001,12000),(3617,7130100,2044401,12000),(3618,7130100,2044301,12000),(3619,7130100,2070005,10000),(3620,7130100,4000028,5),(3621,7130100,4006000,1500),(3622,7130100,4010006,600),(3623,7130002,1040103,3000),(3624,7130002,1060091,3000),(3625,7130002,1302012,8000),(3626,7130002,1382007,7000),(3627,7130002,1082100,3000),(3628,7130002,1072184,3000),(3629,7130002,1002281,3000),(3630,7130002,2000004,400),(3631,7130002,2000006,400),(3632,7130001,1032014,2400),(3633,7130001,1032016,3000),(3634,7130001,1422014,7000),(3635,7130001,1412011,7000),(3636,7130001,1402011,7000),(3637,7130001,1082105,3000),(3638,7130001,1002095,3000),(3639,7130001,1002246,2400),(3640,7130001,1372015,7000),(3641,7130001,1050069,2400),(3642,7130001,1050070,2400),(3643,7130001,1372016,8000),(3644,7130001,1072146,2400),(3645,7130001,1072165,3000),(3646,7130001,1082108,3000),(3647,7130001,1041095,2400),(3648,7130001,1332015,7000),(3649,7130001,1041102,3000),(3650,7130001,1061101,3000),(3651,7130001,2050000,600),(3652,7130001,2000004,400),(3653,7130001,2000006,400),(3654,7130001,2041021,4500),(3655,7130001,2044301,12000),(3656,7130001,4000079,5),(3657,7130001,4020007,600),(3658,7130001,4010004,600),(3659,7130600,1002287,3000),(3660,7130600,1051062,3000),(3661,7130600,1452009,8000),(3662,7130600,1082119,3000),(3663,7130103,1040092,2400),(3664,7130103,1041092,2400),(3665,7130103,1072210,3000),(3666,7130103,1092023,5000),(3667,7130103,1051054,2400),(3668,7130103,1072177,3000),(3669,7130103,1051063,3000),(3670,7130103,1072182,3000),(3671,7130103,1041096,2400),(3672,7130103,1061095,2400),(3673,7130103,1072172,3000),(3674,7130103,2000004,400),(3675,7130103,2000006,400),(3676,7130103,2000002,400),(3677,7130103,2002003,400),(3678,7130103,2040301,12000),(3679,7130103,2040516,12000),(3680,7130103,4006001,1500),(3681,7130103,4020001,600),(3682,7130103,4020002,600),(3683,7130103,4020007,600),(3684,7130103,4010000,600),(3685,7130000,1422014,7000),(3686,7130000,1002029,2400),(3687,7130000,1072147,2400),(3688,7130000,1002094,3000),(3689,7130000,1402012,8000),(3690,7130000,1072210,3000),(3691,7130000,1051044,2400),(3692,7130000,1051053,2400),(3693,7130000,1002253,3000),(3694,7130000,1072177,3000),(3695,7130000,1072145,2400),(3696,7130000,1051041,2400),(3697,7130000,1051062,3000),(3698,7130000,1050063,3000),(3699,7130000,1002275,3000),(3700,7130000,1072150,2400),(3701,7130000,1002248,2400),(3702,7130000,1060093,3000),(3703,7130000,1040105,3000),(3704,7130000,1060097,3000),(3705,7130000,1040108,3000),(3706,7130000,2050004,600),(3707,7130000,2000004,400),(3708,7130000,2000006,400),(3709,7130000,2044601,12000),(3710,7130000,4000074,5),(3711,7130000,4004003,1500),(3712,7130000,4006001,1500),(3713,7130000,4020006,600),(3714,7130000,4010004,600),(3715,6300100,1072149,2400),(3716,6300100,1041093,2400),(3717,6300100,1061092,2400),(3718,6300100,1442008,8000),(3719,6300100,1041098,3000),(3720,6300100,1050082,3000),(3721,6300100,1072139,2400),(3722,6300100,1072158,3000),(3723,6300100,1082122,3000),(3724,6300100,1452010,8000),(3725,6300100,1082108,3000),(3726,6300100,1051065,3000),(3727,6300100,1082109,3000),(3728,6300100,1040098,2400),(3729,6300100,1060087,2400),(3730,6300100,1040106,3000),(3731,6300100,1082097,3000),(3732,6300100,1472027,8000),(3733,6300100,2000004,400),(3734,6300100,2000001,400),(3735,6300100,2041022,12000),(3736,6300100,2041013,12000),(3737,6300100,4000130,5),(3738,6300100,4004004,1500),(3739,6300100,4004001,1500),(3740,6300100,4020003,600),(3741,6300100,4010006,600),(3742,7130501,1102027,3000),(3743,7130501,1082105,3000),(3744,7130501,1092016,5000),(3745,7130501,1302018,8000),(3746,7130501,1072178,3000),(3747,7130501,1002276,3000),(3748,7130501,1472027,8000),(3749,7130501,1041103,3000),(3750,7130501,1061102,3000),(3751,7130501,2000004,400),(3752,7130501,2000006,400),(3753,7130501,2070005,10000),(3754,7130501,4006001,1500),(3755,7130101,1102028,3000),(3756,7130101,1312008,7000),(3757,7130101,1412008,8000),(3758,7130101,1422010,8000),(3759,7130101,1082104,3000),(3760,7130101,1002095,3000),(3761,7130101,1092016,5000),(3762,7130101,1092015,5000),(3763,7130101,1072211,3000),(3764,7130101,1051047,2400),(3765,7130101,1051055,2400),(3766,7130101,1082100,3000),(3767,7130101,1382010,8000),(3768,7130101,1051056,3000),(3769,7130101,1051063,3000),(3770,7130101,1072167,3000),(3771,7130101,1452011,8000),(3772,7130101,1050077,3000),(3773,7130101,1041103,3000),(3774,7130101,1002327,3000),(3775,7130101,2000005,400),(3776,7130101,2044101,12000),(3777,7130101,4000046,5),(3778,7130101,4006001,1500),(3779,7130101,4020008,600),(3780,7130101,4010003,600),(3781,7130200,1060090,3000),(3782,7130200,1092015,5000),(3783,7130200,1322020,8000),(3784,7130200,1002339,3000),(3785,7130200,1050055,2400),(3786,7130200,1050069,2400),(3787,7130200,1002254,3000),(3788,7130200,1082100,3000),(3789,7130200,1002273,3000),(3790,7130200,1002288,3000),(3791,7130200,1472030,7000),(3792,7130200,1472029,8000),(3793,7130200,1332018,8000),(3794,7130200,1041102,3000),(3795,7130200,1061101,3000),(3796,7130200,1061104,3000),(3797,7130200,2000004,400),(3798,7130200,2000006,400),(3799,7130200,2044701,12000),(3800,7130200,2070004,10000),(3801,7130200,4000021,200),(3802,7130200,4004000,1500),(3803,7130200,4003004,200),(3804,7130200,4006000,1500),(3805,7130200,4000053,5),(3806,7130200,4020001,600),(3807,7130200,4010003,600),(3808,8140300,1040090,2400),(3809,8140300,1060079,2400),(3810,8140300,1041099,3000),(3811,8140300,1322020,8000),(3812,8140300,1002340,3000),(3813,8140300,1072160,3000),(3814,8140300,1002252,3000),(3815,8140300,1382010,8000),(3816,8140300,1051057,3000),(3817,8140300,1051043,2400),(3818,8140300,1002289,3000),(3819,8140300,1002288,3000),(3820,8140300,1002277,3000),(3821,8140300,1041096,2400),(3822,8140300,1061095,2400),(3823,8140300,1072162,3000),(3824,8140300,1060095,3000),(3825,8140300,1040107,3000),(3826,8140300,1472027,8000),(3827,8140300,1060098,3000),(3828,8140300,1040109,3000),(3829,8140300,2000006,400),(3830,8140300,2044602,8000),(3831,8140300,2040513,12000),(3832,8140300,2070005,10000),(3833,8140300,4004004,1500),(3834,8140300,4000146,5),(3835,8140300,4006000,1500),(3836,8140300,4020007,600),(3837,8140300,4010005,600),(3838,7130003,1072156,3000),(3839,7130003,1432007,8000),(3840,7130003,1092016,5000),(3841,7130003,1372015,7000),(3842,7130003,1002253,3000),(3843,7130003,1051063,3000),(3844,7130003,1082096,3000),(3845,7130003,2000004,400),(3846,7130003,2000006,400),(3847,7130003,2000002,400),(3848,7130003,2070005,10000),(3849,7130003,4006000,1500),(3850,6400100,1032022,3000),(3851,6400100,1061098,3000),(3852,6400100,1041099,3000),(3853,6400100,1412008,8000),(3854,6400100,1092017,5000),(3855,6400100,1442008,8000),(3856,6400100,1082116,3000),(3857,6400100,1002252,3000),(3858,6400100,1051058,3000),(3859,6400100,1472029,8000),(3860,6400100,1040106,3000),(3861,6400100,1072173,3000),(3862,6400100,2000004,400),(3863,6400100,2002008,400),(3864,6400100,2000002,400),(3865,6400100,2044001,12000),(3866,6400100,4004004,1500),(3867,6400100,4000131,5),(3868,6400100,4130003,1000),(3869,7130004,1102029,3000),(3870,7130004,1402012,8000),(3871,7130004,1322028,8000),(3872,7130004,1002338,3000),(3873,7130004,1050074,3000),(3874,7130004,1452010,8000),(3875,7130004,1072161,3000),(3876,7130004,2000004,400),(3877,7130004,4006001,1500),(3878,7130102,1102023,2400),(3879,7130102,1092006,5000),(3880,7130102,1432006,7000),(3881,7130102,1442010,7000),(3882,7130102,1402012,8000),(3883,7130102,1432007,8000),(3884,7130102,1002030,3000),(3885,7130102,1050047,2400),(3886,7130102,1082081,2400),(3887,7130102,1072137,2400),(3888,7130102,1072136,2400),(3889,7130102,1050069,2400),(3890,7130102,1050068,2400),(3891,7130102,1050074,3000),(3892,7130102,1082091,2400),(3893,7130102,1072165,3000),(3894,7130102,1002185,2400),(3895,7130102,1472032,7000),(3896,7130102,1072128,2400),(3897,7130102,1472022,7000),(3898,7130102,1082092,2400),(3899,7130102,1332015,7000),(3900,7130102,1041101,3000),(3901,7130102,2000006,400),(3902,7130102,2041020,8000),(3903,7130102,2044702,8000),(3904,7130102,2044101,12000),(3905,7130102,2070010,10000),(3906,7130102,2070005,10000),(3907,7130102,4004002,1500),(3908,7130102,4000050,5),(3909,7130102,4004000,1500),(3910,7130102,4000049,5),(3911,7130102,4020008,600),(3912,7130102,4020005,600),(3913,7130102,4010005,600),(3914,7130102,4010001,600),(3915,8140001,1102031,3000),(3916,8140001,1312010,8000),(3917,8140001,1442008,8000),(3918,8140001,1072158,3000),(3919,8140001,1452011,8000),(3920,8140001,1002288,3000),(3921,8140001,1060095,3000),(3922,8140001,1040107,3000),(3923,8140001,2000004,400),(3924,8140001,2000006,400),(3925,8140001,2070005,10000),(3926,8140001,4006000,1500),(3927,8130100,1402012,2000),(3928,8130100,1422010,2000),(3929,8130100,1322019,2000),(3930,8130100,1472026,2000),(3931,8130100,2000006,100),(3932,8130100,2000005,100),(3933,8130100,2044501,3000),(3934,8130100,2044701,3000),(3935,8130100,2044601,3000),(3936,8130100,2043301,3000),(3937,8130100,2043101,3000),(3938,8130100,2043201,3000),(3939,8130100,2043001,3000),(3940,8130100,2044401,3000),(3941,8130100,2044301,3000),(3942,8130100,2043801,3000),(3943,8130100,2044101,3000),(3944,8130100,2044201,3000),(3945,8130100,2044001,3000),(3946,8130100,2043701,3000),(3947,8130100,4021008,100),(3948,8140000,1102029,3000),(3949,8140000,1032023,3000),(3950,8140000,1442008,8000),(3951,8140000,1322020,8000),(3952,8140000,1402004,8000),(3953,8140000,1072210,3000),(3954,8140000,1082129,3000),(3955,8140000,1051053,2400),(3956,8140000,1002271,3000),(3957,8140000,1072178,3000),(3958,8140000,1050092,3000),(3959,8140000,1050064,3000),(3960,8140000,1002275,3000),(3961,8140000,1002285,3000),(3962,8140000,1472028,8000),(3963,8140000,1072193,3000),(3964,8140000,2040902,8000),(3965,8140000,2070006,10000),(3966,8140000,4000054,5),(3967,8140000,4006001,1500),(3968,8140000,4004001,1500),(3969,8140000,4020008,600),(3970,8140000,4020006,600),(3971,8140000,4010003,600),(3972,8140000,4010001,600),(3973,9400545,1102029,3000),(3974,9400545,1032023,3000),(3975,9400545,1040104,3000),(3976,9400545,1060092,3000),(3977,9400545,1442008,8000),(3978,9400545,1402004,8000),(3979,9400545,1072210,3000),(3980,9400545,1082129,3000),(3981,9400545,1051053,2400),(3982,9400545,1002271,3000),(3983,9400545,1072178,3000),(3984,9400545,1382008,8000),(3985,9400545,1050092,3000),(3986,9400545,1002275,3000),(3987,9400545,1472028,8000),(3988,9400545,1072172,3000),(3989,9400545,1072193,3000),(3990,9400545,2044404,8000),(3991,9400545,2044305,150000),(3992,9400545,2044702,8000),(3993,9400545,2070006,10000),(3994,9400545,4006001,1500),(3995,9400545,4004001,1500),(3996,9400545,4020008,600),(3997,9400545,4020006,600),(3998,9400545,4030012,300),(3999,9400545,4010003,600),(4000,9400545,4010001,600),(4001,8140100,1032013,2400),(4002,8140100,1032020,2400),(4003,8140100,1402006,7000),(4004,8140100,1002217,2400),(4005,8140100,1082099,3000),(4006,8140100,1002267,2400),(4007,8140100,1462009,8000),(4008,8140100,1472022,7000),(4009,8140100,1082095,3000),(4010,8140100,2000004,400),(4011,8140100,2000006,400),(4012,8140100,2043801,12000),(4013,8140100,2044001,12000),(4014,8140100,2070004,10000),(4015,8140100,4004004,1500),(4016,8140100,4000057,5),(4017,8140100,4000056,5),(4018,8140100,4004003,1500),(4019,8140100,4003004,200),(4020,8140100,4004001,1500),(4021,8140100,4020002,600),(4022,8140100,4020007,600),(4023,8140100,4010003,600),(4024,8140100,4010001,600),(4025,8140002,1102030,3000),(4026,8140002,1032022,3000),(4027,8140002,1002339,3000),(4028,8140002,1382010,8000),(4029,8140002,1051057,3000),(4030,8140002,1082112,3000),(4031,8140002,1462012,8000),(4032,8140002,1472029,8000),(4033,8140002,1072173,3000),(4034,8140002,2000006,400),(4035,8140002,2000005,400),(4036,8140002,2000002,400),(4037,8140002,2070005,10000),(4038,7140000,1002094,3000),(4039,7140000,1050082,3000),(4040,7140000,1092025,5000),(4041,7140000,1432010,8000),(4042,7140000,1002338,3000),(4043,7140000,1082114,3000),(4044,7140000,1082128,3000),(4045,7140000,1002273,3000),(4046,7140000,1072207,3000),(4047,7140000,1050062,3000),(4048,7140000,1002287,3000),(4049,7140000,1072182,3000),(4050,7140000,1462011,8000),(4051,7140000,1002277,3000),(4052,7140000,1050089,3000),(4053,7140000,1060095,3000),(4054,7140000,1041107,3000),(4055,7140000,1082118,3000),(4056,7140000,1060097,3000),(4057,7140000,1061104,3000),(4058,7140000,1040108,3000),(4059,7140000,1072192,3000),(4060,7140000,2000006,400),(4061,7140000,2041001,12000),(4062,7140000,2040502,8000),(4063,7140000,4000132,5),(4064,7140000,4006000,1500),(4065,7140000,4004001,1500),(4066,7140000,4020002,600),(4067,7140000,4010002,600),(4068,8140110,1050083,3000),(4069,8140110,1432010,8000),(4070,8140110,1092027,5000),(4071,8140110,1302056,9000),(4072,8140110,1372010,9000),(4073,8140110,1452015,8000),(4074,8140110,1462013,8000),(4075,8140110,1072185,3000),(4076,8140110,1002330,3000),(4077,8140110,1082119,3000),(4078,8140110,1332052,9000),(4079,8140110,2000005,400),(4080,8140110,2000002,400),(4081,8140110,4006000,1500),(4082,7130010,1302016,7000),(4083,7130010,1102030,3000),(4084,7130010,1072154,3000),(4085,7130010,1412009,8000),(4086,7130010,1051078,3000),(4087,7130010,1051077,3000),(4088,7130010,1072196,3000),(4089,7130010,1050073,3000),(4090,7130010,1372016,8000),(4091,7130010,1082123,3000),(4092,7130010,1072209,3000),(4093,7130010,1452010,8000),(4094,7130010,1051065,3000),(4095,7130010,1072184,3000),(4096,7130010,1050088,3000),(4097,7130010,1051082,3000),(4098,7130010,1041101,3000),(4099,7130010,1061100,3000),(4100,7130010,1082118,3000),(4101,7130010,1002328,3000),(4102,7130010,1082142,3000),(4103,7130010,2050004,600),(4104,7130010,2020015,400),(4105,7130010,2000006,400),(4106,7130010,2002005,400),(4107,7130010,2000002,400),(4108,7130010,2040601,12000),(4109,7130010,2041016,12000),(4110,7130010,2040401,12000),(4111,7130010,4004002,1500),(4112,7130010,4000147,5),(4113,7130010,4006001,1500),(4114,7130010,4020008,600),(4115,7130010,4020005,600),(4116,7130020,1442030,8000),(4117,7130020,1102035,3000),(4118,7130020,1102032,3000),(4119,7130020,1442026,9000),(4120,7130020,1432010,8000),(4121,7130020,1422012,8000),(4122,7130020,1051095,3000),(4123,7130020,1002287,3000),(4124,7130020,1072164,3000),(4125,7130020,1472023,7000),(4126,7130020,1072152,2400),(4127,7130020,1061100,3000),(4128,7130020,1002323,3000),(4129,7130020,1072195,3000),(4130,7130020,2050004,600),(4131,7130020,2000006,400),(4132,7130020,2000002,400),(4133,7130020,2044701,12000),(4134,7130020,2048001,12000),(4135,7130020,2040401,12000),(4136,7130020,4000179,5),(4138,7130020,4020008,600),(4139,7130020,4030012,300),(4140,7160000,1032016,3000),(4141,7160000,1082103,3000),(4142,7160000,1082116,3000),(4143,7160000,1051077,3000),(4144,7160000,1072197,3000),(4145,7160000,1050070,2400),(4146,7160000,1051055,2400),(4147,7160000,1051057,3000),(4148,7160000,1002272,3000),(4149,7160000,1082121,3000),(4150,7160000,1082131,3000),(4151,7160000,1452011,8000),(4152,7160000,1082109,3000),(4153,7160000,1051066,3000),(4154,7160000,1050075,3000),(4155,7160000,1082125,3000),(4156,7160000,1060094,3000),(4157,7160000,1060095,3000),(4158,7160000,1040107,3000),(4159,7160000,1002330,3000),(4160,7160000,1041105,3000),(4161,7160000,1072173,3000),(4162,7160000,1061115,3000),(4163,7160000,1060104,3000),(4164,7160000,1061114,3000),(4165,7160000,1041115,3000),(4166,7160000,2000006,400),(4167,7160000,2000002,400),(4168,7160000,2041016,12000),(4169,7160000,2044401,12000),(4170,7160000,2070005,10000),(4171,7160000,4000133,5),(4172,7160000,4004000,1500),(4173,7160000,4020008,600),(4174,7160000,4010003,600),(4175,7160000,4131007,1000),(4176,8140101,1032023,3000),(4177,8140101,1082117,3000),(4178,8140101,1092027,5000),(4179,8140101,1402035,9000),(4180,8140101,1312030,9000),(4181,8140101,1082123,3000),(4182,8140101,1072179,3000),(4183,8140101,1382008,8000),(4184,8140101,1452014,8000),(4185,8140101,1002328,3000),(4186,8140101,1060098,3000),(4187,8140101,1040109,3000),(4188,8140101,1472053,9000),(4189,8140101,2000006,400),(4190,8140101,2000005,400),(4191,8140101,2000002,400),(4192,8140101,4006001,1500),(4193,8140103,1102032,3000),(4194,8140103,1082116,3000),(4195,8140103,1442019,8000),(4196,8140103,1412009,8000),(4197,8140103,1432011,9000),(4198,8140103,1322045,9000),(4199,8140103,1412021,9000),(4200,8140103,1072177,3000),(4201,8140103,1452013,8000),(4202,8140103,1002277,3000),(4203,8140103,1041106,3000),(4204,8140103,1061105,3000),(4205,8140103,2000006,400),(4206,8140103,2000005,400),(4207,8140103,2000002,400),(4208,8140103,4006000,1500),(4209,8140111,1032023,3000),(4210,8140111,1051080,3000),(4211,8140111,1092025,5000),(4212,8140111,1432030,9000),(4213,8140111,1442044,9000),(4214,8140111,1372016,8000),(4215,8140111,1082123,3000),(4216,8140111,1082106,3000),(4217,8140111,1072183,3000),(4218,8140111,1462015,9000),(4219,8140111,1472031,8000),(4220,8140111,1002328,3000),(4221,8140111,2000006,400),(4222,8140111,2000005,400),(4223,8140111,2070006,10000),(4224,8140102,1032022,3000),(4225,8140102,1432004,7000),(4226,8140102,1072211,3000),(4227,8140102,1402004,8000),(4228,8140102,1092023,5000),(4229,8140102,1322045,9000),(4230,8140102,1002274,3000),(4231,8140102,1382035,9000),(4232,8140102,1050077,3000),(4233,8140102,1452019,9000),(4234,8140102,1332023,8000),(4235,8140102,1082118,3000),(4236,8140102,2000006,400),(4237,8140102,2000005,400),(4238,8140102,2000002,400),(4239,8140102,4006000,1500),(4240,7130300,1442017,7000),(4241,7130300,1072155,3000),(4242,7130300,1072212,3000),(4243,7130300,1050080,3000),(4244,7130300,1302018,8000),(4245,7130300,1061120,3000),(4246,7130300,1041121,3000),(4247,7130300,1382009,7000),(4248,7130300,1002253,3000),(4249,7130300,1050074,3000),(4250,7130300,1082123,3000),(4251,7130300,1002274,3000),(4252,7130300,1072206,3000),(4253,7130300,1072167,3000),(4254,7130300,1072166,3000),(4255,7130300,1082110,3000),(4256,7130300,1051068,3000),(4257,7130300,1002276,3000),(4258,7130300,1072203,3000),(4259,7130300,1002284,3000),(4260,7130300,1061106,3000),(4261,7130300,1061104,3000),(4262,7130300,1040115,3000),(4263,7130300,1082143,3000),(4264,7130300,2000004,400),(4265,7130300,2000005,400),(4266,7130300,2002004,400),(4267,7130300,2041009,4500),(4268,7130300,2044301,12000),(4269,7130300,4000148,5),(4270,7130300,4006001,1500),(4271,7130300,4020006,600),(4272,7130300,4010006,600),(4273,8140500,1032017,3000),(4274,8140500,1072156,3000),(4275,8140500,1002340,3000),(4276,8140500,1082117,3000),(4277,8140500,1312011,8000),(4278,8140500,1092024,5000),(4279,8140500,1082128,3000),(4280,8140500,1072208,3000),(4281,8140500,1050078,3000),(4282,8140500,1452014,8000),(4283,8140500,1082111,3000),(4284,8140500,1082126,3000),(4285,8140500,1332025,7000),(4286,8140500,1082096,3000),(4287,8140500,1072174,3000),(4288,8140500,1060098,3000),(4289,8140500,1040109,3000),(4290,8140500,1060104,3000),(4291,8140500,2000006,400),(4292,8140500,2000005,400),(4293,8140500,2041022,12000),(4294,8140500,2044001,12000),(4295,8140500,2070004,10000),(4296,8140500,4000080,5),(4297,8140500,4004000,1500),(4298,8140500,4003005,200),(4299,8140500,4020001,600),(4300,8140500,4020007,600),(4301,8140700,1002528,3000),(4302,8140700,1041120,3000),(4303,8140700,1061119,3000),(4304,8140700,1372009,8000),(4305,8140700,1082134,3000),(4306,8140700,1072204,3000),(4307,8140700,1472033,9000),(4308,8140700,1060106,3000),(4309,8140700,1040117,3000),(4310,8140700,2000006,400),(4311,8140700,2000005,400),(4312,9500181,2000004,600),(4313,9500181,2000006,600),(4314,8140600,1102030,3000),(4315,8140600,1032017,3000),(4316,8140600,1082117,3000),(4317,8140600,1040111,3000),(4318,8140600,1060100,3000),(4319,8140600,1072160,3000),(4320,8140600,1462008,7000),(4321,8140600,1082108,3000),(4322,8140600,1452013,8000),(4323,8140600,1072205,3000),(4324,8140600,1472023,7000),(4325,8140600,1472028,8000),(4326,8140600,1060098,3000),(4327,8140600,1040109,3000),(4328,8140600,1002324,3000),(4329,8140600,2000006,400),(4330,8140600,2000005,400),(4331,8140600,2002003,400),(4332,8140600,2040501,12000),(4333,8140600,2040513,12000),(4334,8140600,2040401,12000),(4335,8140600,4006001,1500),(4336,8140600,4020007,600),(4337,8140600,4030012,300),(4338,8140701,1302023,9000),(4339,8140701,1040111,3000),(4340,8140701,1072197,3000),(4341,8140701,1051096,3000),(4342,8140701,1002365,3000),(4343,8140701,1082144,3000),(4344,8140701,1332027,9000),(4345,8140701,2000006,400),(4346,8140701,2000005,400),(4347,8141000,1422010,8000),(4348,8141000,1051079,3000),(4349,8141000,1050083,3000),(4350,8141000,1082115,3000),(4351,8141000,1322028,8000),(4352,8141000,1040112,3000),(4353,8141000,1060101,3000),(4354,8141000,1002254,3000),(4355,8141000,1050074,3000),(4356,8141000,1050072,3000),(4357,8141000,1082132,3000),(4358,8141000,1051063,3000),(4359,8141000,1050076,3000),(4360,8141000,1002278,3000),(4361,8141000,1051068,3000),(4362,8141000,1002285,3000),(4363,8141000,1002327,3000),(4364,8141000,1041106,3000),(4365,8141000,1061105,3000),(4366,8141000,1060105,3000),(4367,8141000,2000006,400),(4368,8141000,2000002,400),(4369,8141000,2044602,8000),(4370,8141000,2070006,10000),(4371,8141000,4004000,1500),(4372,8141000,4000134,5),(4373,8141000,4020008,600),(4374,8141000,4010001,600),(4375,8141300,1032020,2400),(4376,8141300,1102026,3000),(4377,8141300,1442026,9000),(4378,8141300,1432007,8000),(4379,8141300,1442008,8000),(4380,8141300,1041119,3000),(4381,8141300,1061118,3000),(4382,8141300,1092027,5000),(4383,8141300,1002271,3000),(4384,8141300,1051095,3000),(4385,8141300,1072207,3000),(4386,8141300,1002365,3000),(4387,8141300,1452011,8000),(4388,8141300,1072183,3000),(4389,8141300,1050089,3000),(4390,8141300,1051083,3000),(4391,8141300,1061117,3000),(4392,8141300,2020013,400),(4393,8141300,2000006,400),(4394,8141300,2002001,400),(4395,8141300,2000002,400),(4396,8141300,2040701,12000),(4397,8141300,4004004,1500),(4398,8141300,4020006,600),(4399,8141300,4030012,300),(4400,8141300,4010006,600),(4401,8142000,1442010,7000),(4402,8142000,1432007,8000),(4403,8142000,1082116,3000),(4404,8142000,1002339,3000),(4405,8142000,1072212,3000),(4406,8142000,1040111,3000),(4407,8142000,1060100,3000),(4408,8142000,1051056,3000),(4409,8142000,1051096,3000),(4410,8142000,1082107,3000),(4411,8142000,1050076,3000),(4412,8142000,1082112,3000),(4413,8142000,1452013,8000),(4414,8142000,1050091,3000),(4415,8142000,1041100,3000),(4416,8142000,1060099,3000),(4417,8142000,1040110,3000),(4418,8142000,1332023,8000),(4419,8142000,1060097,3000),(4420,8142000,2020015,400),(4421,8142000,2000005,400),(4422,8142000,2002001,400),(4423,8142000,2000002,400),(4424,8142000,2041022,12000),(4425,8142000,2044001,12000),(4426,8142000,4004004,1500),(4427,8142000,4000149,5),(4428,8142000,4006000,1500),(4429,8142000,4020003,600),(4430,8140702,1082141,3000),(4431,8140702,1050092,3000),(4432,8140702,1072206,3000),(4433,8140702,1452017,9000),(4434,8140702,1002325,3000),(4435,8140702,1061116,3000),(4436,8140703,1072212,3000),(4437,8140703,1442020,9000),(4438,8140703,1322029,9000),(4439,8140703,1040122,3000),(4440,8140703,1060111,3000),(4441,8140703,1082151,3000),(4442,8140703,1051082,3000),(4443,8140703,1082159,3000),(4444,8140703,4000265,5),(4445,8150300,1082129,3000),(4446,8150300,1002365,3000),(4447,8150300,1072223,3000),(4448,8150300,1050089,3000),(4449,8150300,1050090,3000),(4450,8150300,1452017,9000),(4451,8150300,1060106,3000),(4452,8150300,1061116,3000),(4453,8150300,1040117,3000),(4454,8150300,2000006,400),(4455,8150300,2000005,400),(4456,8150300,4006001,1500),(4457,8142100,1032017,3000),(4458,8142100,1422010,8000),(4459,8142100,1092025,5000),(4460,8142100,1412009,8000),(4461,8142100,1092026,5000),(4462,8142100,1092028,5000),(4463,8142100,1072197,3000),(4464,8142100,1072220,3000),(4465,8142100,1050095,3000),(4466,8142100,1051097,3000),(4467,8142100,1050090,3000),(4468,8142100,1051084,3000),(4469,8142100,1060099,3000),(4470,8142100,1040110,3000),(4471,8142100,1002325,3000),(4472,8142100,1041118,3000),(4473,8142100,2000005,400),(4474,8142100,2040804,12000),(4475,8142100,2040801,12000),(4476,8142100,4006001,1500),(4478,8142100,4010004,600),(4479,8142100,4130000,1000),(4480,8142100,4130001,1000),(4481,8141100,1082105,3000),(4482,8141100,1051080,3000),(4483,8141100,1402015,8000),(4484,8141100,1050081,3000),(4485,8141100,1051058,3000),(4486,8141100,1050093,3000),(4487,8141100,1082134,3000),(4488,8141100,1072165,3000),(4489,8141100,1072185,3000),(4490,8141100,1462012,8000),(4491,8141100,1050077,3000),(4492,8141100,1051083,3000),(4493,8141100,1041107,3000),(4494,8141100,1332023,8000),(4495,8141100,1082119,3000),(4496,8141100,1002329,3000),(4497,8141100,1061115,3000),(4498,8141100,1060106,3000),(4499,8141100,2000006,400),(4500,8141100,2000005,400),(4501,8141100,2043002,8000),(4502,8141100,4004004,1500),(4503,8141100,4000135,5),(4504,8141100,4006001,1500),(4505,8141100,4020008,600),(4506,8141100,4130011,1000),(4507,8141100,4131003,1000),(4508,8143000,1092016,5000),(4509,8143000,1002339,3000),(4510,8143000,1082117,3000),(4511,8143000,1422012,8000),(4512,8143000,1082130,3000),(4513,8143000,1041119,3000),(4514,8143000,1061118,3000),(4515,8143000,1082122,3000),(4516,8143000,1072179,3000),(4517,8143000,1051094,3000),(4518,8143000,1050064,3000),(4519,8143000,1462010,8000),(4520,8143000,1072183,3000),(4521,8143000,1050090,3000),(4522,8143000,1051084,3000),(4523,8143000,1002402,3000),(4524,8143000,1002283,3000),(4525,8143000,1082120,3000),(4526,8143000,1002328,3000),(4527,8143000,1040116,3000),(4528,8143000,1061116,3000),(4529,8143000,2022003,400),(4530,8143000,2002002,400),(4531,8143000,2000005,400),(4532,8143000,2000002,400),(4533,8143000,2044702,8000),(4534,8143000,2040401,12000),(4535,8143000,4000150,5),(4536,8143000,4006001,1500),(4537,8143000,4010002,600),(4538,8143000,4010001,600),(4539,8150000,2040602,18000),(4540,8150000,2044502,18000),(4541,8150000,2044702,18000),(4542,8150000,2043302,18000),(4543,8150000,2040302,18000),(4544,8150000,2040805,18000),(4545,8150000,2040002,18000),(4546,8150000,2043102,18000),(4547,8150000,2043202,18000),(4548,8150000,2043002,18000),(4549,8150000,2040505,18000),(4550,8150000,2040502,18000),(4551,8150000,2044402,18000),(4552,8150000,2040902,18000),(4553,8150000,2040702,18000),(4554,8150000,2040705,18000),(4555,8150000,2040708,18000),(4556,8150000,2044302,18000),(4557,8150000,2043802,18000),(4558,8150000,2040402,18000),(4559,8150000,2044102,18000),(4560,8150000,2044202,18000),(4561,8150000,2044002,18000),(4562,8150000,2043702,18000),(4563,8150200,1402005,9000),(4564,8150200,1002529,3000),(4565,8150200,1092027,5000),(4566,8150200,1050102,3000),(4567,8150200,1462018,9000),(4568,8150200,1072194,3000),(4569,8150200,1082135,3000),(4570,8150200,1051092,3000),(4571,8150200,2020015,400),(4572,8150200,2000005,400),(4573,8150100,1032017,3000),(4574,8150100,1322028,8000),(4575,8150100,1060101,3000),(4576,8150100,1002366,3000),(4577,8150100,1002405,3000),(4578,8150100,1072204,3000),(4579,8150100,1082142,3000),(4580,8150100,1072192,3000),(4581,8150100,1072214,3000),(4582,8150100,2020013,400),(4583,8150100,2022003,400),(4584,8150100,2000006,400),(4585,8150100,2000005,400),(4586,8150100,2041001,12000),(4587,8150100,2041013,12000),(4588,8150100,4006000,1500),(4589,8150100,4006001,1500),(4590,8150100,4030012,300),(4591,8150100,4010005,600),(4592,8150100,4130006,1000),(4593,8150301,1002532,3000),(4594,8150301,1422013,9000),(4595,8150301,1050094,3000),(4596,8150301,1051105,3000),(4597,8150301,1050106,3000),(4598,8150301,1082143,3000),(4599,8150301,2000006,400),(4600,8150301,4006000,1500),(4601,9400549,1452015,9000),(4602,8150101,1032023,3000),(4603,8150101,1002403,3000),(4604,8150101,1072193,3000),(4605,8150101,1060106,3000),(4606,8150101,2020013,400),(4607,8150101,2022003,400),(4608,8150101,2000006,400),(4609,8150101,2000005,400),(4610,8150101,4006001,1500),(4611,8150101,4020007,600),(4612,8150101,4030012,300),(4613,8150101,4010002,600),(4614,8150101,4130012,1000),(4615,8150101,4130013,1000),(4616,8150101,4130006,1000),(4617,8150302,1442020,9000),(4618,8150302,1002531,3000),(4619,8150302,1051095,3000),(4620,8150302,1051096,3000),(4621,8150302,1082127,3000),(4622,8150302,1060104,3000),(4623,8150302,1040115,3000),(4624,8150302,1332027,9000),(4625,8150302,1072214,3000),(4626,8150302,2020013,400),(4627,8150302,2022003,400),(4628,8150302,2000006,400),(4629,8150302,2000005,400),(4630,8150302,4006000,1500),(4631,8150302,4006001,1500),(4632,8150201,1402016,9000),(4633,8150201,1002530,3000),(4634,8150201,1092027,5000),(4635,8150201,1041122,3000),(4636,8150201,1061121,3000),(4637,8150201,1072208,3000),(4638,8150201,1382035,9000),(4639,8150201,1051101,3000),(4640,8150201,1082158,3000),(4641,8150201,1050098,3000),(4642,8150201,2020013,400),(4643,8150201,2022003,400),(4644,8180001,1322045,9000),(4645,8180001,1402035,9000),(4646,8180001,1462015,9000),(4647,8180001,1452019,9000),(4648,8180001,2000004,600),(4649,8180001,2000005,600),(4650,8180001,2041002,18000),(4651,8180001,2041005,18000),(4652,8180001,2040805,18000),(4653,8180001,2040005,18000),(4654,8180001,2040505,18000),(4655,8180001,2040502,18000),(4656,8180001,2040501,18000),(4657,8180001,2040513,18000),(4658,8180001,2040516,18000),(4659,8180001,2040702,18000),(4660,8180001,2040705,18000),(4661,8180001,2043802,18000),(4662,8180001,4000243,5),(4663,8180001,4004003,1500),(4664,8190000,1040113,3000),(4665,8190000,1060102,3000),(4666,8190000,1002398,3000),(4667,8190000,2020013,400),(4668,8190000,2022003,400),(4669,8190000,2000006,400),(4670,8190000,2000005,400),(4671,8190000,4000272,5),(4672,8190000,4006000,1500),(4673,8180000,1302056,9000),(4674,8180000,1312030,9000),(4675,8180000,1382035,9000),(4676,8180000,1472053,9000),(4677,8180000,2000004,600),(4678,8180000,2000005,600),(4679,8180000,2044501,18000),(4680,8180000,2044701,18000),(4681,8180000,2044601,18000),(4682,8180000,2043301,18000),(4683,8180000,2040804,18000),(4684,8180000,2043101,18000),(4685,8180000,2043201,18000),(4686,8180000,2043001,18000),(4687,8180000,2044401,18000),(4688,8180000,2040708,18000),(4689,8180000,2044301,18000),(4690,8180000,2043801,18000),(4691,8180000,2044101,18000),(4692,8180000,2044201,18000),(4693,8180000,2044001,18000),(4694,8180000,2043701,18000),(4695,8180000,4004002,1500),(4696,8180000,4001076,5),(4697,8180000,4000235,5),(4698,8180000,4004000,1500),(4699,8180000,4004001,1500),(4700,8160000,1032023,3000),(4701,8160000,1092015,5000),(4702,8160000,1051079,3000),(4703,8160000,1442019,8000),(4704,8160000,1050081,3000),(4705,8160000,1092026,5000),(4706,8160000,1041120,3000),(4707,8160000,1082123,3000),(4708,8160000,1072179,3000),(4709,8160000,1051095,3000),(4710,8160000,1051063,3000),(4711,8160000,1462009,8000),(4712,8160000,1452015,8000),(4713,8160000,1002403,3000),(4714,8160000,1472028,8000),(4715,8160000,1472031,8000),(4716,8160000,1002329,3000),(4717,8160000,1060107,3000),(4718,8160000,1040118,3000),(4719,8160000,1072213,3000),(4720,8160000,2022003,400),(4721,8160000,2000006,400),(4722,8160000,2040602,8000),(4723,8160000,2040705,8000),(4724,8160000,4000151,5),(4725,8160000,4004003,1500),(4726,8160000,4006000,1500),(4727,8160000,4020002,600),(4728,8160000,4010001,600),(4729,8170000,1102031,3000),(4730,8170000,1032017,3000),(4731,8170000,1092017,5000),(4732,8170000,1050083,3000),(4733,8170000,1092026,5000),(4734,8170000,1060102,3000),(4735,8170000,1092027,5000),(4736,8170000,1050072,3000),(4737,8170000,1072178,3000),(4738,8170000,1051069,3000),(4739,8170000,1462013,8000),(4740,8170000,1452012,8000),(4741,8170000,1002404,3000),(4742,8170000,1002281,3000),(4743,8170000,1332018,8000),(4744,8170000,1061106,3000),(4745,8170000,2000006,400),(4746,8170000,2000005,400),(4747,8170000,2002001,400),(4748,8170000,2040802,8000),(4749,8170000,2040702,8000),(4750,8170000,4004004,1500),(4751,8170000,4000152,5),(4752,8170000,4006001,1500),(4753,8170000,4020008,600),(4754,8170000,4010005,600),(4755,8170000,4010004,600),(4756,8190002,1032023,3000),(4757,8190002,1412021,9000),(4758,8190002,1051101,3000),(4759,8190002,1082158,3000),(4760,8190002,1002406,3000),(4761,8190002,1050097,3000),(4762,8190002,2022003,400),(4763,8190002,2000006,400),(4764,8190005,1051103,3000),(4765,8190005,1072225,3000),(4766,8190005,1050097,3000),(4767,8510000,1402005,9000),(4768,8510000,1412010,9000),(4769,8510000,1302023,9000),(4770,8510000,1322029,9000),(4771,8510000,1040121,3000),(4772,8510000,1040121,3000),(4773,8510000,1060110,3000),(4774,8510000,1041123,3000),(4775,8510000,1061122,3000),(4776,8510000,1051102,3000),(4777,8510000,1050103,3000),(4778,8510000,1051106,3000),(4779,8510000,1050107,3000),(4780,8510000,1050097,3000),(4781,8510000,1051091,3000),(4782,8510000,2040504,18000),(4783,8510000,2040501,18000),(4784,8510000,2040513,18000),(4785,8510000,2040516,18000),(4786,8510000,2040401,18000),(4787,8190003,1072221,3000),(4788,8190003,1002377,3000),(4789,8190003,1302056,9000),(4790,8190003,1051106,3000),(4791,8190003,4006000,1500),(4792,8190004,1060111,3000),(4793,8190004,1040121,3000),(4794,8190004,1051102,3000),(4795,8190004,1082151,3000),(4796,8190004,1002380,3000),(4797,8190004,1072215,3000),(4798,8190004,2022003,400),(4799,8190004,4006001,1500),(4830,8800002,1412010,9000),(4831,8800002,1402016,9000),(4832,8800002,1432011,9000),(4833,8800002,1302023,9000),(4834,8800002,1442020,9000),(4835,8800002,1422013,9000),(4836,8800002,1322029,9000),(4837,8800002,1312015,9000),(4838,8800002,1442002,9000),(4839,8800002,1382008,9000),(4840,8800002,1372009,9000),(4841,8800002,1462018,9000),(4842,8800002,1452017,9000),(4843,8800002,1472031,9000),(4844,8800002,1472033,9000),(4845,8800002,1332027,9000),(4846,8800002,2020014,600),(4847,8800002,2020015,600),(4848,8800002,2001001,600),(4849,8800002,2000006,600),(4850,8800002,2000005,600),(4851,8800002,4006000,4501),(4852,8800002,4006001,4501),(4871,9500144,2022077,400),(4872,9500144,2022076,400),(4873,9500144,2022075,400),(4874,9500144,1092035,5000),(4875,9500144,1032034,100),(4876,9500144,1002524,100),(4877,9500144,2022035,400),(4878,9500144,4031325,300),(4879,9500144,4000214,100),(4880,9500144,4000217,100),(4881,9500144,4000221,100),(4882,9500144,4000210,100),(4883,9500144,4000211,100),(4884,9400505,4000038,300),(4885,9500151,5072000,300),(4886,9500151,5390000,300),(4887,9500151,5390001,300),(4888,5130103,5072000,4500),(4889,5130103,5390000,7500),(4890,5130103,5390001,7500),(4891,9400566,5160002,10),(4892,9400566,1072233,10),(4893,9400566,1071014,10),(4894,9400566,1002478,10),(4895,9400566,1002251,10),(4896,9400504,4031018,300),(4897,9300107,4001102,5),(4898,6230602,2000002,400),(4899,6230602,2000004,400),(4900,6230602,2002000,400),(4901,6230602,4000207,5),(4902,6230602,4030012,300),(4903,6230602,4010000,600),(4904,6230602,4020003,600),(4905,6230602,1332017,7000),(4906,6230602,1092011,5000),(4907,6230602,1082103,3000),(4908,6230602,1302011,7000),(4909,6230602,1002084,2400),(4910,6230602,1002246,2400),(4911,6230602,1082098,3000),(4912,6230602,1082082,2400),(4913,6230602,1082106,3000),(4914,6230602,1002269,2400),(4915,6230602,1082085,2400),(4916,6230602,1002285,3000),(4917,6230602,1082096,3000),(4918,6230602,1472023,7000),(4919,6230602,1041078,2400),(4920,6230602,1002248,2400),(4921,4130100,1332016,7000),(4922,5130100,1332016,7000),(4923,2110200,1382012,7000),(4924,3210100,4000024,5),(4925,1210103,4000037,5),(4926,120100,1332006,7000),(4927,9400566,5160003,10),(4928,9400566,5390002,10),(4929,9400566,1702071,10),(4930,9400566,1702075,10),(4931,9400566,1702086,10),(4932,8141300,4000183,5),(4933,8142100,4000184,5),(4934,1210101,4000002,12),(4936,3000002,4000068,5),(4937,3000003,4000068,5),(4938,3000004,4000068,5),(4940,5150001,4000206,5),(4941,4230126,4000205,5),(4943,4230125,4000204,5),(4944,2230111,4000197,5),(4946,2230110,4000196,5),(4947,1140100,4000195,5),(4948,7130103,4000208,5),(4949,9000301,4031013,15),(4950,9000300,4031013,15),(4951,9000200,4031013,15),(4952,9000201,4031013,15),(4953,9000001,4031013,15),(4954,9000002,4031013,15),(4955,9000100,4031013,15),(4956,9000101,4031013,15),(4957,8140500,1332026,9000),(4958,4230105,2022039,12000),(4959,6300005,2070007,6500),(4960,2230102,4031155,300),(4961,6230500,1332019,8000),(4962,6400002,1332019,8000),(4963,7130002,1332019,8000),(4964,7130010,1332022,8000),(4965,4230120,4000121,5),(4966,9400013,4000225,5),(4967,9400013,1032019,2400),(4968,9400013,1322026,8000),(4969,9400013,1102013,2400),(4970,9400013,1092015,5000),(4971,9400013,1002276,2400),(4972,9400013,1002403,2400),(4973,9400013,1412009,8000),(4974,9400013,1402004,8000),(4975,9400013,1382016,9000),(4976,9400013,1472027,8000),(4977,9400013,2041034,8000),(4978,9400013,2040306,8000),(4979,9400013,2043704,8000),(4980,9400013,2044605,150000),(4981,9400014,1402037,778),(4982,9400014,1032027,222),(4983,9400014,2041039,444),(4984,9400014,2041031,444),(4985,9400014,2040715,444),(4986,9400014,2041030,278),(4987,9400014,2040716,278),(4988,9400014,4000224,10),(4989,9400121,4000138,10),(4990,9400121,1072239,444),(4991,9400121,1422013,556),(4993,9400121,1432011,556),(4994,9400121,1332022,556),(4995,9400121,1402016,556),(4996,9400121,1442020,556),(4997,9400121,1382010,556),(4998,9400121,1372009,556),(4999,9400121,1082085,389),(5000,9400121,1452026,556),(5001,9400121,1332027,556),(5002,9400121,1472033,556),(5003,9400121,1462021,556),(5004,9400111,1462009,8000),(5005,9400110,4000092,5),(5006,9400111,4000093,5),(5007,9400012,4000223,5),(5008,9400012,2000006,400),(5009,9400012,4130005,1000),(5010,9400012,4131003,1000),(5011,9400012,2040516,12000),(5012,9400012,2040603,4500),(5013,9400012,2040707,12000),(5014,9400012,2040716,8000),(5015,9400012,2044504,8000),(5016,9400012,2040520,8000),(5017,9400012,1002084,2400),(5018,9400012,1412007,7000),(5019,9400012,1332017,7000),(5020,9400012,1041091,2400),(5021,9400012,1432006,7000),(5022,9400012,1040087,2400),(5023,9400012,1382006,7000),(5024,9400012,1051046,2400),(5025,9400012,1462008,7000),(5026,9400012,1002269,2400),(5027,9400012,1041095,2400),(5028,9400103,4000137,5),(5029,9400103,2001001,400),(5030,9400103,2000011,400),(5031,9400103,2070004,10000),(5032,9400103,2041032,8000),(5033,9400103,2043304,8000),(5034,9400103,2041012,4500),(5035,9400103,1442025,7000),(5036,9400103,1102000,2400),(5037,9400103,1322021,7000),(5038,9400103,1442015,7000),(5039,9400103,1442005,7000),(5040,9400103,1432004,7000),(5041,9400103,1061098,2400),(5042,9400103,1082062,2400),(5043,9400103,1051052,2400),(5044,9400103,1050055,2400),(5045,9400103,1002212,2400),(5046,9400103,1082084,2400),(5048,9400103,1061099,2400),(5049,9400103,1092018,5000),(5050,4230125,4020007,600),(5051,4230125,2060000,200),(5052,4230125,2061000,200),(5053,4230125,1002047,2400),(5054,4230125,1002144,2400),(5055,4230125,1002178,2400),(5056,4230125,1332016,7000),(5057,4230125,1072118,2400),(5058,4230125,2070002,10000),(5059,4230125,4006000,1500),(5060,4230125,2044301,12000),(5061,4230125,2040705,8000),(5062,4230124,4004004,1500),(5063,4230124,2041019,12000),(5064,4230124,1041076,2400),(5065,4230124,1060073,2400),(5066,4230124,1412005,7000),(5067,4230124,1040096,2400),(5068,4230126,2041014,8000),(5069,4230126,4020003,600),(5070,4230126,2000004,400),(5071,4230126,4020006,600),(5072,4230126,2060000,200),(5073,4230126,2061000,200),(5074,4230126,1041084,2400),(5075,4230126,1060075,2400),(5076,4230126,1060069,2400),(5077,4230126,1050048,2400),(5078,4230126,1051032,2400),(5079,4230126,1082066,2400),(5080,4230126,1082092,2400),(5081,4230126,1082089,2400),(5082,4230126,1082059,2400),(5083,4230121,4000122,5),(5084,4230121,4020005,600),(5085,4230120,4131004,1000),(5086,4230120,4020003,600),(5087,4230120,4004001,1500),(5088,4230120,2060000,200),(5089,4230120,1061080,2400),(5090,4230120,1041081,2400),(5091,4230120,1061071,2400),(5092,4230120,1072131,2400),(5093,7130600,2000006,400),(5094,7130600,2000004,400),(5095,7130600,4010001,600),(5096,7130600,4010000,600),(5097,7130600,2044101,12000),(5098,7130600,2041008,8000),(5099,7130600,4006001,1500),(5100,7130600,4004002,1500),(5101,7130600,1072211,3000),(5102,7130600,1332019,8000),(5103,7130600,4000260,5),(5104,4230123,2048004,12000),(5105,4230123,4031266,300),(5106,4230123,2044501,12000),(5107,4230123,1442009,7000),(5108,4230123,2060000,200),(5109,4230123,2061000,200),(5110,4230123,1452008,7000),(5111,4230123,1041083,2400),(5112,4230123,1061082,2400),(5113,7130601,2000006,400),(5114,7130601,2000004,400),(5115,7130601,4020007,600),(5116,7130601,4020001,600),(5117,7130601,2044602,8000),(5118,7130601,2043701,12000),(5119,7130601,4006000,1500),(5120,7130601,4004003,1500),(5121,7130601,1040106,3000),(5122,7130601,1060094,3000),(5123,7130601,1002252,3000),(5124,7130601,1082125,3000),(5125,7130601,1072212,3000),(5126,7130601,1462009,8000),(5127,7130601,1322019,8000),(5128,7130601,4000261,5),(5129,4230117,4130001,1000),(5130,4230117,4010003,600),(5131,4230117,4020007,600),(5132,4230117,2002007,400),(5133,4230117,4004000,1500),(5134,4230117,2000002,400),(5135,4230117,2000003,400),(5136,4230117,2060000,200),(5137,4230117,2061000,200),(5138,4230117,2070002,10000),(5139,4230117,1082047,2400),(5140,4230117,1082008,2400),(5141,4230117,1041085,2400),(5142,4230117,1061084,2400),(5143,4230117,1060068,2400),(5144,4230116,4130002,1000),(5145,4230116,2060000,200),(5146,4230116,4020007,600),(5147,4230116,1082062,2400),(5148,4230116,1060073,2400),(5149,4230116,1050047,2400),(5150,4230119,2061000,200),(5151,4230119,4131004,1000),(5152,4230118,4000119,5),(5153,4230118,4020006,600),(5154,4230118,2000002,400),(5155,4230118,2060000,200),(5156,4230118,2061000,200),(5157,4230118,1061063,2400),(5158,4230118,1061070,2400),(5159,4230118,1041075,2400),(5160,4230118,1040000,2400),(5161,4230118,1060075,2400),(5162,4230118,1072143,2400),(5163,4230113,2060000,200),(5164,4230113,2061000,200),(5165,4230113,1332016,7000),(5166,4230112,1082025,2400),(5167,4230115,2060000,200),(5168,4230115,2061000,200),(5169,3210100,4020007,600),(5170,3210100,1002141,2400),(5171,3210100,4010002,600),(5172,3210100,1372003,7000),(5173,3210100,2000001,400),(5174,4230114,2060000,200),(5175,4230114,2061000,200),(5176,130101,1402001,7000),(5177,130101,1082029,2400),(5178,130101,1061029,2400),(5179,130101,2010009,400),(5180,7130004,4000231,5),(5181,7130004,2000006,400),(5182,7130004,4010004,600),(5183,7130004,4020004,600),(5184,7130004,2041008,8000),(5185,7130004,2044401,12000),(5186,7130004,4004004,1500),(5187,7130004,1082107,3000),(5188,7130004,1032022,3000),(5189,130100,2060000,200),(5190,130100,2061000,200),(5191,130100,2010009,400),(5192,130100,1061014,2400),(5193,1140100,2060000,200),(5194,1140100,2061000,200),(5195,1140100,2040501,12000),(5196,1140100,1061058,2400),(5197,1140100,1041029,2400),(5198,1140100,1061027,2400),(5199,1140100,1072046,2400),(5200,1140100,1072066,2400),(5201,1140100,1082018,2400),(5202,1140100,1412012,7000),(5203,7130001,1312009,7000),(5204,7130001,1061094,2400),(5205,7130001,1051054,2400),(5206,7130003,4000237,5),(5207,7130003,4010003,600),(5208,7130003,4020003,600),(5209,7130003,2044101,12000),(5210,7130003,2041002,8000),(5211,7130003,4004003,1500),(5212,7130003,1412008,8000),(5213,7130002,4000236,5),(5214,7130002,4010000,600),(5215,7130002,4020001,600),(5216,7130002,2040902,8000),(5217,7130002,2040801,12000),(5218,7130002,4006000,1500),(5219,7130002,4004001,1500),(5220,7130002,1002285,3000),(5221,7130002,1092011,5000),(5222,6130209,4000289,5),(5223,6130209,4000021,200),(5224,6130209,4003005,200),(5225,6130209,4020004,600),(5226,6130209,4020002,600),(5227,6130209,2000002,400),(5228,6130209,2000004,400),(5229,6130209,4004003,1500),(5230,6130209,4130014,1000),(5231,6130209,1032014,2400),(5232,6130209,1040096,2400),(5233,6130209,1060085,2400),(5234,6130209,1092015,5000),(5235,6130209,1332019,8000),(5236,6130209,4006000,1500),(5237,6130209,2040301,12000),(5238,4110302,2000002,400),(5239,4110302,2000003,400),(5240,4110302,4020000,600),(5241,4110302,4020006,600),(5242,4110302,4130012,1000),(5243,4110302,2044102,8000),(5244,4110302,1372007,7000),(5245,4110302,1002215,2400),(5246,4110302,4006001,1500),(5247,4110302,1040089,2400),(5248,4110302,1050045,2400),(5249,4110302,4004002,1500),(5250,4110302,2040001,12000),(5251,4110302,4000359,5),(5252,6130208,2000002,400),(5253,6130208,2000004,400),(5254,6130208,4010002,600),(5255,6130208,4004001,1500),(5256,6130208,1092015,5000),(5257,6130208,1050088,3000),(5258,6130208,1072085,2400),(5259,6130208,1032015,3000),(5260,6130208,1051078,3000),(5261,6130208,1002289,3000),(5262,6130208,1462008,7000),(5263,6130208,1322018,7000),(5264,6130208,2043302,8000),(5265,4110301,2000002,400),(5266,4110301,2000003,400),(5267,4110301,4010002,600),(5268,4110301,4010004,600),(5269,4110301,4004000,1500),(5270,4110301,2060000,200),(5271,4110301,2061000,200),(5272,4110301,2040504,12000),(5273,4110301,2044002,8000),(5274,4110301,1002085,2400),(5275,4110301,1382001,7000),(5276,4110301,1082010,2400),(5277,4110301,1041077,2400),(5278,4110301,4000358,5),(5279,4110300,2000002,400),(5280,4110300,2000003,400),(5281,4110300,4010006,600),(5282,4110300,4020007,600),(5283,4110300,2000004,400),(5284,4110300,2060000,200),(5285,4110300,2061000,200),(5286,4110300,4004004,1500),(5287,4110300,2041019,12000),(5288,4110300,1002045,2400),(5289,4110300,1061062,2400),(5290,4110300,1041067,2400),(5291,4110300,1050037,2400),(5292,4110300,1041076,2400),(5293,4110300,1060073,2400),(5294,4110300,1412005,7000),(5295,4110300,1452007,7000),(5296,4110300,1002213,2400),(5297,4110300,1002085,2400),(5298,4110300,1032012,2400),(5299,4110300,1040096,2400),(5300,4110300,1060085,2400),(5301,4110300,4000357,5),(5302,6130207,4000282,5),(5303,6130207,4000021,200),(5304,6130207,4003005,200),(5305,6130207,2000002,400),(5306,6130207,2000006,400),(5307,6130207,4020004,600),(5308,6130207,1040109,3000),(5309,6130207,1060098,3000),(5310,6130207,1032011,2400),(5311,6130207,1102017,2400),(5312,6130207,1051030,2400),(5313,6130207,1002210,2400),(5314,6130207,1051046,2400),(5315,6130207,1452008,7000),(5316,6130207,2043701,12000),(5317,7130020,2002003,400),(5318,7130020,2020015,400),(5319,7130020,2022040,400),(5320,7130020,4010001,600),(5321,7130020,4004003,1500),(5322,7130020,4006001,1500),(5323,7130020,1002329,3000),(5324,7130020,1041101,3000),(5325,7130020,1051078,3000),(5326,7130020,1072194,3000),(5327,6130204,4000295,5),(5328,6130204,4003005,200),(5329,6130204,4000021,200),(5330,6130204,2000002,400),(5331,6130204,2000006,400),(5332,6130204,2000004,400),(5333,6130204,4020004,600),(5334,6130204,4010006,600),(5335,6130204,1040093,2400),(5336,6130204,1060082,2400),(5337,6130204,1051064,3000),(5338,6130204,1051065,3000),(5339,6130204,1082062,2400),(5340,6130204,1040104,3000),(5341,6130204,1060092,3000),(5342,6130204,4004000,1500),(5343,6130204,1040107,3000),(5344,6130204,1060095,3000),(5345,6130204,2040301,12000),(5346,6130204,2043001,12000),(5347,6130204,1402011,7000),(5348,6130204,1402003,7000),(5349,6130202,4000173,5),(5350,6130202,1082086,2400),(5351,6130202,1072144,2400),(5352,6130202,2040401,12000),(5353,6130202,1041091,2400),(5354,6130202,1061090,2400),(5355,6130202,2040004,12000),(5356,6130202,2040501,12000),(5357,6130202,1040089,2400),(5358,6130202,1060078,2400),(5359,6130203,4000283,5),(5360,6130203,4000285,5),(5361,6130203,4000021,200),(5362,6130203,4003005,200),(5363,6130203,2000006,400),(5364,6130203,2000004,400),(5365,6130203,4020007,600),(5366,6130203,4010005,600),(5367,6130203,2070005,10000),(5368,6130203,1041083,2400),(5369,6130203,1061082,2400),(5370,6130203,1072090,2400),(5371,6130203,1041079,2400),(5372,6130203,1061078,2400),(5373,6130203,1002215,2400),(5374,6130203,1102015,2400),(5375,6130203,1050056,2400),(5376,6130200,2043701,12000),(5377,6130200,2041001,12000),(5378,6130200,1082087,2400),(5379,6130200,1072152,2400),(5380,6130200,1051042,2400),(5381,6130200,1082098,3000),(5382,8180001,1302056,900),(5383,8180001,1312030,900),(5384,8180001,1332051,900),(5385,8180001,1332052,900),(5386,8180001,1372010,900),(5387,8180001,1382035,900),(5388,8180001,1412021,900),(5389,8180001,1422027,900),(5390,8180001,1432030,900),(5391,8180001,1442044,900),(5392,8180001,1472053,900),(5393,8180001,2040002,800),(5394,8180001,2040302,800),(5395,8180001,2040402,800),(5396,8180001,2040602,800),(5397,8180001,2040708,800),(5398,8180001,2040802,800),(5399,8180001,2040902,800),(5400,8180001,4004000,150),(5401,8180001,4004001,150),(5402,8180001,4004002,150),(5403,8180001,4000244,400),(5404,8180001,4000245,400),(5405,8180001,4031457,100),(5406,8180000,1322045,900),(5407,8180000,1332051,900),(5408,8180000,1332052,900),(5409,8180000,1372010,900),(5410,8180000,1402035,900),(5411,8180000,1412021,900),(5412,8180000,1422027,900),(5413,8180000,1432030,900),(5414,8180000,1442044,900),(5415,8180000,1452019,900),(5416,8180000,1462015,900),(5417,8180000,2040805,800),(5418,8180000,4004003,150),(5419,8180000,4000244,400),(5420,8180000,4000245,400),(5421,2110300,2000001,400),(5422,2110300,2000003,400),(5423,2110300,2060000,200),(5424,2110300,2061000,200),(5425,2110300,2002004,400),(5426,2110300,4020007,600),(5427,2110300,4020000,600),(5428,2110300,2044501,12000),(5429,2110300,1402002,7000),(5430,2110300,1032004,2400),(5431,2110300,1050001,2400),(5432,2110300,1002055,2400),(5433,2110300,1040049,2400),(5434,2110300,1060037,2400),(5435,2110300,1082068,2400),(5436,2110300,1432001,7000),(5437,2110300,4010007,600),(5438,2110300,4000350,5),(5439,2110301,2000001,400),(5440,2110301,2000003,400),(5441,2110301,2060000,200),(5442,2110301,2061000,200),(5443,2110301,2002005,400),(5444,2110301,4010002,600),(5445,2110301,4010001,600),(5446,2110301,4004002,1500),(5447,2110301,2043002,8000),(5448,2110301,2043701,12000),(5449,2110301,1332009,7000),(5450,2110301,1412004,7000),(5451,2110301,1040062,2400),(5452,2110301,1060051,2400),(5453,2110301,1050029,2400),(5454,2110301,1002164,2400),(5455,2110301,1082005,2400),(5456,2110301,4031568,300),(5457,2110301,4010007,600),(5458,2110301,4000351,5),(5459,4230110,1061062,2400),(5460,4230110,1061083,2400),(5461,4230111,2060000,200),(5462,4230111,2061000,200),(5463,4230108,2060000,200),(5464,4230108,2061000,200),(5465,4230108,1002209,2400),(5466,6230200,1061093,2400),(5467,6230200,1332017,7000),(5468,6230200,1051052,2400),(5469,6230200,1072164,3000),(5470,6230200,1072155,3000),(5471,4230109,2060000,200),(5472,4230109,2061000,200),(5473,4230106,2060000,200),(5474,4230106,2061000,200),(5475,4230104,1060084,2400),(5476,4230103,4000039,5),(5477,4230103,2060000,200),(5478,4230103,2061000,200),(5479,4230100,1032008,2400),(5480,4230100,4010005,600),(5481,4230100,1060057,2400),(5482,4230100,2000006,400),(5483,4230101,1060063,2400),(5484,4230101,1040000,2400),(5485,4230101,1082037,2400),(5486,4230101,1041068,2400),(5487,5300000,4020007,600),(5488,5300000,1032002,2400),(5489,1210100,1422000,7000),(5490,1210100,2060000,200),(5491,1210100,2061000,200),(5492,1210100,1061028,2400),(5493,1210100,2010009,400),(5494,1210101,1040034,2400),(5495,1210101,2060000,200),(5496,1210101,2061000,200),(5497,1210102,1432000,7000),(5498,1210102,2060000,200),(5499,1210102,2061000,200),(5500,1210103,2060000,200),(5501,1210103,2061000,200),(5502,1210103,1432000,7000),(5503,1210103,1061058,2400),(5504,4230600,2000003,400),(5505,4230600,2060000,200),(5506,4230600,2061000,200),(5507,4230600,2000002,400),(5508,4230600,4000332,5),(5509,4230600,4020001,600),(5510,4230600,4004003,1500),(5511,4230600,4006001,1500),(5512,4230600,2044401,12000),(5513,4230600,2070003,10000),(5514,4230600,1372012,7000),(5515,4230600,1432003,7000),(5516,4230600,1452007,7000),(5517,4230600,1102000,2400),(5518,4230600,1002210,2400),(5519,4230600,1072002,2400),(5520,4230600,1082055,2400),(5521,4230600,1041082,2400),(5522,4230600,1061081,2400),(5523,4230600,4010007,600),(5524,8170000,1332019,8000),(5525,8170000,1072177,3000),(5526,8170000,1041107,3000),(5527,8170000,1072211,3000),(5528,8170000,1050095,3000),(5529,8170000,1040113,3000),(5530,8170000,1072227,3000),(5531,6110301,2000002,400),(5532,6110301,2000006,400),(5533,6110301,2000004,400),(5534,6110301,4020005,600),(5535,6110301,4010002,600),(5536,6110301,4004001,1500),(5537,6110301,1092015,5000),(5538,6110301,1472027,8000),(5539,6110301,1050088,3000),(5540,6110301,1072080,2400),(5541,6110301,1072085,2400),(5542,6110301,1032015,3000),(5543,6110301,1050081,3000),(5544,6110301,1051078,3000),(5545,6110301,1002289,3000),(5546,6110301,1462008,7000),(5547,6110301,1322018,7000),(5548,6110301,2043302,8000),(5549,6110301,4000363,5),(5550,6110300,2000006,400),(5551,6110300,4020007,600),(5552,6110300,4010000,600),(5553,6110300,4004000,1500),(5554,6110300,1041078,2400),(5555,6110300,1041089,2400),(5556,6110300,1002022,2400),(5557,6110300,1032019,2400),(5558,6110300,1051047,2400),(5559,6110300,1040099,2400),(5560,6110300,1060088,2400),(5561,6110300,1432006,7000),(5562,6110300,1462008,7000),(5563,6110300,1472024,7000),(5564,6110300,1102022,2400),(5565,6110300,1382007,7000),(5566,6110300,1472026,8000),(5567,6110300,1082107,3000),(5568,6110300,1040104,3000),(5569,6110300,1060092,3000),(5570,6110300,1072157,3000),(5571,6110300,1032020,2400),(5572,6110300,1051062,3000),(5573,6110300,4000354,5),(5574,100101,2010009,400),(5575,8140500,1050070,2400),(5576,8140500,1072164,3000),(5577,8140500,1082121,3000),(5578,8140500,1040115,3000),(5579,8140500,1072195,3000),(5580,100100,2010009,400),(5581,7130500,4000226,5),(5582,7130500,4010001,600),(5583,7130500,4020000,600),(5584,7130500,2040002,8000),(5585,7130500,2040705,8000),(5586,7130500,4006001,1500),(5587,7130500,4004000,1500),(5588,7130500,1002095,3000),(5589,7130500,4000227,5),(5590,7130500,4000228,5),(5591,7130501,4000229,5),(5592,7130501,4010002,600),(5593,7130501,4020002,600),(5594,7130501,2040505,8000),(5595,7130501,2043002,8000),(5596,7130501,4004002,1500),(5597,7130501,4000230,5),(5598,8140000,4003005,200),(5599,8140000,1040104,3000),(5600,8140000,1060092,3000),(5601,8140000,1072172,3000),(5602,8140000,1051082,3000),(5603,8140001,4000238,5),(5604,8140001,2000005,400),(5605,8140001,4010005,600),(5606,8140001,4020005,600),(5607,8140001,2044602,8000),(5608,8140001,2041005,8000),(5609,8140001,4004000,1500),(5610,8140001,2000002,400),(5611,8140001,1082114,3000),(5612,8140002,4000239,5),(5613,8140002,4010006,600),(5614,8140002,4020007,600),(5615,8140002,2040707,12000),(5616,8140002,2043301,12000),(5617,8140002,4006001,1500),(5618,8140002,4004001,1500),(5619,8140002,4000240,5),(5620,7130103,2002004,400),(5621,7130103,1060081,2400),(5622,7130103,1061091,2400),(5623,7130103,1041095,2400),(5624,7130103,1061094,2400),(5625,7130103,1050061,3000),(5626,7130101,1041091,2400),(5627,7130101,1061090,2400),(5628,7130101,1061102,3000),(5629,7130101,1002284,3000),(5630,7130100,2000004,400),(5631,7130100,1040100,2400),(5632,8150201,2000006,400),(5633,8150201,2000005,400),(5634,8150201,4010001,600),(5635,8150201,4020002,600),(5636,8150201,4004004,1500),(5637,8150201,2040302,8000),(5638,8150201,2040501,12000),(5639,8150201,4000267,5),(5640,8150201,4000244,4000),(5641,8150201,4000245,4000),(5642,8150201,1082136,3000),(5643,8150200,2000006,400),(5644,8150200,2022003,400),(5645,8150200,4010005,600),(5646,8150200,4010002,600),(5647,8150200,4004004,1500),(5648,8150200,1051105,3000),(5649,8150200,1092026,5000),(5650,8150200,2040001,12000),(5651,8150200,2043301,12000),(5652,8150200,4000266,5),(5653,8150200,4000244,4000),(5654,8150200,4000245,4000),(5655,7130104,2000002,400),(5656,7130104,2000006,400),(5657,7130104,2000004,400),(5658,7130104,4010001,600),(5659,7130104,4020000,600),(5660,7130104,4006001,1500),(5661,7130104,4004000,1500),(5662,7130104,1002095,3000),(5663,7130104,1051054,2400),(5664,7130104,1082110,3000),(5665,7130104,1072163,3000),(5666,7130104,1472028,8000),(5667,7130104,1032020,2400),(5668,7130104,1102023,2400),(5669,7130104,2040002,8000),(5670,7130104,2040705,8000),(5671,7130104,1332018,8000),(5672,7130104,1422010,8000),(5673,7130104,4000297,5),(5674,8141000,4031193,300),(5675,8141000,1041117,3000),(5676,8141000,1061116,3000),(5677,5120100,2000004,100),(5678,5120100,4004000,150),(5679,5120100,4020001,100),(5680,5120100,4010006,100),(5681,5120100,4020007,100),(5682,5120100,2044602,800),(5683,5120100,1061081,240),(5684,5120100,1082010,240),(5685,5120100,1082067,240),(5686,5120100,1060085,240),(5687,4240000,2060000,200),(5688,4240000,2061000,200),(5689,4240000,2000002,400),(5690,4240000,2002008,400),(5691,4240000,4010006,600),(5692,4240000,4020008,600),(5693,4240000,4004003,1500),(5694,4240000,4021009,600),(5695,4240000,1322016,7000),(5696,4240000,1041074,2400),(5697,4240000,1061069,2400),(5698,4240000,1332003,7000),(5699,4240000,1072130,2400),(5700,4240000,1072133,2400),(5701,4240000,1072125,2400),(5702,4230400,4020007,600),(5703,3210208,4000168,5),(5704,3210208,2044501,12000),(5705,8150100,4000180,5),(5706,8150100,4004002,1500),(5707,8150100,4130004,1000),(5708,8150100,2040901,12000),(5709,8150100,1040112,3000),(5710,8150100,1332022,8000),(5711,8150101,4000181,5),(5712,8150101,4006000,1500),(5713,8150101,2041022,12000),(5714,8150101,2043001,12000),(5715,8150101,1082143,3000),(5716,8150101,1072203,3000),(5717,8150101,1040117,3000),(5718,8150101,1302018,8000),(5719,8150101,1312011,8000),(5720,8150101,2040301,12000),(5721,8150101,1002326,3000),(5722,8150101,1072223,3000),(5723,8110300,2000006,400),(5724,8110300,2000005,400),(5725,8110300,4010005,600),(5726,8110300,4020005,600),(5727,8110300,2044602,8000),(5728,8110300,2041005,8000),(5729,8110300,4006000,1500),(5730,8110300,4004000,1500),(5731,8110300,2000002,400),(5732,8110300,2070005,10000),(5733,8110300,1082114,3000),(5734,8110300,1072158,3000),(5735,8110300,1002288,3000),(5736,8110300,1040107,3000),(5737,8110300,1060095,3000),(5738,8110300,1452011,8000),(5739,8110300,1442008,8000),(5740,8110300,1312010,8000),(5741,8110300,1102031,3000),(5742,8110300,4000355,5),(5743,8510000,2020013,100),(5744,8510000,2020015,100),(5745,8510000,2000005,100),(5746,8510000,2000004,100),(5747,8510000,4000175,100),(5748,4130102,1040080,2400),(5749,4130102,1060068,2400),(5750,4130102,1072110,2400),(5751,4130102,1082084,2400),(5752,4130102,1072132,2400),(5753,4130103,4000124,100),(5754,4130103,2060000,100),(5755,4130103,2061000,100),(5756,4130103,4005002,100),(5757,4130103,2040902,800),(5758,4130103,1060052,240),(5759,4130103,1051032,240),(5760,4130103,1472019,700),(5761,4130103,1072129,240),(5762,4130103,1072140,240),(5763,4130103,1082085,240),(5764,4130103,1312008,700),(5765,4130100,2000002,400),(5766,4130100,2000003,400),(5767,3210203,2060000,200),(5768,3210203,2061000,200),(5769,3210203,2000002,400),(5770,3210203,2000003,400),(5771,3210204,2060000,200),(5772,3210204,2061000,200),(5773,3210204,1040060,2400),(5774,3210204,1002004,2400),(5775,3210204,1072002,2400),(5776,3210204,1082071,2400),(5777,3210205,2060000,200),(5778,3210205,2061000,200),(5779,3210206,2060000,200),(5780,3210206,2061000,200),(5781,3210206,1072082,2400),(5782,3210206,1002179,2400),(5783,3210206,1051026,2400),(5784,3210206,1002168,2400),(5785,3210206,1060000,2400),(5786,3210206,1040081,2400),(5787,3210206,1060070,2400),(5788,3210206,1072132,2400),(5789,3210207,2060000,200),(5790,3210207,2061000,200),(5791,3210207,2043102,8000),(5792,3210207,4020007,600),(5793,3210207,1072076,2400),(5794,3210207,1072107,2400),(5795,3230104,1061046,2400),(5796,8142000,1051078,3000),(5797,8142000,1051067,3000),(5798,8142000,1082133,3000),(5799,8140300,2000004,400),(5800,8140300,1051055,2400),(5801,8140300,1061098,3000),(5802,5140000,4003005,200),(5803,5140000,2060000,200),(5804,5140000,2061000,200),(5805,3230103,2060000,200),(5806,3230103,2061000,200),(5807,3230103,2048002,8000),(5808,3230103,1002154,2400),(5809,3230103,1032011,2400),(5810,3230100,2060000,200),(5811,3230100,2061000,200),(5812,7130402,4010006,100),(5813,7130402,4020006,100),(5814,7130402,4004001,150),(5815,7130402,4006000,150),(5816,7130402,2000006,100),(5817,7130402,2000004,100),(5818,7130402,2002006,100),(5819,7130402,2041007,1200),(5820,7130402,1032019,240),(5821,7130402,1082090,240),(5822,7130402,1041092,240),(5823,7130402,1061091,240),(5824,7130402,2043001,1200),(5825,7130402,1032022,300),(5826,7130402,1402012,800),(5827,7130402,1072155,300),(5828,7130402,1422005,700),(5829,7130402,1041101,300),(5830,7130402,1061100,300),(5831,7130402,2070007,1000),(5832,7130401,4010004,100),(5833,7130401,4020000,100),(5834,7130401,4004002,150),(5835,7130401,4006001,150),(5836,7130401,2000006,100),(5837,7130401,2000004,100),(5838,7130401,2002000,100),(5839,7130401,2040601,1200),(5840,7130401,2040701,1200),(5841,7130401,1051041,240),(5842,7130401,1442010,700),(5843,7130401,1072158,300),(5844,7130401,1072163,300),(5845,7130401,1412008,800),(5846,7130401,1040106,300),(5847,7130401,1060094,300),(5848,7130401,1422009,700),(5849,7130401,1032022,300),(5850,7130401,1452010,800),(5851,7130401,2070007,1000),(5852,7130400,4010001,100),(5853,7130400,4020001,100),(5854,7130400,4004003,150),(5855,7130400,4006001,150),(5856,7130400,2000006,100),(5857,7130400,2000004,100),(5858,7130400,2002003,100),(5859,7130400,2040504,1200),(5860,7130400,1050058,240),(5861,7130400,1041094,240),(5862,7130400,1061093,240),(5863,7130400,2040302,800),(5864,7130400,1092016,500),(5865,7130400,1102021,240),(5866,7130400,1462009,800),(5867,7130400,1472024,700),(5868,7130400,1040102,300),(5869,7130400,1060090,300),(5870,7140000,1040107,3000),(5871,8220001,4000048,100),(5872,8220001,4000049,100),(5873,8220001,4000051,100),(5874,8220001,4000257,100),(5875,8220001,4000021,100),(5876,8220001,4004002,150),(5877,8220001,4010004,100),(5878,8220001,4020004,100),(5879,8220001,2000004,100),(5880,8220001,2000006,100),(5881,8220001,2022001,100),(5882,8220001,2022186,100),(5883,8220001,2043701,1200),(5884,8220001,2041016,1200),(5885,8220001,2043801,1200),(5886,8220001,2040804,1200),(5887,8220001,2040501,1200),(5888,8220001,2040601,1200),(5889,8220001,2040701,1200),(5890,8220001,2040801,1200),(5891,8220001,2040901,1200),(5892,8220001,2041001,1200),(5893,8220001,2041008,800),(5894,8220001,2043302,800),(5895,8220001,2043702,800),(5896,8220001,2041017,800),(5897,8220001,2043802,800),(5898,8220001,2060001,100),(5899,8220001,2061001,100),(5900,8220001,2070008,1000),(5901,8220001,1302023,900),(5902,8220001,1312015,900),(5903,8220001,1322029,900),(5904,8220001,1332027,900),(5905,8220001,1382035,900),(5906,8220001,1402016,900),(5907,8220001,1412010,900),(5908,8220001,1422013,900),(5909,8220001,1432011,900),(5910,8220001,1442020,900),(5911,8220001,1452017,900),(5912,8220001,1462018,900),(5913,8220001,1472033,900),(5914,8220001,1032017,300),(5915,8220001,1092028,500),(5916,8220000,4000073,100),(5917,8220000,4000074,100),(5918,8220000,4000021,100),(5919,8220000,4006000,150),(5920,8220000,4004004,150),(5921,8220000,4010006,100),(5922,8220000,4020008,100),(5923,8220000,2000004,100),(5924,8220000,2000006,100),(5925,8220000,2002003,100),(5926,8220000,2012001,100),(5927,8220000,2040707,1200),(5928,8220000,2041007,1200),(5929,8220000,2043701,1200),(5930,8220000,2044301,1200),(5931,8220000,2041019,1200),(5932,8220000,2044401,1200),(5933,8220000,2040001,1200),(5934,8220000,2040301,1200),(5935,8220000,2040401,1200),(5936,8220000,2043301,1200),(5937,8220000,2044302,800),(5938,8220000,2041020,800),(5939,8220000,2044402,800),(5940,8220000,2040002,800),(5941,8220000,2040302,800),(5942,8220000,2060001,100),(5943,8220000,2061001,100),(5944,8220000,1002532,300),(5945,8220000,1002366,300),(5946,8220000,1002405,300),(5947,8220000,1002326,300),(5948,8220000,1040113,300),(5949,8220000,1041121,300),(5950,8220000,1050095,300),(5951,8220000,1051097,300),(5952,8220000,1050091,300),(5953,8220000,1051085,300),(5954,8220000,1040117,300),(5955,8220000,1041117,300),(5956,8220000,1082130,300),(5957,8220000,1082134,300),(5958,8220000,1082127,300),(5959,8220000,1082144,300),(5960,8220000,1072198,300),(5961,8220000,1072209,300),(5962,8220000,1072205,300),(5963,8220000,1072194,300),(5964,6230100,4000027,5),(5965,6230100,2070004,10000),(5966,6230100,1422005,7000),(5967,6230100,1002218,2400),(5968,6230100,2000005,400),(5969,6230100,1002021,2400),(5970,6230100,1002166,2400),(5971,6230100,1060084,2400),(5972,6230100,1061086,2400),(5973,6230100,1051045,2400),(5974,6230100,1061102,3000),(5975,3230200,2060000,200),(5976,3230200,2061000,200),(5977,5110302,2000003,400),(5978,5110302,2000002,400),(5979,5110302,2000004,400),(5980,5110302,4010006,600),(5981,5110302,1082066,2400),(5982,5110302,1072146,2400),(5983,5110302,1041077,2400),(5984,5110302,1061076,2400),(5985,5110302,1051037,2400),(5986,5110302,1002029,2400),(5987,5110302,1002248,2400),(5988,5110302,1002269,2400),(5989,5110302,2040804,12000),(5990,5110302,2040901,12000),(5991,5110302,4000365,5),(5992,5110300,2000002,400),(5993,5110300,2000003,400),(5994,5110300,4004002,1500),(5995,5110300,4020005,600),(5996,5110300,1332011,7000),(5997,5110300,1072118,2400),(5998,5110300,1051038,2400),(5999,5110300,2040901,12000),(6000,5110300,2002003,400),(6001,5110300,2044602,8000),(6002,5110300,1041088,2400),(6003,5110300,1060077,2400),(6004,5110300,1312008,7000),(6005,5110300,4000360,5),(6006,5110301,4004004,1500),(6007,5110301,2000002,400),(6008,5110301,2000003,400),(6009,5110301,4020005,600),(6010,5110301,1002159,2400),(6011,5110301,1040057,2400),(6012,5110301,1082004,2400),(6013,5110301,1040096,2400),(6014,5110301,1060085,2400),(6015,5110301,1050052,2400),(6016,5110301,1040087,2400),(6017,5110301,1060076,2400),(6018,5110301,1040091,2400),(6019,5110301,1060080,2400),(6020,5110301,4000364,5),(6021,4230504,4000281,5),(6022,4230504,2000002,400),(6023,4230504,2000003,400),(6024,4230504,4010002,600),(6025,4230504,4010004,600),(6026,4230504,4004000,1500),(6027,4230504,2060000,200),(6028,4230504,2061000,200),(6029,4230504,2040504,12000),(6030,4230504,2044002,8000),(6031,4230504,1002085,2400),(6032,4230504,1382001,7000),(6033,4230504,1082010,2400),(6034,4230504,1041077,2400),(6035,4230504,4000279,5),(6036,5120001,4006000,1500),(6037,5120001,2041012,4500),(6038,4230505,4000291,5),(6039,4230505,2000002,400),(6040,4230505,2000003,400),(6041,4230505,4020000,600),(6042,4230505,4020006,600),(6043,4230505,4130012,1000),(6044,4230505,2044102,8000),(6045,4230505,1372007,7000),(6046,4230505,1002215,2400),(6047,4230505,4006001,1500),(6048,4230505,1040089,2400),(6049,4230505,1050045,2400),(6050,4230505,4004002,1500),(6051,4230505,2040001,12000),(6052,5120000,4003005,200),(6053,4230506,4000292,5),(6054,4230506,2000002,400),(6055,4230506,2000003,400),(6056,4230506,4010001,600),(6057,4230506,4020000,600),(6058,4230506,1041086,2400),(6059,4230506,1061085,2400),(6060,4230506,1302013,7000),(6061,4230506,1002083,2400),(6062,4230506,1032007,2400),(6063,4230506,1041080,2400),(6064,4230506,1061079,2400),(6065,4230506,1002212,2400),(6066,4230506,1041092,2400),(6067,4230506,1061091,2400),(6068,4230506,1102003,2400),(6069,4230506,4006001,1500),(6070,5120002,1060073,2400),(6071,5120002,1072123,2400),(6072,8810018,2020013,400),(6073,8810018,2020015,400),(6074,8810018,2000005,400),(6075,8810018,2000006,400),(6076,8810018,2000004,400),(6077,8810018,1302056,9000),(6078,8810018,1312030,9000),(6079,8810018,1322045,9000),(6080,8810018,1332051,9000),(6081,8810018,1332052,9000),(6082,8810018,1372010,9000),(6083,8810018,1382035,9000),(6084,8810018,1402035,9000),(6085,8810018,1412021,9000),(6086,8810018,1422027,9000),(6087,8810018,1432030,9000),(6088,8810018,1442044,9000),(6089,8810018,1452019,9000),(6090,8810018,1452020,9000),(6091,8810018,1452021,9000),(6092,8810018,1462015,9000),(6093,8810018,1462016,9000),(6094,8810018,1462017,9000),(6095,8810018,1472053,9000),(6096,8810018,1372032,9000),(6097,8810018,1302059,9000),(6098,8810018,1312031,9000),(6099,8810018,1322052,9000),(6100,8810018,1332049,9000),(6101,8810018,1332050,9000),(6102,8810018,1382036,9000),(6103,8810018,1402036,9000),(6104,8810018,1412026,9000),(6105,8810018,1422028,9000),(6106,8810018,1432038,9000),(6107,8810018,1442045,9000),(6108,8810018,1452044,9000),(6109,8810018,1462039,9000),(6110,8810018,1472051,9000),(6111,8810018,1472052,9000),(6112,8810018,1122000,3000),(6113,6230600,4000185,5),(6114,6230600,1041085,2400),(6115,6230600,1060080,2400),(6116,6230600,1061090,2400),(6117,6230600,1082098,3000),(6118,6230601,4000186,5),(6119,6230601,4010005,600),(6120,6230601,2041004,12000),(6121,6230601,1041097,3000),(6122,6230601,1061096,3000),(6123,6230601,2040001,12000),(6124,6230601,4020007,600),(6125,6230602,1082010,2400),(6126,6230602,1082065,2400),(6127,4230500,4000276,5),(6128,4230500,4000021,200),(6129,4230500,2060000,200),(6130,4230500,2061000,200),(6131,4230500,2040001,12000),(6132,4230500,2000002,400),(6133,4230500,4010006,600),(6134,4230500,2000003,400),(6135,4230500,1002023,2400),(6136,4230500,4010001,600),(6137,4230500,1002103,2400),(6138,4230500,1002092,2400),(6139,4230500,1002155,2400),(6140,4230500,1051016,2400),(6141,4230500,1061061,2400),(6142,4230500,1041066,2400),(6143,4230500,1050038,2400),(6144,4230500,1041095,2400),(6145,4230500,1061094,2400),(6146,4230501,4000277,5),(6147,4230501,4130010,1000),(6148,4230501,2060000,200),(6149,4230501,2061000,200),(6150,4230501,4010001,600),(6151,4230501,2000002,400),(6152,4230501,2000003,400),(6153,4230501,2040901,12000),(6154,4230501,1472018,7000),(6155,4230501,1032018,2400),(6156,4230501,1072110,2400),(6157,4230501,1051026,2400),(6158,4230501,1061076,2400),(6159,4230501,1002217,2400),(6160,4230501,4004002,1500),(6161,1130100,2060000,200),(6162,1130100,1402001,7000),(6163,1130100,1032003,2400),(6164,1130100,2061000,200),(6165,1130100,1002118,2400),(6166,4230502,4000278,5),(6167,4230502,2000002,400),(6168,4230502,2000003,400),(6169,4230502,4020008,600),(6170,4230502,4020004,600),(6171,4230502,4004003,1500),(6172,4230502,4130015,1000),(6173,4230502,2048004,12000),(6174,4230502,2070002,10000),(6175,4230502,2044501,12000),(6176,4230502,1442009,7000),(6177,4230502,2060000,200),(6178,4230502,2061000,200),(6179,4230502,1452008,7000),(6180,4230502,1002024,2400),(6181,4230502,1041083,2400),(6182,4230502,1061082,2400),(6183,4230503,4000281,5),(6184,4230503,2000002,400),(6185,4230503,2000003,400),(6186,4230503,4020005,600),(6187,4230503,4010004,600),(6188,4230503,4004001,1500),(6189,4230503,2060000,200),(6190,4230503,2061000,200),(6191,4230503,1032008,2400),(6192,4230503,1002081,2400),(6193,4230503,1040089,2400),(6194,4230503,1060078,2400),(6195,4230503,1050052,2400),(6196,4230503,1102001,2400),(6197,4230503,2040705,8000),(6198,4230503,4000280,5),(6199,3110301,2000003,400),(6200,3110301,2060000,200),(6201,3110301,2061000,200),(6202,3110301,2000002,400),(6203,3110301,4010005,600),(6204,3110301,4020000,600),(6205,3110301,4006000,1500),(6206,3110301,2044701,12000),(6207,3110301,1332020,7000),(6208,3110301,1040000,2400),(6209,3110301,1060075,2400),(6210,3110301,1402010,7000),(6211,3110301,1032007,2400),(6212,3110301,1072078,2400),(6213,3110301,1082046,2400),(6214,3110301,1002156,2400),(6215,3110301,4010007,600),(6216,3110301,4000352,5),(6224,3110300,2044701,50),(6233,3110300,4010007,50),(6234,3110300,4000353,50),(6235,3110303,2060000,200),(6236,3110303,2061000,200),(6237,3110303,4010001,600),(6238,3110303,4004003,1500),(6239,3110303,4020005,600),(6240,3110303,2000002,400),(6241,3110303,2000003,400),(6242,3110303,2040302,8000),(6243,3110303,1382018,7000),(6244,3110303,1472012,7000),(6245,3110303,1432003,7000),(6246,3110303,1462005,7000),(6247,3110303,1002183,2400),(6248,3110303,1002167,2400),(6249,3110303,1040086,2400),(6250,3110303,1060075,2400),(6251,3110303,1041076,2400),(6252,3110303,1061071,2400),(6253,3110303,1072000,2400),(6254,3110303,1032018,2400),(6255,3110303,1082082,2400),(6256,3110303,1082085,2400),(6257,3110303,1072129,2400),(6258,3110303,1082010,2400),(6259,3110303,4000356,5),(6260,3110302,2000002,400),(6261,3110302,2002005,400),(6262,3110302,2044502,8000),(6263,3110302,2000003,400),(6264,3110302,1322003,7000),(6265,3110302,2060000,200),(6266,3110302,4010005,600),(6267,3110302,4020006,600),(6268,3110302,2061000,200),(6269,3110302,1040021,2400),(6270,3110302,1060016,2400),(6271,3110302,1002180,2400),(6272,3110302,1002143,2400),(6273,3110302,1060052,2400),(6274,3110302,1040063,2400),(6275,3110302,1432003,7000),(6276,3110302,1051025,2400),(6277,3110302,1002025,2400),(6278,3110302,1040079,2400),(6279,3110302,1060069,2400),(6280,3110302,4000356,5),(6281,7160000,4006001,1500),(6282,7160000,4130004,1000),(6283,7160000,1061104,3000),(6284,2100105,2000001,400),(6285,2100105,2000003,400),(6286,2100105,2060000,200),(6287,2100105,2061000,200),(6288,2100105,4000328,5),(6289,2100105,4010004,600),(6290,2100105,4006001,1500),(6291,2100105,2040902,8000),(6292,2100105,2044002,8000),(6293,2100105,1452003,7000),(6294,2100105,1302006,7000),(6295,2100105,1372004,7000),(6296,2100105,1002013,2400),(6297,2100105,1072086,2400),(6298,2100105,1002119,2400),(6299,2100105,1072007,2400),(6300,2100105,1082020,2400),(6301,2100105,4010007,600),(6302,2100104,2000001,400),(6303,2100104,2000003,400),(6304,2100104,2060000,200),(6305,2100104,2061000,200),(6306,2100104,4000331,5),(6307,2100104,2002003,400),(6308,2100104,4020006,600),(6309,2100104,4020005,600),(6310,2100104,4004001,1500),(6311,2100104,2041002,8000),(6312,2100104,1442001,7000),(6313,2100104,1322003,7000),(6314,2100104,1092019,5000),(6315,2100104,1072087,2400),(6316,2100104,1040068,2400),(6317,2100104,1060057,2400),(6318,2100104,1082052,2400),(6319,2100104,1002004,2400),(6320,2100104,2022155,400),(6321,2100104,4010007,600),(6322,2100107,2000001,400),(6323,2100107,2000003,400),(6324,2100107,2060000,200),(6325,2100107,2061000,200),(6326,2100107,4000327,5),(6327,2100107,4020003,600),(6328,2100107,4020002,600),(6329,2100107,2048001,12000),(6330,2100107,2070002,10000),(6331,2100107,1332004,7000),(6332,2100107,1382017,7000),(6333,2100107,1041054,2400),(6334,2100107,1061050,2400),(6335,2100107,1002141,2400),(6336,2100107,1051011,2400),(6337,2100107,1040059,2400),(6338,2100107,1060045,2400),(6339,2100107,4010007,600),(6340,2100106,2000001,400),(6341,2100106,2000003,400),(6342,2100106,2060000,200),(6343,2100106,2061000,200),(6344,2100106,4000326,5),(6345,2100106,2002004,400),(6346,2100106,4020007,600),(6347,2100106,4020000,600),(6348,2100106,2044501,12000),(6349,2100106,1402002,7000),(6350,2100106,1032004,2400),(6351,2100106,1050001,2400),(6352,2100106,1002055,2400),(6353,2100106,1040049,2400),(6354,2100106,1060037,2400),(6355,2100106,1082068,2400),(6356,2100106,1432001,7000),(6357,2100106,4010007,600),(6358,5120505,4000021,200),(6359,5120505,4003005,200),(6360,5120505,2000003,400),(6361,5120505,2000002,400),(6362,5120505,2000004,400),(6363,5120505,4010006,600),(6364,5120505,1082066,2400),(6365,5120505,1072146,2400),(6366,5120505,1041077,2400),(6367,5120505,1061076,2400),(6368,5120505,1051037,2400),(6369,5120505,1002029,2400),(6370,5120505,1002248,2400),(6371,5120505,1002269,2400),(6372,5120505,4000288,5),(6373,5120505,2040804,12000),(6374,5120505,2040901,12000),(6375,2100108,2000001,400),(6376,2100108,2000003,400),(6377,2100108,2060000,200),(6378,2100108,2061000,200),(6379,2100108,4000333,5),(6380,2100108,2002005,400),(6381,2100108,4010002,600),(6382,2100108,4010001,600),(6383,2100108,4004002,1500),(6384,2100108,2043002,8000),(6385,2100108,2043701,12000),(6386,2100108,1332009,7000),(6387,2100108,1412004,7000),(6388,2100108,1040062,2400),(6389,2100108,1060051,2400),(6390,2100108,1050029,2400),(6391,2100108,1002164,2400),(6392,2100108,1082005,2400),(6393,2100108,4003004,200),(6394,2100108,4031568,300),(6395,2100108,4010007,600),(6396,5120504,2000002,400),(6397,5120504,2000003,400),(6398,5120504,4020002,600),(6399,5120504,4010006,600),(6400,5120504,4004000,1500),(6401,5120504,1002215,2400),(6402,5120504,1040097,2400),(6403,5120504,1060086,2400),(6404,5120504,1072072,2400),(6405,5120504,1040105,3000),(6406,5120504,1060093,3000),(6407,5120504,4006001,1500),(6408,5120504,2040504,12000),(6409,5120506,4000298,5),(6410,5120506,2000002,400),(6411,5120506,2000003,400),(6412,5120506,4020008,600),(6413,5120506,4010006,600),(6414,5120506,1002168,2400),(6415,5120506,1002092,2400),(6416,5120506,1040086,2400),(6417,5120506,1072127,2400),(6418,5120506,1402006,7000),(6419,5120506,2044201,12000),(6420,5120506,1040095,2400),(6421,5120506,1060084,2400),(6422,5120506,1452004,7000),(6423,5120506,1412007,7000),(6424,5120506,1050059,2400),(6425,5120506,1442010,7000),(6426,5120506,4000299,5),(6427,8142100,2000006,400),(6428,8142100,4020004,600),(6429,8142100,4004001,1500),(6430,8142100,4006000,1500),(6431,8142100,1061117,3000),(6432,4230300,4000169,5),(6433,4230300,2060000,200),(6434,4230300,2061000,200),(6435,4230300,1082072,2400),(6436,4230300,1072112,2400),(6437,4230300,1092014,5000),(6438,4230300,1312007,7000),(6439,4230300,2040705,8000),(6440,5120501,4000293,5),(6441,5120501,2000002,400),(6442,5120501,2000003,400),(6443,5120501,4020005,600),(6444,5120501,4010001,600),(6445,5120501,4004003,1500),(6446,5120501,4006000,1500),(6447,5120501,2041023,8000),(6448,5120501,1050052,2400),(6449,5120501,1051037,2400),(6450,5120501,1032019,2400),(6451,5120501,1040102,3000),(6452,5120501,1060090,3000),(6453,5120501,1051041,2400),(6454,5120500,4000283,5),(6455,5120500,4000284,5),(6456,5120500,4000021,200),(6457,5120500,4003005,200),(6458,5120500,4004004,1500),(6459,5120500,2000003,400),(6460,5120500,2000002,400),(6461,5120500,4020004,600),(6462,5120500,4010005,600),(6463,5120500,1032021,2400),(6464,5120500,1072134,2400),(6465,5120500,1082066,2400),(6466,5120500,1050058,2400),(6467,5120500,1082081,2400),(6468,5120500,1040099,2400),(6469,5120500,1060088,2400),(6470,5120500,4004002,1500),(6471,5120500,2043801,12000),(6472,5120500,1432006,7000),(6473,5120500,2043701,12000),(6474,5120503,1332011,7000),(6475,5120503,1051038,2400),(6476,5120503,1041088,2400),(6477,5120503,1312008,7000),(6478,5120502,4000294,5),(6479,5120502,2000002,400),(6480,5120502,2000003,400),(6481,5120502,4020005,600),(6482,5120502,1002159,2400),(6483,5120502,1040057,2400),(6484,5120502,1082004,2400),(6485,5120502,1040096,2400),(6486,5120502,1060085,2400),(6487,5120502,1050052,2400),(6488,5120502,1040087,2400),(6489,5120502,1060076,2400),(6490,5120502,4006000,1500),(6491,5120502,1040091,2400),(6492,5120502,1060080,2400),(6493,5120502,4031220,300),(6494,2100101,2000001,400),(6495,2100101,2000003,400),(6496,2100101,2060000,200),(6497,2100101,2061000,200),(6498,2100101,4000325,5),(6499,2100101,2002002,400),(6500,2100101,4010006,600),(6501,2100101,4020001,600),(6502,2100101,2044602,8000),(6503,2100101,1092021,5000),(6504,2100101,1472006,7000),(6505,2100101,1060017,2400),(6506,2100101,1061028,2400),(6507,2100101,1002129,2400),(6508,2100101,1041027,2400),(6509,2100101,1061025,2400),(6510,2100101,4003004,200),(6511,2100101,4010007,600),(6512,5200002,1041054,2400),(6513,5200002,1072089,2400),(6514,2100100,2000001,400),(6515,2100100,2000003,400),(6516,2100100,2060000,200),(6517,2100100,2061000,200),(6518,2100100,4000324,5),(6519,2100100,4020006,600),(6520,2100100,4010001,600),(6521,2100100,2040601,12000),(6522,2100100,1382002,7000),(6523,2100100,1002119,2400),(6524,2100100,1332010,7000),(6525,2100100,1050025,2400),(6526,2100100,1082002,2400),(6527,2100100,1072007,2400),(6528,2100100,1032009,2400),(6529,2100100,1050005,2400),(6530,2100100,4003004,200),(6531,2100100,4010007,600),(6532,2100103,2000001,400),(6533,2100103,2000003,400),(6534,2100103,2060000,200),(6535,2100103,2061000,200),(6536,2100103,4000330,5),(6537,2100103,4010003,600),(6538,2100103,4020004,600),(6539,2100103,2040501,12000),(6540,2100103,1322009,7000),(6541,2100103,1092002,5000),(6542,2100103,1432002,7000),(6543,2100103,1072054,2400),(6544,2100103,1082016,2400),(6545,2100103,1072078,2400),(6546,2100103,1061054,2400),(6547,2100103,1041058,2400),(6548,2100103,1002096,2400),(6549,2100103,1050011,2400),(6550,2100103,2022155,400),(6551,2100103,4010007,600),(6552,5200000,1322002,7000),(6553,5200000,1322004,7000),(6554,2100102,2000001,400),(6555,2100102,2000003,400),(6556,2100102,2060000,200),(6557,2100102,2061000,200),(6558,2100102,4000329,5),(6559,2100102,4010002,600),(6560,2100102,4020004,600),(6561,2100102,2040705,8000),(6562,2100102,2044102,8000),(6563,2100102,1051004,2400),(6564,2100102,1050024,2400),(6565,2100102,1032006,2400),(6566,2100102,1002048,2400),(6567,2100102,1072027,2400),(6568,2100102,1040044,2400),(6569,2100102,1060033,2400),(6570,2100102,1462003,7000),(6571,2100102,2022155,400),(6572,2100102,4010007,600),(6573,3210800,1002136,2400),(6574,3210800,4020004,600),(6575,3210800,1302003,7000),(6576,3210800,1041094,2400),(6577,3210800,2000002,400),(6578,6230400,1002210,2400),(6579,6230400,1032020,2400),(6580,2230111,2000001,400),(6581,2230111,2000003,400),(6582,2230111,2002000,400),(6583,2230111,4010005,600),(6584,2230111,4010001,600),(6585,2230111,4020003,600),(6586,2230111,2060000,200),(6587,2230111,2061000,200),(6588,2230111,1302002,7000),(6589,2230111,1041023,2400),(6590,2230111,1061019,2400),(6591,2230111,2043801,12000),(6592,2230110,2060000,200),(6593,2230110,2061000,200),(6594,2230110,2000001,400),(6595,2230110,2000003,400),(6596,2230110,4020001,600),(6597,2230110,4020002,600),(6598,2230110,4010000,600),(6599,2230110,2002003,400),(6600,2230110,1002058,2400),(6601,2230110,1060014,2400),(6602,2230110,1332010,7000),(6603,2230109,4000164,5),(6604,2230109,2060000,200),(6605,2230109,2061000,200),(6606,2230109,4010004,600),(6607,2230109,2040701,12000),(6608,2230109,1372003,7000),(6609,2230109,1050021,2400),(6610,5130108,1061083,2400),(6611,5130108,1072130,2400),(6612,5130108,1072133,2400),(6613,5130108,1072141,2400),(6614,5130108,1051043,2400),(6615,5130108,1002243,2400),(6616,5130108,1041100,3000),(6617,2230108,1072054,2400),(6618,2230108,1032004,2400),(6619,2230107,2044302,8000),(6620,2230107,1402000,7000),(6621,2230107,1082026,2400),(6622,2230107,2041004,12000),(6623,2230107,1041034,2400),(6624,2230107,1062006,2400),(6625,2230107,4020005,600),(6626,2230107,1072051,2400),(6627,2230107,1332004,7000),(6628,2230107,1041051,2400),(6629,2230107,1061047,2400),(6630,2230107,1061054,2400),(6631,2230107,1041058,2400),(6632,2230106,4000163,5),(6633,2230106,2040001,12000),(6634,2230106,1061033,2400),(6635,2230106,1002146,2400),(6636,2230106,1002158,2400),(6637,2230106,2040401,12000),(6638,2230106,1041050,2400),(6639,2230106,1061046,2400),(6640,2230106,1332009,7000),(6641,2230106,1040040,2400),(6642,2230106,1060060,2400),(6643,2230105,4000161,5),(6644,2230105,2040900,4500),(6645,2230105,1312003,7000),(6646,2230105,1322004,7000),(6647,2230105,1072007,2400),(6648,2230105,1082016,2400),(6649,5130104,2060000,200),(6650,5130104,2061000,200),(6651,5130104,1332017,7000),(6652,2230104,2060000,200),(6653,2230104,2061000,200),(6654,2230104,1332010,7000),(6655,2230104,1002162,2400),(6656,2230104,1082042,2400),(6657,5130105,4000021,200),(6658,5130105,4010005,600),(6659,5130105,1041086,2400),(6660,5130105,1041082,2400),(6661,5130105,1061081,2400),(6662,5130105,1002208,2400),(6663,5130105,1002216,2400),(6664,5130105,1032021,2400),(6665,5130105,1102015,2400),(6666,5130105,1072138,2400),(6667,5130105,1082059,2400),(6668,5130105,1082090,2400),(6669,5130105,1092010,5000),(6670,5130105,1040102,3000),(6671,5130105,1060090,3000),(6672,7110300,2000006,400),(6673,7110300,4020001,600),(6674,7110300,4010003,600),(6675,7110300,2043701,12000),(6676,7110300,2044701,12000),(6677,7110300,4004000,1500),(6678,7110300,4006000,1500),(6679,7110300,2040302,8000),(6680,7110300,1050055,2400),(6681,7110300,1041094,2400),(6682,7110300,1061093,2400),(6683,7110300,1050069,2400),(6684,7110300,1040102,3000),(6685,7110300,1060090,3000),(6686,7110300,1082100,3000),(6687,7110300,1041102,3000),(6688,7110300,1061101,3000),(6689,7110300,1002254,3000),(6690,7110300,1002288,3000),(6691,7110300,1092015,5000),(6692,7110300,1332018,8000),(6693,7110300,1402012,8000),(6694,7110300,1472029,8000),(6695,7110300,1322020,8000),(6696,7110300,1002273,3000),(6697,7110300,1002339,3000),(6698,7110300,1051066,3000),(6699,7110300,1041105,3000),(6700,7110300,1061104,3000),(6701,7110300,4000362,5),(6702,2230103,1302003,7000),(6703,7110301,2000006,400),(6704,7110301,2000004,400),(6705,7110301,4010004,600),(6706,7110301,4020006,600),(6707,7110301,4004003,1500),(6708,7110301,2044601,12000),(6709,7110301,1051044,2400),(6710,7110301,1002029,2400),(6711,7110301,1002248,2400),(6712,7110301,1051041,2400),(6713,7110301,1072147,2400),(6714,7110301,1072150,2400),(6715,7110301,1072145,2400),(6716,7110301,1051053,2400),(6717,7110301,1002094,3000),(6718,7110301,1002253,3000),(6719,7110301,1051062,3000),(6720,7110301,1040105,3000),(6721,7110301,1060093,3000),(6722,7110301,1050063,3000),(6723,7110301,1402012,8000),(6724,7110301,1040108,3000),(6725,7110301,1060097,3000),(6726,7110301,1072210,3000),(6727,7110301,1002275,3000),(6728,7110301,1072177,3000),(6729,7110301,4000361,5),(6730,2230102,2060000,200),(6731,2230102,1072033,2400),(6732,2230102,4031226,300),(6733,2230102,2061000,200),(6734,2230102,1002151,2400),(6735,2230102,1060050,2400),(6736,2230102,1452005,7000),(6737,2230102,1462004,7000),(6738,2230102,1002166,2400),(6739,2230102,1412005,7000),(6740,5130103,4020007,600),(6741,5130103,1051038,2400),(6742,2230101,2060000,200),(6743,2230101,2061000,200),(6744,2230101,1040009,2400),(6745,2230101,4010003,600),(6746,2230101,2000002,400),(6747,2230101,1050030,2400),(6748,2230101,1050031,2400),(6749,2230101,1432003,7000),(6750,2230101,1002035,2400),(6751,2230101,1312007,7000),(6752,2230101,1040021,2400),(6753,5130100,2002004,400),(6754,5130100,1092008,5000),(6755,5130100,1462004,7000),(6756,5130100,2002001,400),(6757,5130100,4010004,600),(6758,2230100,2060000,200),(6759,2230100,2061000,200),(6760,2230100,1040021,2400),(6761,2230100,4020007,600),(6762,2230100,2000002,400),(6763,2230100,1422001,7000),(6764,2230100,1060071,2400),(6765,5130101,1452005,7000),(6766,5130101,1032002,2400),(6767,5130101,2070003,10000),(6768,5130101,2000006,400),(6769,5130101,1040084,2400),(6770,8140200,2000004,400),(6771,8140200,1050054,2400),(6772,8140200,1040093,2400),(6773,8140200,1072182,3000),(6774,8140701,4010001,600),(6775,8140701,4020005,600),(6776,8140701,4004001,1500),(6777,8140701,1060100,3000),(6778,8140701,2044601,12000),(6779,8140701,2044101,12000),(6780,8140701,4000263,5),(6781,8140701,4000244,4000),(6782,8140701,4000245,4000),(6783,8140700,4020007,600),(6784,8140700,4020001,600),(6785,8140700,4004000,1500),(6786,8140700,2043801,12000),(6787,8140700,2041022,12000),(6788,8140700,4000262,5),(6789,8140700,4000244,4000),(6790,8140700,4000245,4000),(6791,8140703,2000006,400),(6792,8140703,2000005,400),(6793,8140703,4020008,600),(6794,8140703,4020006,600),(6795,8140703,4004003,1500),(6796,8140703,1002325,3000),(6797,8140703,1050090,3000),(6798,8140703,1040120,3000),(6799,8140703,1060109,3000),(6800,8140703,2043801,12000),(6801,8140703,2040901,12000),(6802,8140703,4000244,4000),(6803,8140703,4000245,4000),(6804,8140702,2000006,400),(6805,8140702,2000005,400),(6806,8140702,4020003,600),(6807,8140702,4020008,600),(6808,8140702,4004002,1500),(6809,8140702,1002403,3000),(6810,8140702,1041117,3000),(6811,8140702,1050106,3000),(6812,8140702,1082139,3000),(6813,8140702,1312015,9000),(6814,8140702,2044701,12000),(6815,8140702,2040602,8000),(6816,8140702,4000264,5),(6817,8140702,4000244,4000),(6818,8140702,4000245,4000),(6819,1120100,1422000,7000),(6820,1120100,2060000,200),(6821,1120100,2061000,200),(6822,5220000,4000043,100),(6823,5220000,4000044,100),(6824,5220000,4010003,100),(6825,5220000,4020005,100),(6826,5220000,2000002,100),(6827,5220000,2000003,100),(6828,5220000,2001001,100),(6829,5220000,2002000,100),(6830,5220000,2041022,1200),(6831,5220000,2044601,1200),(6832,5220000,2041013,1200),(6833,5220000,2044701,1200),(6834,5220000,2048001,1200),(6835,5220000,2040707,1200),(6836,5220000,2040004,1200),(6837,5220000,2040513,1200),(6838,5220000,2040704,1200),(6839,5220000,2040804,1200),(6840,5220000,2040702,800),(6841,5220000,2040802,800),(6842,5220000,2040902,800),(6843,5220000,2041002,800),(6844,5220000,2043002,800),(6845,5220000,2060000,100),(6846,5220000,2061000,100),(6847,5220000,1002029,240),(6848,5220000,1002246,240),(6849,5220000,1002270,240),(6850,5220000,1002249,240),(6851,5220000,1040093,240),(6852,5220000,1041092,240),(6853,5220000,1050056,240),(6854,5220000,1051047,240),(6855,5220000,1050060,240),(6856,5220000,1051041,240),(6857,5220000,1040100,240),(6858,5220000,1041095,240),(6859,5220000,1082061,240),(6860,5220000,1082088,240),(6861,5220000,1082091,240),(6862,5220000,1082094,240),(6863,5220000,1072149,240),(6864,5220000,1072136,240),(6865,5220000,1072144,240),(6866,5220000,1072152,240),(6867,7220000,4000284,100),(6868,7220000,4000285,100),(6869,7220000,4000021,100),(6870,7220000,4000283,100),(6871,7220000,4004000,150),(6872,7220000,4010001,100),(6873,7220000,4020006,100),(6874,7220000,2000002,100),(6875,7220000,2000003,100),(6876,7220000,2002004,100),(6877,7220000,2002011,100),(6878,7220000,2022142,100),(6879,7220000,2040901,1200),(6880,7220000,2041001,1200),(6881,7220000,2043801,1200),(6882,7220000,2043101,1200),(6883,7220000,2041010,1200),(6884,7220000,2043301,1200),(6885,7220000,2044101,1200),(6886,7220000,2044501,1200),(6887,7220000,2041022,1200),(6888,7220000,2044601,1200),(6889,7220000,2048005,800),(6890,7220000,2040005,800),(6891,7220000,2040514,800),(6892,7220000,2040705,800),(6893,7220000,2040805,800),(6894,7220000,2060001,100),(6895,7220000,2061001,100),(6896,7220000,2070004,1000),(6897,7220000,1302012,800),(6898,7220000,1312010,800),(6899,7220000,1322019,800),(6900,7220000,1332018,800),(6901,7220000,1372015,700),(6902,7220000,1382010,800),(6903,7220000,1402012,800),(6904,7220000,1412008,800),(6905,7220000,1422010,800),(6906,7220000,1432007,800),(6907,7220000,1442008,800),(6908,7220000,1452011,800),(6909,7220000,1462009,800),(6910,7220000,1472029,800),(6911,7130300,4031171,300),(6912,7130300,1041107,3000),(6913,8150000,2040005,800),(6914,8150000,2040802,800),(6915,8150000,2044602,800),(6916,8150000,2070007,1000),(6917,3230303,4130004,1000),(6918,3230303,2060000,200),(6919,3230303,2061000,200),(6920,3230303,1402010,7000),(6921,3230303,1041084,2400),(6922,3230303,1061083,2400),(6923,3230303,1061080,2400),(6924,3230303,1002145,2400),(6925,3230302,2060000,200),(6926,3230302,2061000,200),(6927,6300005,1032014,240),(6928,6300005,1102024,240),(6929,6300005,2070006,1000),(6930,6300005,2043101,1200),(6931,6300005,2043001,1200),(6932,6300005,1092010,500),(6933,6300000,4003005,200),(6934,6300000,1472026,8000),(6935,3100102,2000003,400),(6936,3100102,2060000,200),(6937,3100102,2061000,200),(6938,3100102,2000002,400),(6939,3100102,4000335,5),(6940,3100102,4020002,600),(6941,3100102,4006000,1500),(6942,3100102,2040401,12000),(6943,3100102,2041018,4500),(6944,3100102,1462004,7000),(6945,3100102,1472011,7000),(6946,3100102,1002181,2400),(6947,3100102,1050022,2400),(6948,3100102,1061048,2400),(6949,3100102,1041052,2400),(6950,3100102,1082069,2400),(6951,3100102,4003004,200),(6952,3100102,4010007,600),(6953,3100101,2000003,400),(6954,3100101,2060000,200),(6955,3100101,2061000,200),(6956,3100101,2000002,400),(6957,3100101,4000334,5),(6958,3100101,4010005,600),(6959,3100101,4020000,600),(6960,3100101,4006000,1500),(6961,3100101,2044701,12000),(6962,3100101,1332020,7000),(6963,3100101,1040000,2400),(6964,3100101,1060075,2400),(6965,3100101,1402010,7000),(6966,3100101,1032007,2400),(6967,3100101,1072078,2400),(6968,3100101,1082046,2400),(6969,3100101,1002156,2400),(6970,3100101,4010007,600),(6971,3220000,4000003,100),(6972,3220000,4000005,100),(6973,3220000,4000018,100),(6974,3220000,4000195,100),(6975,3220000,4010000,100),(6976,3220000,4020001,100),(6977,3220000,2000001,100),(6978,3220000,2000003,100),(6979,3220000,2012002,100),(6980,3220000,2040701,1200),(6981,3220000,2040801,1200),(6982,3220000,2040901,1200),(6983,3220000,2041001,1200),(6984,3220000,2043001,1200),(6985,3220000,2043101,1200),(6986,3220000,2041010,1200),(6987,3220000,2043201,1200),(6988,3220000,2041004,1200),(6989,3220000,2060000,100),(6990,3220000,2061000,100),(6991,3220000,2041017,800),(6992,3220000,2040402,800),(6993,3220000,2044002,800),(6994,3220000,2040502,800),(6995,3220000,2040602,800),(6996,3220000,2041016,1200),(6997,3220000,2070009,1000),(6998,3220000,1002098,240),(6999,3220000,1002154,240),(7000,3220000,1002170,240),(7001,3220000,1002185,240),(7002,3220000,1040085,240),(7003,3220000,1041086,240),(7004,3220000,1050039,240),(7005,3220000,1051026,240),(7006,3220000,1040080,240),(7007,3220000,1041083,240),(7008,3220000,1040084,240),(7009,3220000,1041076,240),(7010,3220000,1082025,240),(7011,3220000,1082064,240),(7012,3220000,1082073,240),(7013,3220000,1082074,240),(7014,3220000,1072126,240),(7015,3220000,1072117,240),(7016,3220000,1072118,240),(7017,3220000,1072107,240),(7018,2300100,2060000,200),(7019,2300100,2061000,200),(7020,2300100,1002119,2400),(7021,3230307,2060000,200),(7022,3230307,2061000,200),(7023,3230307,4010001,600),(7024,3230307,4003004,200),(7025,3230307,1040069,2400),(7026,3230307,1060058,2400),(7027,3230307,1312005,7000),(7028,3230307,1082008,2400),(7029,3230307,1072104,2400),(7030,3230307,1302004,7000),(7031,3230304,2060000,200),(7032,3230304,2061000,200),(7033,3230304,4010001,600),(7034,3230304,1382018,7000),(7035,3230304,1472012,7000),(7036,3230304,1432003,7000),(7037,3230304,1462005,7000),(7038,3230304,1002183,2400),(7039,3230304,1002167,2400),(7040,3230304,1040086,2400),(7041,3230304,1060075,2400),(7042,3230304,1041076,2400),(7043,3230304,1061071,2400),(7044,3230304,1072000,2400),(7045,3230304,1032018,2400),(7046,3230304,1082082,2400),(7047,3230304,1082085,2400),(7048,3230304,1082010,2400),(7049,3230305,2060000,200),(7050,3230305,2061000,200),(7051,3230305,1040029,2400),(7052,3230305,1060020,2400),(7053,3230308,2060000,200),(7054,3230308,2061000,200),(7055,3230308,2040902,8000),(7056,3230308,1072120,2400),(7057,3230308,1041085,2400),(7058,3230308,1061084,2400),(7059,3230308,1082065,2400),(7060,6230500,1072123,2400),(7061,6230500,1002084,2400),(7062,6230500,1072166,3000),(7063,8141100,2040902,8000),(7064,8141100,1041116,3000),(7065,8130100,1452009,800),(7066,8130100,1382007,700),(7067,8130100,1462009,800),(7068,8130100,1312010,800),(7069,8130100,1412008,800),(7070,8130100,1432007,800),(7071,8130100,1442008,800),(7072,8130100,1302012,800),(7073,8130100,1332018,800),(7074,8130100,1332019,800),(7075,8130100,2000004,100),(7076,8130100,1092016,500),(7077,8130100,2070007,1000),(7078,9300119,2000002,100),(7079,9300119,2000004,100),(7080,9300119,2000006,100),(7081,9300119,2020013,100),(7082,9300119,2020014,100),(7083,9300119,2020015,100),(7084,9300119,2041010,1200),(7085,9300119,2040502,800),(7086,9300119,2044201,1200),(7087,9300119,2040001,1200),(7088,9300119,2040601,1200),(7089,9300119,2040505,800),(7090,9300119,2040002,800),(7091,9300119,2040401,1200),(7092,9300119,2043201,1200),(7093,9300119,2044101,1200),(7094,9300119,2043101,1200),(7095,9300119,2040801,1200),(7096,6090000,4000336,100),(7097,8160000,1050062,3000),(7098,8160000,1061119,3000),(7099,6230300,2000004,400),(7100,6230300,4130014,1000),(7101,6230300,4006000,1500),(7102,6230300,1002242,2400),(7103,6230300,1050061,3000),(7104,6230300,1072158,3000),(7105,6230300,1032015,3000),(7106,2130100,1051003,2400),(7107,2130100,1061006,2400),(7108,2130100,2060000,200),(7109,2130100,1472012,7000),(7110,2130100,2061000,200),(7111,2130100,1051004,2400),(7112,8140600,4000182,5),(7113,8140600,2020015,400),(7114,8140600,2020013,400),(7115,8140600,4020001,600),(7116,8140600,4004000,1500),(7117,8140600,1072194,3000),(7118,2130103,1332008,7000),(7119,2130103,1072069,2400),(7120,2130103,1061028,2400),(7121,2110200,2060000,200),(7122,2110200,2061000,200),(7123,2220000,4000000,100),(7124,2220000,4000016,100),(7125,2220000,4000019,100),(7126,2220000,4010000,100),(7127,2220000,4020000,100),(7128,2220000,2000000,100),(7129,2220000,2010009,100),(7130,2220000,2020014,100),(7131,2220000,2040001,1200),(7132,2220000,2040301,1200),(7133,2220000,2040401,1200),(7134,2220000,2043201,1200),(7135,2220000,2043701,1200),(7136,2220000,2041016,1200),(7137,2220000,2043801,1200),(7138,2220000,2044001,1200),(7139,2220000,2040501,1200),(7140,2220000,2040601,1200),(7141,2220000,2060000,100),(7142,2220000,2061000,100),(7143,2220000,2070000,1000),(7144,2220000,1002049,240),(7145,2220000,1002073,240),(7146,2220000,1002159,240),(7147,2220000,1002150,240),(7148,2220000,1040041,240),(7149,2220000,1041024,240),(7150,2220000,1050025,240),(7151,2220000,1051005,240),(7152,2220000,1040023,240),(7153,2220000,1041033,240),(7154,2220000,1040050,240),(7155,2220000,1041060,240),(7156,2220000,1082001,240),(7157,2220000,1082028,240),(7158,2220000,1082018,240),(7159,2220000,1082039,240),(7160,2220000,1072052,240),(7161,2220000,1072074,240),(7162,2220000,1072069,240),(7163,2220000,1072087,240),(7164,2220000,2040002,800),(7165,2220000,2040302,800),(7166,2220000,2040402,800),(7167,2220000,2043302,800),(7168,2220000,2043702,800),(7169,8143000,1060105,3000),(7170,6400000,2041022,12000),(7171,6400000,2000002,400),(7172,6400000,2000004,400),(7173,6400000,1082084,2400),(7174,6400000,1072142,2400),(7175,6400000,1442005,7000),(7176,6400000,1472019,7000),(7177,6400000,1051045,2400),(7178,6400000,1002245,2400),(7179,6400000,1050060,2400),(7180,6400000,1040092,2400),(7181,6400000,1060081,2400),(7182,6400000,1041096,2400),(7183,6400000,1061095,2400),(7184,6400000,1002030,3000),(7185,6400000,1061096,3000),(7186,6400000,1041097,3000),(7187,6400000,1072166,3000),(7188,6400000,1082097,3000),(7189,6400000,1002271,3000),(7190,6400000,1002338,3000),(7191,210100,1412001,7000),(7192,210100,2060000,200),(7193,210100,2061000,200),(7194,210100,1432001,7000),(7195,210100,4031273,300),(7196,210100,1322007,7000),(7197,210100,2010009,400),(7198,4230201,2002004,400),(7199,4230201,2040801,12000),(7200,4230201,2040901,12000),(7201,4230201,1002137,2400),(7202,4230201,1072126,2400),(7203,4230201,1061069,2400),(7204,4230201,1041078,2400),(7205,4230200,2040001,12000),(7206,4230200,2040704,12000),(7207,4230200,1072112,2400),(7208,4230200,1040000,2400),(7209,4230200,1060000,2400),(7210,4230200,1432005,7000),(7211,4230200,1472014,7000),(7212,4230200,1462006,7000),(7213,4230200,1002215,2400),(7214,4230200,1040094,2400),(7215,4230200,1060083,2400),(7216,4230200,1051038,2400),(7217,4230200,1061087,2400),(7218,1110101,1442000,7000),(7219,1110101,2060000,200),(7220,1110101,2061000,200),(7221,1110101,1302006,7000),(7222,1110101,2000001,400),(7223,1110101,2000003,400),(7224,3110102,4131002,1000),(7225,3110102,2060000,200),(7226,3110102,2061000,200),(7227,3110102,1332009,7000),(7228,1110100,1322000,7000),(7229,1110100,2060000,200),(7230,1110100,2061000,200),(7231,1110100,1002033,2400),(7232,1110100,1302007,7000),(7233,1110100,4020002,600),(7234,1110100,1032001,2400),(7235,1110100,1002010,2400),(7236,1110100,2000001,400),(7237,7130200,2043701,12000),(7238,7130200,2040302,8000),(7239,7130200,1041094,2400),(7240,7130200,1061093,2400),(7241,7130200,1040102,3000),(7242,7130200,1402012,8000),(7243,7130200,1051066,3000),(7244,7130200,1041105,3000),(7245,3110101,2060000,200),(7246,3110101,2061000,200),(7247,3110101,1040062,2400),(7248,3110101,1082035,2400),(7249,8141300,2000005,400),(7250,8141300,4006000,1500),(7251,8141300,2020015,400),(7252,8141300,2040601,12000),(7253,8141300,1072224,3000),(7254,6130103,1072145,2400),(7255,6130101,1092012,500),(7256,6130101,1032019,240),(7257,6130101,1382006,700),(7258,2220100,1332006,7000),(7259,2220100,2060000,200),(7260,2220100,1061025,2400),(7261,2220100,2061000,200),(7262,2220100,1432001,7000),(7263,2220100,4020006,600),(7264,2220100,2000002,400),(7265,2220100,1072011,2400),(7266,2220100,1332001,7000),(7267,2220100,1382002,7000),(7268,2220100,1002178,2400),(7269,9300139,2000002,100),(7270,9300139,2000004,100),(7271,9300139,2000006,100),(7272,9300139,2020013,100),(7273,9300139,2020014,100),(7274,9300139,2020015,100),(7275,9300139,2044601,1200),(7276,9300139,2040707,1200),(7277,9300139,2044401,1200),(7278,9300139,2040504,1200),(7279,9300139,2044501,1200),(7280,9300139,2044001,1200),(7281,9300139,2043701,1200),(7282,9300139,2043001,1200),(7283,9300139,2040004,1200),(7284,9300139,2044701,1200),(7285,9300139,2043801,1200),(7286,9300139,2043301,1200),(7287,120100,2010009,400),(7288,5100000,1442009,7000),(7289,5100002,2000002,400),(7290,5100002,2000003,400),(7291,5100002,2070003,10000),(7292,5100002,4006000,1500),(7293,5100002,1051025,2400),(7294,5100002,1061071,2400),(7295,5100002,1332016,7000),(7296,5100002,1322017,7000),(7297,5100002,1002214,2400),(7298,5100002,1040087,2400),(7299,5100002,1002242,2400),(7300,6400100,4020003,600),(7301,6400100,4010006,600),(7302,6400100,2041013,12000),(7303,6400100,1051046,2400),(7304,6400100,1002268,2400),(7305,6400100,1072149,2400),(7306,6400100,1002282,3000),(7307,6400100,1050061,3000),(7308,6400100,1082098,3000),(7309,6400100,1002289,3000),(7310,6400100,1060094,3000),(7311,6400100,1050077,3000),(7312,5100003,4000170,5),(7313,5100003,2000004,400),(7314,5100003,1072118,2400),(7315,5100003,2044602,8000),(7316,5100003,1041088,2400),(7317,5100003,1060077,2400),(7318,5100003,2040804,12000),(7319,5100003,1312008,7000),(7320,8150302,4000270,5),(7321,8150302,4004000,1500),(7322,8150302,4020002,600),(7323,8150302,4010005,600),(7324,8150302,1060107,3000),(7325,8150302,2040302,8000),(7326,8150302,2044301,12000),(7327,8150302,2044402,8000),(7328,8150302,4131004,1000),(7329,8150302,4000244,4000),(7330,8150302,4000245,4000),(7331,5100004,4000172,5),(7332,5100004,2000004,400),(7333,5100004,1032021,2400),(7334,5100004,1072134,2400),(7335,5100004,1082066,2400),(7336,5100004,1050058,2400),(7337,5100004,1051046,2400),(7338,5100004,2043801,12000),(7339,5100004,1082081,2400),(7340,5100004,1432006,7000),(7341,5100004,1040099,2400),(7342,5100004,1060088,2400),(7343,5100004,1040087,2400),(7344,5100004,1060076,2400),(7345,5100004,2043701,12000),(7346,5100005,4000171,5),(7347,5100005,2000004,400),(7348,5100005,2041023,8000),(7349,5100005,1402006,7000),(7350,5100005,2044201,12000),(7351,5100005,1051045,2400),(7352,5100005,1422007,7000),(7353,5100005,1040095,2400),(7354,5100005,1060084,2400),(7355,5100005,1041079,2400),(7356,5100005,1061078,2400),(7357,8150300,4004002,1500),(7358,8150300,4010001,600),(7359,8150300,4020000,600),(7360,8150300,1041118,3000),(7361,8150300,2040701,12000),(7362,8150300,2040516,12000),(7363,8150300,2043002,8000),(7364,8150300,4130004,1000),(7365,8150300,4000268,5),(7366,8150300,4000244,4000),(7367,8150300,4000245,4000),(7368,8140111,4000242,5),(7369,8140111,4010003,600),(7370,8140111,4020003,600),(7371,8140111,2041014,8000),(7372,8140111,2044001,12000),(7373,8140111,4006001,1500),(7374,8140111,4004003,1500),(7375,8140111,2000002,400),(7376,8140111,1082122,3000),(7377,8150301,4000269,5),(7378,8150301,2022003,400),(7379,8150301,2000005,400),(7380,8150301,4004003,1500),(7381,8150301,4020005,600),(7382,8150301,4010004,600),(7383,8150301,1072227,3000),(7384,8150301,1372010,9000),(7385,8150301,2040401,12000),(7386,8150301,2040001,12000),(7387,8150301,2044001,12000),(7388,8150301,4130014,1000),(7389,8150301,4000244,4000),(7390,8150301,4000245,4000),(7391,8140110,4000241,5),(7392,8140110,2000006,400),(7393,8140110,4020008,600),(7394,8140110,4010006,600),(7395,8140110,2044702,8000),(7396,8140110,2043802,8000),(7397,8140110,4004002,1500),(7398,2230200,2044601,12000),(7399,2230200,1060061,2400),(7400,8140101,4000234,5),(7401,8140101,4010003,600),(7402,8140101,4020001,600),(7403,8140101,2048004,12000),(7404,8140101,2040901,12000),(7405,8140101,4004003,1500),(7406,8140101,1092026,5000),(7407,8140103,4000233,5),(7408,8140103,4010000,600),(7409,8140103,4020001,600),(7410,8140103,2040004,12000),(7411,8140103,2043701,12000),(7412,8140103,4004002,1500),(7413,8140103,1332051,9000),(7414,8140102,4000232,5),(7415,8140102,4010001,600),(7416,8140102,4020000,600),(7417,8140102,2040805,8000),(7418,8140102,2040703,4500),(7419,8140102,4004004,1500),(7420,8140102,1051068,3000),(7421,8140102,1422027,9000),(7422,3000006,2040601,12000),(7423,3000006,1082046,2400),(7424,3000005,2060000,200),(7425,3000005,2061000,200),(7426,3000000,1040021,2400),(7427,3000000,1060017,2400),(7428,3000000,1002137,2400),(7429,3000000,1032006,2400),(7430,3000000,1060050,2400),(7431,3000000,2061000,200),(7432,3000000,2060000,200),(7433,3230400,2060000,200),(7434,3230400,2061000,200),(7435,3230400,1041033,2400),(7436,3230400,1082053,2400),(7437,3230400,1040074,2400),(7438,3230400,1002144,2400),(7439,3230405,4131005,1000),(7440,3230405,2000002,400),(7441,3230405,2000003,400),(7442,3230405,2040302,8000),(7443,3230405,1060062,2400),(7444,3230405,1002177,2400),(7445,3230405,1051023,2400),(7446,3230405,1072122,2400),(7447,3230405,1082009,2400),(7448,3210450,1061035,2400),(7449,3210450,1072119,2400),(7450,5150001,1072140,2400),(7451,5150001,1002030,3000),(7452,5150001,1002287,3000),(7453,5150001,2044701,12000),(7454,6300100,1061097,3000),(7455,6300100,1060094,3000),(7456,6300100,1072172,3000),(7479,8190000,4004001,1500),(7480,8190000,4010000,600),(7481,8190000,4020004,600),(7482,8190000,4006001,1500),(7483,8190000,1040111,3000),(7484,8190000,1051092,3000),(7485,8190000,1082158,3000),(7486,8190000,1072228,3000),(7487,8190000,1332052,9000),(7488,8190000,1402016,9000),(7489,8190000,2044702,8000),(7490,8190000,2040004,12000),(7491,8190000,4130011,1000),(7492,8190000,4000244,4000),(7493,8190000,4000245,4000),(7494,8190002,4000271,5),(7495,8190002,2000005,400),(7496,8190002,4004003,1500),(7497,8190002,4020007,600),(7498,8190002,4010005,600),(7499,8190002,4006001,1500),(7500,8190002,4006000,1500),(7501,8190002,1082139,3000),(7502,8190002,1072225,3000),(7503,8190002,1452019,9000),(7504,8190002,2043801,12000),(7505,8190002,2041023,8000),(7506,8190002,2040707,12000),(7507,8190002,4130013,1000),(7508,8190002,4000244,4000),(7509,8190002,4000245,4000),(7510,8190002,1082152,3000),(7511,8190003,4000274,5),(7512,8190003,2022003,400),(7513,8190003,2000006,400),(7514,8190003,2000005,400),(7515,8190003,4004001,1500),(7516,8190003,4010001,600),(7517,8190003,4020001,600),(7518,8190003,4006001,1500),(7519,8190003,1050107,3000),(7520,8190003,1050103,3000),(7521,8190003,1082135,3000),(7522,8190003,1032017,3000),(7523,8190003,1422027,9000),(7524,8190003,1332051,9000),(7525,8190003,2044602,8000),(7526,8190003,2043301,12000),(7527,8190003,2040805,8000),(7528,8190003,4130002,1000),(7529,8190003,4000244,4000),(7530,8190003,4000245,4000),(7531,8190003,1082140,3000),(7532,8190004,4000273,5),(7533,8190004,2000006,400),(7534,8190004,2000005,400),(7535,8190004,4004004,1500),(7536,8190004,4020006,600),(7537,8190004,4020002,600),(7538,8190004,4006000,1500),(7539,8190004,1060109,3000),(7540,8190004,1322045,9000),(7541,8190004,1302056,9000),(7542,8190004,2041004,12000),(7543,8190004,2041013,12000),(7544,8190004,2044201,12000),(7545,8190004,4130009,1000),(7546,8190004,4000244,4000),(7547,8190004,4000245,4000),(7589,9400202,5072000,1477),(7591,9400202,5071000,1477),(7592,9400202,1010000,1477),(7593,9400202,1010001,1477),(7594,9400202,1010002,1477),(7595,9400202,1010003,1477),(7596,9400202,1010004,1477),(7597,9400202,1010005,1477),(7598,9400202,1010006,1477),(7599,9400202,1011000,1477),(7600,9400202,1011001,1477),(7601,9400202,1011002,1477),(7602,9400202,1011003,1477),(7603,9400202,1012074,1477),(7604,9400202,1012075,1477),(7605,9400202,1012063,1477),(7606,9400202,1012000,1477),(7607,9400202,1012001,1477),(7608,9400202,1012002,1477),(7609,9400202,1012003,1477),(7610,9400202,1012004,1477),(7611,9400202,1012005,1477),(7612,9400202,1012006,1477),(7613,9400202,1012007,1477),(7614,9400202,1012009,1477),(7615,9400202,1012010,1477),(7616,9400202,1012021,1477),(7617,9400202,1012022,1477),(7618,9400202,1012023,1477),(7619,9400202,1012024,1477),(7620,9400202,1012025,1477),(7621,9400202,1012026,1477),(7622,9400202,1012027,1477),(7623,9400202,1012028,1477),(7624,9400202,1012029,1477),(7625,9400202,1012030,1477),(7626,9400202,1012031,1477),(7627,9400202,1012032,1477),(7628,9400202,1012033,1477),(7629,9400202,1012034,1477),(7630,9400202,1012035,1477),(7631,9400202,1012036,1477),(7632,9400202,1012037,1477),(7633,9400202,1012038,1477),(7634,9400202,1012039,1477),(7635,9400202,1012040,1477),(7636,9400202,1012041,1477),(7637,9400202,1012042,1477),(7638,9400202,1012043,1477),(7639,9400202,1012044,1477),(7640,9400202,1012045,1477),(7641,9400202,1012046,1477),(7642,9400202,1012047,1477),(7643,9400202,1012048,1477),(7644,9400202,1012049,1477),(7645,9400202,1012050,1477),(7646,9400202,1012051,1477),(7647,9400202,1012052,1477),(7648,9400202,1012053,1477),(7649,9400202,1012054,1477),(7650,9400202,1012055,1477),(7651,9400202,1012056,1477),(7652,9400202,1012080,1477),(7653,9400202,1012082,1477),(7654,9400202,1012083,1477),(7655,9400202,1012081,1477),(7656,9400202,1020000,1477),(7657,9400202,1021000,1477),(7658,9400202,1022057,1477),(7659,9400202,1022055,1477),(7660,9400202,1022056,1477),(7661,9400202,1022054,1477),(7662,9400202,1022000,1477),(7663,9400202,1022001,1477),(7664,9400202,1022002,1477),(7665,9400202,1022003,1477),(7667,9400202,1022005,1477),(7668,9400202,1022006,1477),(7669,9400202,1022007,1477),(7670,9400202,1022008,1477),(7671,9400202,1022009,1477),(7672,9400202,1022010,1477),(7673,9400202,1022011,1477),(7674,9400202,1022012,1477),(7675,9400202,1022013,1477),(7676,9400202,1022014,1477),(7677,9400202,1022015,1477),(7678,9400202,1022016,1477),(7679,9400202,1022017,1477),(7680,9400202,1022018,1477),(7681,9400202,1022019,1477),(7682,9400202,1022020,1477),(7683,9400202,1022021,1477),(7684,9400202,1022022,1477),(7685,9400202,1022024,1477),(7686,9400202,1022025,1477),(7687,9400202,1022026,1477),(7688,9400202,1022027,1477),(7689,9400202,1022028,1477),(7690,9400202,1022029,1477),(7691,9400202,1022030,1477),(7692,9400202,1022031,1477),(7693,9400202,1022032,1477),(7694,9400202,1022033,1477),(7695,9400202,1022034,1477),(7696,9400202,1022035,1477),(7697,9400202,1022036,1477),(7698,9400202,1022037,1477),(7699,9400202,1022038,1477),(7700,9400202,1022039,1477),(7701,9400202,1022040,1477),(7702,9400202,1022041,1477),(7703,9400202,1022042,1477),(7704,9400202,1022043,1477),(7705,9400202,1022044,1477),(7706,9400202,1022045,1477),(7707,9400202,1022046,1477),(7708,9400202,1022047,1477),(7709,9400202,1022052,1477),(7710,9400202,1022053,1477),(7711,9400202,1022058,1477),(7712,9400202,1022060,1477),(7713,9400202,1022062,1477),(7714,9400202,1022061,1477),(7715,9400202,1022059,1477),(7716,9400202,1022063,1477),(7717,9400202,1000030,1477),(7718,9400202,1000031,1477),(7719,9400202,1000032,1477),(7720,9400202,1000000,1477),(7721,9400202,1000001,1477),(7722,9400202,1000002,1477),(7723,9400202,1000003,1477),(7724,9400202,1000004,1477),(7725,9400202,1000005,1477),(7726,9400202,1000006,1477),(7727,9400202,1000007,1477),(7728,9400202,1000008,1477),(7729,9400202,1000009,1477),(7730,9400202,1000010,1477),(7731,9400202,1000011,1477),(7732,9400202,1000012,1477),(7733,9400202,1000018,1477),(7734,9400202,1000019,1477),(7735,9400202,1000020,1477),(7736,9400202,1000021,1477),(7737,9400202,1000022,1477),(7738,9400202,1000023,1477),(7739,9400202,1000024,1477),(7740,9400202,1000017,1477),(7741,9400202,1000027,1477),(7742,9400202,1000028,1477),(7743,9400202,1001048,1477),(7744,9400202,1001049,1477),(7745,9400202,1001045,1477),(7746,9400202,1001046,1477),(7747,9400202,1001047,1477),(7748,9400202,1001000,1477),(7749,9400202,1001001,1477),(7750,9400202,1001002,1477),(7751,9400202,1001003,1477),(7752,9400202,1001004,1477),(7753,9400202,1001005,1477),(7754,9400202,1001006,1477),(7755,9400202,1001007,1477),(7756,9400202,1001008,1477),(7757,9400202,1001010,1477),(7758,9400202,1001011,1477),(7759,9400202,1001012,1477),(7760,9400202,1001013,1477),(7761,9400202,1001014,1477),(7762,9400202,1001015,1477),(7763,9400202,1001016,1477),(7764,9400202,1001017,1477),(7765,9400202,1001018,1477),(7766,9400202,1001019,1477),(7767,9400202,1001020,1477),(7768,9400202,1001021,1477),(7769,9400202,1001022,1477),(7770,9400202,1001023,1477),(7771,9400202,1001024,1477),(7772,9400202,1001025,1477),(7773,9400202,1001028,1477),(7774,9400202,1001029,1477),(7775,9400202,1001030,1477),(7776,9400202,1001031,1477),(7777,9400202,1001032,1477),(7778,9400202,1001033,1477),(7779,9400202,1001034,1477),(7780,9400202,1001037,1477),(7781,9400202,1001038,1477),(7782,9400202,1001039,1477),(7783,9400202,1001040,1477),(7784,9400202,1001041,1477),(7785,9400202,1001042,1477),(7786,9400202,1001043,1477),(7787,9400202,1001044,1477),(7788,9400202,1002672,1477),(7789,9400202,1002673,1477),(7790,9400202,1002674,1477),(7791,9400202,1002695,1477),(7792,9400202,1002696,1477),(7793,9400202,1002697,1477),(7794,9400202,1002678,1477),(7795,9400202,1002679,1477),(7796,9400202,1002700,1477),(7797,9400202,1002701,1477),(7798,9400202,1002703,1477),(7799,9400202,1002704,1477),(7800,9400202,1002705,1477),(7801,9400202,1002706,1477),(7802,9400202,1002660,1477),(7803,9400202,1002661,1477),(7804,9400202,1002662,1477),(7805,9400202,1002666,1477),(7806,9400202,1002667,1477),(7807,9400202,1002671,1477),(7808,9400202,1002691,1477),(7809,9400202,1002692,1477),(7810,9400202,1002693,1477),(7811,9400202,1002694,1477),(7812,9400202,1002665,1477),(7813,9400202,1002598,1477),(7814,9400202,1002664,1477),(7815,9400202,1002590,1477),(7816,9400202,1002607,1477),(7817,9400202,1002608,1477),(7818,9400202,1002597,1477),(7819,9400202,1002650,1477),(7820,9400202,1002472,1477),(7821,9400202,1002654,1477),(7822,9400202,1002473,1477),(7823,9400202,1002474,1477),(7824,9400202,1002653,1477),(7825,9400202,1002581,1477),(7826,9400202,1002596,1477),(7827,9400202,1002604,1477),(7828,9400202,1002609,1477),(7829,9400202,1002015,1477),(7830,9400202,1002018,1477),(7831,9400202,1002070,1477),(7832,9400202,1002071,1477),(7833,9400202,1002078,1477),(7834,9400202,1002079,1477),(7835,9400202,1002189,1477),(7836,9400202,1002190,1477),(7837,9400202,1002191,1477),(7838,9400202,1002187,1477),(7839,9400202,1002188,1477),(7840,9400202,1002192,1477),(7841,9400202,1002193,1477),(7842,9400202,1002194,1477),(7843,9400202,1002195,1477),(7844,9400202,1002200,1477),(7845,9400202,1002201,1477),(7846,9400202,1002202,1477),(7847,9400202,1002203,1477),(7848,9400202,1002204,1477),(7849,9400202,1002205,1477),(7850,9400202,1002206,1477),(7851,9400202,1002219,1477),(7852,9400202,1002220,1477),(7853,9400202,1002221,1477),(7854,9400202,1002222,1477),(7855,9400202,1002223,1477),(7856,9400202,1002224,1477),(7857,9400202,1002226,1477),(7858,9400202,1002227,1477),(7859,9400202,1002228,1477),(7860,9400202,1002228,1477),(7861,9400202,1002230,1477),(7862,9400202,1002231,1477),(7863,9400202,1002232,1477),(7864,9400202,1002233,1477),(7865,9400202,1002234,1477),(7866,9400202,1002235,1477),(7867,9400202,1002236,1477),(7868,9400202,1002237,1477),(7869,9400202,1002238,1477),(7870,9400202,1002239,1477),(7871,9400202,1002240,1477),(7872,9400202,1002241,1477),(7873,9400202,1002251,1477),(7874,9400202,1002250,1477),(7875,9400202,1002255,1477),(7876,9400202,1002256,1477),(7877,9400202,1002257,1477),(7878,9400202,1002258,1477),(7879,9400202,1002259,1477),(7880,9400202,1002260,1477),(7881,9400202,1002261,1477),(7882,9400202,1002262,1477),(7883,9400202,1002263,1477),(7884,9400202,1002264,1477),(7885,9400202,1002265,1477),(7886,9400202,1002266,1477),(7887,9400202,1002279,1477),(7888,9400202,1002290,1477),(7889,9400202,1002292,1477),(7890,9400202,1002291,1477),(7891,9400202,1002293,1477),(7892,9400202,1002294,1477),(7893,9400202,1002295,1477),(7894,9400202,1002296,1477),(7895,9400202,1002297,1477),(7896,9400202,1002298,1477),(7897,9400202,1002299,1477),(7898,9400202,1002300,1477),(7899,9400202,1002301,1477),(7900,9400202,1002302,1477),(7901,9400202,1002303,1477),(7902,9400202,1002304,1477),(7903,9400202,1002305,1477),(7904,9400202,1002306,1477),(7905,9400202,1002307,1477),(7906,9400202,1002308,1477),(7907,9400202,1002309,1477),(7908,9400202,1002310,1477),(7909,9400202,1002311,1477),(7910,9400202,1002312,1477),(7911,9400202,1002313,1477),(7912,9400202,1002314,1477),(7913,9400202,1002315,1477),(7914,9400202,1002316,1477),(7915,9400202,1002317,1477),(7916,9400202,1002318,1477),(7917,9400202,1002319,1477),(7918,9400202,1002320,1477),(7919,9400202,1002321,1477),(7920,9400202,1002322,1477),(7921,9400202,1002333,1477),(7922,9400202,1002332,1477),(7923,9400202,1002331,1477),(7924,9400202,1002335,1477),(7925,9400202,1002334,1477),(7926,9400202,1002336,1477),(7927,9400202,1002337,1477),(7928,9400202,1002341,1477),(7929,9400202,1002342,1477),(7930,9400202,1002343,1477),(7931,9400202,1002348,1477),(7932,9400202,1002347,1477),(7933,9400202,1002346,1477),(7934,9400202,1002345,1477),(7935,9400202,1002344,1477),(7936,9400202,1002349,1477),(7937,9400202,1002350,1477),(7938,9400202,1002351,1477),(7939,9400202,1002352,1477),(7940,9400202,1002353,1477),(7941,9400202,1002354,1477),(7942,9400202,1002355,1477),(7943,9400202,1002358,1477),(7944,9400202,1002356,1477),(7945,9400202,1002359,1477),(7946,9400202,1002360,1477),(7947,9400202,1002361,1477),(7948,9400202,1002362,1477),(7949,9400202,1002368,1477),(7950,9400202,1002367,1477),(7951,9400202,1002369,1477),(7952,9400202,1002370,1477),(7953,9400202,1002371,1477),(7954,9400202,1002372,1477),(7955,9400202,1002373,1477),(7956,9400202,1002374,1477),(7957,9400202,1002375,1477),(7958,9400202,1002376,1477),(7959,9400202,1002384,1477),(7960,9400202,1002385,1477),(7961,9400202,1002386,1477),(7962,9400202,1002387,1477),(7963,9400202,1002388,1477),(7964,9400202,1002389,1477),(7965,9400202,1002396,1477),(7966,9400202,1002397,1477),(7967,9400202,1002409,1477),(7968,9400202,1002410,1477),(7969,9400202,1002411,1477),(7970,9400202,1002412,1477),(7971,9400202,1002413,1477),(7972,9400202,1002414,1477),(7973,9400202,1002415,1477),(7974,9400202,1002416,1477),(7975,9400202,1002417,1477),(7976,9400202,1002418,1477),(7977,9400202,1002420,1477),(7978,9400202,1002421,1477),(7979,9400202,1002422,1477),(7980,9400202,1002423,1477),(7981,9400202,1002424,1477),(7982,9400202,1002425,1477),(7983,9400202,1002426,1477),(7984,9400202,1002427,1477),(7985,9400202,1002428,1477),(7986,9400202,1002429,1477),(7987,9400202,1002431,1477),(7988,9400202,1002432,1477),(7989,9400202,1002433,1477),(7990,9400202,1002434,1477),(7991,9400202,1002435,1477),(7992,9400202,1002437,1477),(7993,9400202,1002438,1477),(7994,9400202,1002439,1477),(7995,9400202,1002440,1477),(7996,9400202,1002442,1477),(7997,9400202,1002443,1477),(7998,9400202,1002444,1477),(7999,9400202,1002445,1477),(8000,9400202,1002446,1477),(8001,9400202,1002447,1477),(8002,9400202,1002449,1477),(8003,9400202,1002450,1477),(8004,9400202,1002451,1477),(8005,9400202,1002456,1477),(8006,9400202,1002457,1477),(8007,9400202,1002458,1477),(8008,9400202,1002459,1477),(8009,9400202,1002460,1477),(8010,9400202,1002461,1477),(8011,9400202,1002462,1477),(8012,9400202,1002463,1477),(8013,9400202,1002464,1477),(8014,9400202,1002465,1477),(8015,9400202,1002466,1477),(8016,9400202,1002467,1477),(8017,9400202,1002468,1477),(8018,9400202,1002469,1477),(8019,9400202,1002470,1477),(8020,9400202,1002471,1477),(8021,9400202,1002476,1477),(8022,9400202,1002477,1477),(8023,9400202,1002478,1477),(8024,9400202,1002479,1477),(8025,9400202,1002480,1477),(8026,9400202,1002481,1477),(8027,9400202,1002482,1477),(8028,9400202,1002484,1477),(8029,9400202,1002485,1477),(8030,9400202,1002486,1477),(8031,9400202,1002487,1477),(8032,9400202,1002488,1477),(8033,9400202,1002489,1477),(8034,9400202,1002490,1477),(8035,9400202,1002491,1477),(8036,9400202,1002493,1477),(8037,9400202,1002495,1477),(8038,9400202,1002496,1477),(8039,9400202,1002497,1477),(8040,9400202,1002499,1477),(8041,9400202,1002500,1477),(8042,9400202,1002501,1477),(8043,9400202,1002501,1477),(8044,9400202,1002502,1477),(8045,9400202,1002503,1477),(8046,9400202,1002504,1477),(8047,9400202,1002505,1477),(8048,9400202,1002506,1477),(8049,9400202,1002507,1477),(8050,9400202,1002512,1477),(8051,9400202,1002513,1477),(8052,9400202,1002514,1477),(8053,9400202,1002520,1477),(8054,9400202,1002519,1477),(8055,9400202,1002525,1477),(8056,9400202,1002522,1477),(8057,9400202,1002521,1477),(8058,9400202,1002526,1477),(8059,9400202,1002533,1477),(8060,9400202,1002534,1477),(8061,9400202,1002535,1477),(8062,9400202,1002536,1477),(8063,9400202,1002542,1477),(8064,9400202,1002543,1477),(8065,9400202,1002544,1477),(8066,9400202,1002545,1477),(8067,9400202,1002546,1477),(8068,9400202,1002547,1477),(8069,9400202,1002548,1477),(8070,9400202,1002549,1477),(8071,9400202,1002552,1477),(8072,9400202,1002555,1477),(8073,9400202,1002557,1477),(8074,9400202,1002556,1477),(8075,9400202,1002558,1477),(8076,9400202,1002559,1477),(8077,9400202,1002560,1477),(8078,9400202,1002566,1477),(8079,9400202,1002565,1477),(8080,9400202,1002567,1477),(8081,9400202,1002568,1477),(8082,9400202,1002569,1477),(8083,9400202,1002575,1477),(8084,9400202,1002576,1477),(8085,9400202,1002582,1477),(8086,9400202,1002583,1477),(8087,9400202,1002592,1477),(8088,9400202,1002591,1477),(8089,9400202,1002589,1477),(8090,9400202,1002588,1477),(8091,9400202,1002593,1477),(8092,9400202,1002594,1477),(8093,9400202,1002599,1477),(8094,9400202,1002710,1477),(8095,9400202,1002710,1477),(8096,9400202,1002712,1477),(8097,9400202,1002698,1477),(8098,9400202,1002714,1477),(8099,9400202,1002715,1477),(8100,9400202,1002723,1477),(8101,9400202,1002724,1477),(8102,9400202,1002725,1477),(8103,9400202,1002726,1477),(8104,9400202,1002727,1477),(8105,9400202,1002734,1477),(8106,9400202,1002721,1477),(8107,9400202,1002722,1477),(8108,9400202,1002699,1477),(8109,9400202,1002707,1477),(8110,9400202,1002708,1477),(8111,9400202,1002709,1477),(8112,9400202,1002713,1477),(8113,9400202,1002718,1477),(8114,9400202,1002719,1477),(8115,9400202,1002738,1477),(8116,9400202,1002741,1477),(8117,9400202,1002742,1477),(8118,9400202,1002743,1477),(8119,9400202,1002744,1477),(8120,9400202,1002745,1477),(8121,9400202,1002746,1477),(8122,9400202,1002751,1477),(8123,9400202,1040045,1477),(8124,9400202,1040046,1477),(8125,9400202,1040047,1477),(8126,9400202,1040051,1477),(8127,9400202,1040052,1477),(8128,9400202,1040053,1477),(8129,9400202,1040054,1477),(8130,9400202,1040055,1477),(8131,9400202,1040056,1477),(8132,9400202,1040064,1477),(8133,9400202,1040065,1477),(8134,9400202,1040066,1477),(8135,9400202,1040077,1477),(8136,9400202,1040078,1477),(8137,9400202,1040101,1477),(8138,9400202,1040114,1477),(8139,9400202,1040119,1477),(8140,9400202,1040123,1477),(8141,9400202,1040124,1477),(8142,9400202,1040125,1477),(8143,9400202,1040127,1477),(8144,9400202,1040128,1477),(8145,9400202,1040129,1477),(8146,9400202,1040130,1477),(8147,9400202,1040131,1477),(8148,9400202,1040132,1477),(8149,9400202,1040133,1477),(8150,9400202,1040134,1477),(8151,9400202,1040135,1477),(8152,9400202,1040139,1477),(8153,9400202,1041140,1477),(8154,9400202,1041000,1477),(8155,9400202,1041001,1477),(8156,9400202,1041004,1477),(8157,9400202,1041005,1477),(8158,9400202,1041009,1477),(8159,9400202,1041070,1477),(8160,9400202,1041071,1477),(8161,9400202,1041072,1477),(8162,9400202,1041073,1477),(8163,9400202,1041108,1477),(8164,9400202,1041109,1477),(8165,9400202,1041112,1477),(8166,9400202,1041111,1477),(8167,9400202,1041110,1477),(8168,9400202,1041113,1477),(8169,9400202,1041114,1477),(8170,9400202,1041125,1477),(8171,9400202,1041127,1477),(8172,9400202,1041128,1477),(8173,9400202,1041129,1477),(8174,9400202,1041130,1477),(8175,9400202,1041131,1477),(8176,9400202,1041132,1477),(8177,9400202,1041133,1477),(8178,9400202,1041104,1477),(8179,9400202,1041134,1477),(8180,9400202,1041135,1477),(8181,9400202,1041136,1477),(8182,9400202,1041137,1477),(8183,9400202,1042108,1477),(8184,9400202,1042109,1477),(8185,9400202,1042110,1477),(8186,9400202,1042107,1477),(8187,9400202,1042104,1477),(8188,9400202,1042106,1477),(8189,9400202,1042103,1477),(8190,9400202,1042102,1477),(8191,9400202,1042105,1477),(8192,9400202,1042097,1477),(8193,9400202,1042098,1477),(8194,9400202,1042079,1477),(8195,9400202,1042000,1477),(8196,9400202,1042001,1477),(8197,9400202,1042002,1477),(8198,9400202,1042004,1477),(8199,9400202,1042005,1477),(8200,9400202,1042006,1477),(8201,9400202,1042007,1477),(8202,9400202,1042008,1477),(8203,9400202,1042009,1477),(8204,9400202,1042010,1477),(8205,9400202,1042011,1477),(8206,9400202,1042012,1477),(8207,9400202,1042013,1477),(8208,9400202,1042014,1477),(8209,9400202,1042015,1477),(8210,9400202,1042016,1477),(8211,9400202,1042017,1477),(8212,9400202,1042018,1477),(8213,9400202,1042019,1477),(8214,9400202,1042020,1477),(8215,9400202,1042021,1477),(8216,9400202,1042022,1477),(8217,9400202,1042023,1477),(8218,9400202,1042024,1477),(8219,9400202,1042025,1477),(8220,9400202,1042026,1477),(8221,9400202,1042027,1477),(8222,9400202,1042028,1477),(8223,9400202,1042029,1477),(8224,9400202,1042030,1477),(8225,9400202,1042031,1477),(8226,9400202,1042032,1477),(8227,9400202,1042033,1477),(8228,9400202,1042034,1477),(8229,9400202,1042035,1477),(8230,9400202,1042036,1477),(8231,9400202,1042037,1477),(8232,9400202,1042038,1477),(8233,9400202,1042039,1477),(8234,9400202,1042040,1477),(8235,9400202,1042041,1477),(8236,9400202,1042042,1477),(8237,9400202,1042043,1477),(8238,9400202,1042044,1477),(8239,9400202,1042045,1477),(8240,9400202,1042046,1477),(8241,9400202,1042047,1477),(8242,9400202,1042048,1477),(8243,9400202,1042049,1477),(8244,9400202,1042050,1477),(8245,9400202,1042051,1477),(8246,9400202,1042052,1477),(8247,9400202,1042053,1477),(8248,9400202,1042054,1477),(8249,9400202,1042055,1477),(8250,9400202,1042056,1477),(8251,9400202,1042057,1477),(8252,9400202,1042058,1477),(8253,9400202,1042059,1477),(8254,9400202,1042062,1477),(8255,9400202,1042060,1477),(8256,9400202,1042061,1477),(8257,9400202,1042063,1477),(8258,9400202,1042064,1477),(8259,9400202,1042065,1477),(8260,9400202,1042066,1477),(8261,9400202,1042067,1477),(8262,9400202,1042068,1477),(8263,9400202,1042069,1477),(8264,9400202,1042070,1477),(8265,9400202,1042071,1477),(8266,9400202,1042072,1477),(8267,9400202,1042073,1477),(8268,9400202,1042074,1477),(8269,9400202,1042075,1477),(8270,9400202,1042076,1477),(8271,9400202,1042077,1477),(8272,9400202,1042078,1477),(8273,9400202,1042080,1477),(8274,9400202,1042081,1477),(8275,9400202,1042082,1477),(8276,9400202,1042083,1477),(8277,9400202,1042084,1477),(8278,9400202,1042085,1477),(8279,9400202,1042086,1477),(8280,9400202,1042087,1477),(8281,9400202,1042088,1477),(8282,9400202,1042089,1477),(8283,9400202,1042090,1477),(8284,9400202,1042091,1477),(8285,9400202,1042092,1477),(8286,9400202,1042093,1477),(8287,9400202,1042094,1477),(8288,9400202,1042095,1477),(8289,9400202,1042096,1477),(8290,9400202,1042099,1477),(8291,9400202,1042100,1477),(8292,9400202,1042101,1477),(8293,9400202,1040137,1477),(8294,9400202,1040138,1477),(8295,9400202,1041139,1477),(8296,9400202,1042116,1477),(8297,9400202,1042117,1477),(8298,9400202,1042118,1477),(8299,9400202,1042119,1477),(8300,9400202,1042120,1477),(8301,9400202,1042121,1477),(8302,9400202,1042122,1477),(8303,9400202,1042123,1477),(8304,9400202,1042124,1477),(8305,9400202,1042125,1477),(8306,9400202,1042126,1477),(8307,9400202,1050140,1477),(8308,9400202,1050138,1477),(8309,9400202,1050139,1477),(8310,9400202,1050004,1477),(8311,9400202,1050012,1477),(8312,9400202,1050013,1477),(8313,9400202,1050014,1477),(8314,9400202,1050015,1477),(8315,9400202,1050016,1477),(8316,9400202,1050017,1477),(8317,9400202,1050019,1477),(8318,9400202,1050020,1477),(8319,9400202,1050032,1477),(8320,9400202,1050033,1477),(8321,9400202,1050034,1477),(8322,9400202,1050040,1477),(8323,9400202,1050041,1477),(8324,9400202,1050042,1477),(8325,9400202,1050043,1477),(8326,9400202,1050050,1477),(8327,9400202,1050057,1477),(8328,9400202,1050065,1477),(8329,9400202,1050066,1477),(8330,9400202,1050071,1477),(8331,9400202,1050079,1477),(8332,9400202,1050084,1477),(8333,9400202,1050085,1477),(8334,9400202,1050086,1477),(8335,9400202,1050087,1477),(8336,9400202,1050101,1477),(8337,9400202,1050109,1477),(8338,9400202,1050110,1477),(8339,9400202,1050111,1477),(8340,9400202,1050113,1477),(8341,9400202,1050114,1477),(8342,9400202,1050115,1477),(8343,9400202,1050116,1477),(8344,9400202,1050117,1477),(8345,9400202,1050118,1477),(8346,9400202,1050119,1477),(8347,9400202,1050120,1477),(8348,9400202,1050121,1477),(8349,9400202,1050122,1477),(8350,9400202,1050123,1477),(8351,9400202,1050124,1477),(8352,9400202,1050125,1477),(8353,9400202,1050128,1477),(8354,9400202,1050129,1477),(8355,9400202,1050136,1477),(8356,9400202,1050137,1477),(8357,9400202,1051163,1477),(8358,9400202,1051161,1477),(8359,9400202,1051158,1477),(8360,9400202,1051159,1477),(8361,9400202,1051160,1477),(8362,9400202,1051002,1477),(8363,9400202,1051018,1477),(8364,9400202,1051019,1477),(8365,9400202,1051020,1477),(8366,9400202,1051021,1477),(8367,9400202,1051022,1477),(8368,9400202,1051035,1477),(8369,9400202,1051036,1477),(8370,9400202,1051040,1477),(8371,9400202,1051048,1477),(8372,9400202,1051049,1477),(8373,9400202,1051050,1477),(8374,9400202,1051051,1477),(8375,9400202,1051059,1477),(8376,9400202,1051060,1477),(8377,9400202,1051061,1477),(8378,9400202,1051070,1477),(8379,9400202,1051071,1477),(8380,9400202,1051072,1477),(8381,9400202,1051073,1477),(8382,9400202,1051074,1477),(8383,9400202,1051075,1477),(8384,9400202,1051076,1477),(8385,9400202,1051081,1477),(8386,9400202,1051086,1477),(8387,9400202,1051087,1477),(8388,9400202,1051088,1477),(8389,9400202,1051089,1477),(8390,9400202,1051099,1477),(8391,9400202,1051100,1477),(8392,9400202,1051108,1477),(8393,9400202,1051109,1477),(8394,9400202,1051110,1477),(8395,9400202,1051111,1477),(8396,9400202,1051112,1477),(8397,9400202,1051114,1477),(8398,9400202,1051115,1477),(8399,9400202,1051116,1477),(8400,9400202,1051117,1477),(8401,9400202,1051118,1477),(8402,9400202,1051119,1477),(8403,9400202,1051120,1477),(8404,9400202,1051121,1477),(8405,9400202,1051122,1477),(8406,9400202,1051123,1477),(8407,9400202,1051124,1477),(8408,9400202,1051125,1477),(8409,9400202,1051126,1477),(8410,9400202,1051127,1477),(8411,9400202,1051128,1477),(8412,9400202,1051130,1477),(8413,9400202,1051131,1477),(8414,9400202,1051132,1477),(8415,9400202,1051133,1477),(8416,9400202,1051134,1477),(8417,9400202,1051135,1477),(8418,9400202,1051136,1477),(8419,9400202,1051137,1477),(8420,9400202,1051138,1477),(8421,9400202,1051141,1477),(8422,9400202,1051142,1477),(8423,9400202,1051143,1477),(8424,9400202,1051144,1477),(8425,9400202,1051145,1477),(8426,9400202,1051146,1477),(8427,9400202,1051147,1477),(8428,9400202,1051148,1477),(8429,9400202,1051149,1477),(8430,9400202,1051150,1477),(8431,9400202,1051151,1477),(8432,9400202,1051152,1477),(8433,9400202,1051153,1477),(8434,9400202,1051155,1477),(8435,9400202,1051154,1477),(8436,9400202,1051156,1477),(8437,9400202,1051157,1477),(8438,9400202,1052054,1477),(8439,9400202,1052137,1477),(8440,9400202,1052069,1477),(8441,9400202,1052135,1477),(8442,9400202,1052091,1477),(8443,9400202,1052092,1477),(8444,9400202,1052093,1477),(8445,9400202,1052094,1477),(8446,9400202,1052087,1477),(8447,9400202,1052088,1477),(8448,9400202,1052089,1477),(8449,9400202,1052090,1477),(8450,9400202,1052136,1477),(8451,9400202,1052000,1477),(8452,9400202,1052001,1477),(8453,9400202,1052002,1477),(8454,9400202,1052003,1477),(8455,9400202,1052004,1477),(8456,9400202,1052005,1477),(8457,9400202,1052006,1477),(8458,9400202,1052007,1477),(8459,9400202,1052008,1477),(8460,9400202,1052009,1477),(8461,9400202,1052010,1477),(8462,9400202,1052011,1477),(8463,9400202,1052012,1477),(8464,9400202,1052013,1477),(8465,9400202,1052014,1477),(8466,9400202,1052015,1477),(8467,9400202,1052016,1477),(8468,9400202,1052017,1477),(8469,9400202,1052018,1477),(8470,9400202,1052019,1477),(8471,9400202,1052020,1477),(8472,9400202,1052021,1477),(8473,9400202,1052022,1477),(8474,9400202,1052023,1477),(8475,9400202,1052024,1477),(8476,9400202,1052025,1477),(8477,9400202,1052026,1477),(8478,9400202,1052027,1477),(8479,9400202,1052028,1477),(8480,9400202,1052029,1477),(8481,9400202,1052030,1477),(8482,9400202,1052031,1477),(8483,9400202,1052032,1477),(8484,9400202,1052033,1477),(8485,9400202,1052034,1477),(8486,9400202,1052036,1477),(8487,9400202,1052037,1477),(8488,9400202,1052038,1477),(8489,9400202,1052039,1477),(8490,9400202,1052040,1477),(8491,9400202,1052045,1477),(8492,9400202,1052044,1477),(8493,9400202,1052043,1477),(8494,9400202,1052042,1477),(8495,9400202,1052041,1477),(8496,9400202,1052046,1477),(8497,9400202,1052047,1477),(8498,9400202,1052048,1477),(8499,9400202,1052049,1477),(8500,9400202,1052050,1477),(8501,9400202,1052051,1477),(8502,9400202,1052052,1477),(8503,9400202,1052053,1477),(8504,9400202,1052055,1477),(8505,9400202,1052056,1477),(8506,9400202,1052057,1477),(8507,9400202,1052058,1477),(8508,9400202,1052059,1477),(8509,9400202,1052060,1477),(8510,9400202,1052061,1477),(8511,9400202,1052062,1477),(8512,9400202,1052063,1477),(8513,9400202,1052064,1477),(8514,9400202,1052065,1477),(8515,9400202,1052066,1477),(8516,9400202,1052067,1477),(8517,9400202,1052068,1477),(8518,9400202,1052073,1477),(8519,9400202,1052074,1477),(8520,9400202,1052077,1477),(8521,9400202,1052078,1477),(8522,9400202,1052079,1477),(8523,9400202,1052080,1477),(8524,9400202,1052081,1477),(8525,9400202,1052082,1477),(8526,9400202,1052083,1477),(8527,9400202,1052084,1477),(8528,9400202,1052085,1477),(8529,9400202,1052086,1477),(8530,9400202,1052144,1477),(8531,9400202,1052147,1477),(8532,9400202,1050141,1477),(8533,9400202,1051164,1477),(8534,9400202,1052143,1477),(8535,9400202,1052145,1477),(8536,9400202,1052142,1477),(8537,9400202,1052150,1477),(8538,9400202,1060001,1477),(8539,9400202,1060003,1477),(8540,9400202,1060034,1477),(8541,9400202,1060035,1477),(8542,9400202,1060036,1477),(8543,9400202,1060040,1477),(8544,9400202,1060041,1477),(8545,9400202,1060042,1477),(8546,9400202,1060047,1477),(8547,9400202,1060048,1477),(8548,9400202,1060049,1477),(8549,9400202,1060055,1477),(8550,9400202,1060066,1477),(8551,9400202,1060067,1477),(8552,9400202,1060096,1477),(8553,9400202,1060103,1477),(8554,9400202,1060108,1477),(8555,9400202,1060112,1477),(8556,9400202,1060113,1477),(8557,9400202,1060114,1477),(8558,9400202,1060116,1477),(8559,9400202,1060117,1477),(8560,9400202,1060118,1477),(8561,9400202,1061140,1477),(8562,9400202,1061000,1477),(8563,9400202,1061004,1477),(8564,9400202,1061005,1477),(8565,9400202,1061023,1477),(8566,9400202,1061031,1477),(8567,9400202,1061065,1477),(8568,9400202,1061066,1477),(8569,9400202,1061067,1477),(8570,9400202,1061089,1477),(8571,9400202,1061107,1477),(8572,9400202,1061108,1477),(8573,9400202,1061109,1477),(8574,9400202,1061110,1477),(8575,9400202,1061111,1477),(8576,9400202,1061112,1477),(8577,9400202,1061113,1477),(8578,9400202,1061124,1477),(8579,9400202,1061126,1477),(8580,9400202,1061127,1477),(8581,9400202,1061128,1477),(8582,9400202,1061129,1477),(8583,9400202,1061130,1477),(8584,9400202,1061131,1477),(8585,9400202,1061132,1477),(8586,9400202,1061133,1477),(8587,9400202,1061134,1477),(8588,9400202,1061135,1477),(8589,9400202,1061136,1477),(8590,9400202,1061137,1477),(8591,9400202,1061138,1477),(8592,9400202,1062069,1477),(8593,9400202,1062070,1477),(8594,9400202,1062068,1477),(8595,9400202,1062064,1477),(8596,9400202,1062065,1477),(8597,9400202,1062067,1477),(8598,9400202,1062066,1477),(8599,9400202,1062003,1477),(8600,9400202,1062005,1477),(8601,9400202,1062008,1477),(8602,9400202,1062009,1477),(8603,9400202,1062010,1477),(8604,9400202,1062011,1477),(8605,9400202,1062012,1477),(8606,9400202,1062013,1477),(8607,9400202,1062014,1477),(8608,9400202,1062015,1477),(8609,9400202,1062016,1477),(8610,9400202,1062017,1477),(8611,9400202,1062018,1477),(8612,9400202,1062019,1477),(8613,9400202,1062020,1477),(8614,9400202,1062021,1477),(8615,9400202,1062022,1477),(8616,9400202,1062023,1477),(8617,9400202,1062024,1477),(8618,9400202,1062025,1477),(8619,9400202,1062026,1477),(8620,9400202,1062027,1477),(8621,9400202,1062028,1477),(8622,9400202,1062029,1477),(8623,9400202,1062030,1477),(8624,9400202,1062031,1477),(8625,9400202,1062032,1477),(8626,9400202,1062033,1477),(8627,9400202,1062034,1477),(8628,9400202,1062035,1477),(8629,9400202,1062038,1477),(8630,9400202,1062039,1477),(8631,9400202,1062040,1477),(8632,9400202,1062041,1477),(8633,9400202,1062042,1477),(8634,9400202,1062043,1477),(8635,9400202,1062044,1477),(8636,9400202,1062045,1477),(8637,9400202,1062046,1477),(8638,9400202,1062047,1477),(8639,9400202,1062048,1477),(8640,9400202,1062049,1477),(8641,9400202,1062050,1477),(8642,9400202,1062051,1477),(8643,9400202,1062052,1477),(8644,9400202,1062053,1477),(8645,9400202,1062054,1477),(8646,9400202,1062055,1477),(8647,9400202,1062056,1477),(8648,9400202,1062057,1477),(8649,9400202,1062058,1477),(8650,9400202,1062059,1477),(8651,9400202,1062060,1477),(8652,9400202,1062061,1477),(8653,9400202,1062062,1477),(8654,9400202,1062063,1477),(8655,9400202,1060120,1477),(8656,9400202,1060121,1477),(8657,9400202,1061141,1477),(8658,9400202,1061142,1477),(8659,9400202,1062071,1477),(8660,9400202,1062072,1477),(8661,9400202,1061143,1477),(8662,9400202,1062073,1477),(8663,9400202,1062074,1477),(8664,9400202,1062075,1477),(8665,9400202,1062076,1477),(8666,9400202,1062080,1477),(8667,9400202,1062081,1477),(8668,9400202,1062078,1477),(8669,9400202,1062079,1477),(8670,9400202,1062082,1477),(8671,9400202,1102137,1477),(8672,9400202,1102138,1477),(8673,9400202,1102141,1477),(8674,9400202,1102142,1477),(8675,9400202,1102150,1477),(8676,9400202,1102109,1477),(8677,9400202,1102108,1477),(8678,9400202,1102107,1477),(8679,9400202,1102110,1477),(8680,9400202,1102111,1477),(8681,9400202,1102112,1477),(8682,9400202,1102143,1477),(8683,9400202,1102144,1477),(8684,9400202,1102095,1477),(8685,9400202,1102096,1477),(8686,9400202,1102097,1477),(8687,9400202,1102098,1477),(8688,9400202,1102005,1477),(8689,9400202,1102006,1477),(8690,9400202,1102007,1477),(8691,9400202,1102008,1477),(8692,9400202,1102009,1477),(8693,9400202,1102010,1477),(8694,9400202,1102020,1477),(8695,9400202,1102019,1477),(8696,9400202,1102025,1477),(8697,9400202,1102036,1477),(8698,9400202,1102037,1477),(8699,9400202,1102038,1477),(8700,9400202,1102044,1477),(8701,9400202,1102045,1477),(8702,9400202,1102046,1477),(8703,9400202,1102047,1477),(8704,9400202,1102048,1477),(8705,9400202,1102049,1477),(8706,9400202,1102050,1477),(8707,9400202,1102051,1477),(8708,9400202,1102052,1477),(8709,9400202,1102058,1477),(8710,9400202,1102059,1477),(8711,9400202,1102060,1477),(8712,9400202,1102063,1477),(8713,9400202,1102065,1477),(8714,9400202,1102066,1477),(8715,9400202,1102067,1477),(8716,9400202,1102068,1477),(8717,9400202,1102069,1477),(8718,9400202,1102070,1477),(8719,9400202,1102071,1477),(8720,9400202,1102072,1477),(8721,9400202,1102073,1477),(8722,9400202,1102074,1477),(8723,9400202,1102075,1477),(8724,9400202,1102076,1477),(8725,9400202,1102077,1477),(8726,9400202,1102088,1477),(8727,9400202,1102089,1477),(8728,9400202,1102090,1477),(8729,9400202,1102091,1477),(8730,9400202,1102092,1477),(8731,9400202,1102093,1477),(8732,9400202,1102094,1477),(8733,9400202,1102151,1477),(8734,9400202,1102148,1477),(8735,9400202,1102149,1477),(8736,9400202,1102153,1477),(8737,9400202,1102154,1477),(8738,9400202,1102156,1477),(8739,9400202,1102157,1477),(8740,9400202,1102155,1477),(8741,9400202,1102152,1477),(8742,9400202,1102158,1477),(8743,9400202,1102159,1477),(8744,9400202,1102161,1477),(8745,9400202,1102162,1477),(8746,9400202,1102163,1477),(8747,9400202,1080000,1477),(8748,9400202,1081000,1477),(8749,9400202,1081001,1477),(8750,9400202,1081002,1477),(8751,9400202,1081003,1477),(8752,9400202,1081004,1477),(8753,9400202,1082040,1477),(8754,9400202,1082041,1477),(8755,9400202,1082057,1477),(8756,9400202,1082058,1477),(8757,9400202,1082077,1477),(8758,9400202,1082078,1477),(8759,9400202,1082079,1477),(8760,9400202,1082101,1477),(8761,9400202,1082113,1477),(8762,9400202,1082124,1477),(8763,9400202,1082156,1477),(8764,9400202,1082155,1477),(8765,9400202,1082157,1477),(8766,9400202,1082161,1477),(8767,9400202,1082162,1477),(8768,9400202,1082165,1477),(8769,9400202,1082172,1477),(8770,9400202,1082169,1477),(8771,9400202,1082170,1477),(8772,9400202,1082171,1477),(8773,9400202,1082173,1477),(8774,9400202,1082227,1477),(8775,9400202,1082225,1477),(8776,9400202,1082224,1477),(8777,9400202,1082229,1477),(8778,9400202,1082226,1477),(8779,9400202,1092031,1477),(8780,9400202,1092032,1477),(8781,9400202,1092033,1477),(8782,9400202,1092034,1477),(8783,9400202,1092039,1477),(8784,9400202,1092040,1477),(8785,9400202,1092044,1477),(8786,9400202,1070000,1477),(8787,9400202,1070001,1477),(8788,9400202,1070002,1477),(8789,9400202,1070003,1477),(8790,9400202,1070004,1477),(8791,9400202,1070005,1477),(8792,9400202,1070006,1477),(8793,9400202,1070007,1477),(8794,9400202,1070008,1477),(8795,9400202,1070009,1477),(8796,9400202,1071021,1477),(8797,9400202,1071000,1477),(8798,9400202,1071001,1477),(8799,9400202,1071002,1477),(8800,9400202,1071003,1477),(8801,9400202,1071004,1477),(8802,9400202,1071005,1477),(8803,9400202,1071006,1477),(8804,9400202,1071007,1477),(8805,9400202,1071008,1477),(8806,9400202,1071009,1477),(8807,9400202,1071010,1477),(8808,9400202,1071011,1477),(8809,9400202,1071012,1477),(8810,9400202,1071013,1477),(8811,9400202,1071014,1477),(8812,9400202,1071015,1477),(8813,9400202,1071016,1477),(8814,9400202,1071017,1477),(8815,9400202,1071019,1477),(8816,9400202,1071020,1477),(8817,9400202,1072324,1477),(8818,9400202,1072322,1477),(8819,9400202,1072323,1477),(8820,9400202,1072325,1477),(8821,9400202,1072326,1477),(8822,9400202,1072281,1477),(8823,9400202,1072282,1477),(8824,9400202,1072283,1477),(8825,9400202,1072284,1477),(8826,9400202,1072010,1477),(8827,9400202,1072013,1477),(8828,9400202,1072057,1477),(8829,9400202,1072058,1477),(8830,9400202,1072092,1477),(8831,9400202,1072093,1477),(8832,9400202,1072094,1477),(8833,9400202,1072095,1477),(8834,9400202,1072096,1477),(8835,9400202,1072097,1477),(8836,9400202,1072180,1477),(8837,9400202,1072175,1477),(8838,9400202,1072181,1477),(8839,9400202,1072186,1477),(8840,9400202,1072187,1477),(8841,9400202,1072188,1477),(8842,9400202,1072189,1477),(8843,9400202,1072190,1477),(8844,9400202,1072191,1477),(8845,9400202,1072199,1477),(8846,9400202,1072200,1477),(8847,9400202,1072202,1477),(8848,9400202,1072217,1477),(8849,9400202,1072218,1477),(8850,9400202,1072219,1477),(8851,9400202,1072230,1477),(8852,9400202,1072231,1477),(8853,9400202,1072232,1477),(8854,9400202,1072233,1477),(8855,9400202,1072234,1477),(8856,9400202,1072235,1477),(8857,9400202,1072236,1477),(8858,9400202,1072237,1477),(8859,9400202,1072240,1477),(8860,9400202,1072241,1477),(8861,9400202,1072242,1477),(8862,9400202,1072243,1477),(8863,9400202,1072244,1477),(8864,9400202,1072245,1477),(8865,9400202,1072246,1477),(8866,9400202,1072247,1477),(8867,9400202,1072250,1477),(8868,9400202,1072251,1477),(8869,9400202,1072252,1477),(8870,9400202,1072253,1477),(8871,9400202,1072254,1477),(8872,9400202,1072255,1477),(8873,9400202,1072256,1477),(8874,9400202,1072257,1477),(8875,9400202,1072258,1477),(8876,9400202,1072259,1477),(8877,9400202,1072260,1477),(8878,9400202,1072265,1477),(8879,9400202,1072266,1477),(8880,9400202,1072267,1477),(8881,9400202,1072270,1477),(8882,9400202,1072271,1477),(8883,9400202,1072274,1477),(8884,9400202,1072276,1477),(8885,9400202,1072277,1477),(8886,9400202,1072278,1477),(8887,9400202,1072279,1477),(8888,9400202,1072280,1477),(8889,9400202,1072327,1477),(8890,9400202,1072328,1477),(8891,9400202,1072329,1477),(8892,9400202,1072336,1477),(8893,9400202,1072333,1477),(8894,9400202,1072334,1477),(8895,9400202,1072335,1477),(8896,9400202,1072337,1477),(8897,9400202,1072330,1477),(8898,9400202,1072331,1477),(8899,9400202,1072332,1477),(8900,9400202,1072348,1477),(8901,9400202,1702152,1477),(8902,9400202,1702144,1477),(8903,9400202,1702148,1477),(8904,9400202,1702151,1477),(8905,9400202,1702136,1477),(8906,9400202,1702141,1477),(8907,9400202,1702142,1477),(8908,9400202,1702124,1477),(8909,9400202,1702143,1477),(8910,9400202,1702137,1477),(8911,9400202,1702138,1477),(8912,9400202,1702139,1477),(8913,9400202,1702114,1477),(8914,9400202,1702140,1477),(8915,9400202,1702118,1477),(8916,9400202,1702119,1477),(8917,9400202,1702120,1477),(8918,9400202,1702123,1477),(8919,9400202,1702115,1477),(8920,9400202,1702102,1477),(8921,9400202,1702121,1477),(8922,9400202,1702000,1477),(8923,9400202,1702001,1477),(8924,9400202,1702004,1477),(8925,9400202,1702005,1477),(8926,9400202,1702006,1477),(8927,9400202,1702007,1477),(8928,9400202,1702008,1477),(8929,9400202,1702010,1477),(8930,9400202,1702011,1477),(8931,9400202,1702012,1477),(8932,9400202,1702013,1477),(8933,9400202,1702015,1477),(8934,9400202,1702016,1477),(8935,9400202,1702018,1477),(8936,9400202,1702019,1477),(8937,9400202,1702020,1477),(8938,9400202,1702021,1477),(8939,9400202,1702022,1477),(8940,9400202,1702023,1477),(8941,9400202,1702027,1477),(8942,9400202,1702028,1477),(8943,9400202,1702036,1477),(8944,9400202,1702037,1477),(8945,9400202,1702039,1477),(8946,9400202,1702041,1477),(8947,9400202,1702042,1477),(8948,9400202,1702043,1477),(8949,9400202,1702044,1477),(8950,9400202,1702045,1477),(8951,9400202,1702047,1477),(8952,9400202,1702048,1477),(8953,9400202,1702050,1477),(8954,9400202,1702051,1477),(8955,9400202,1702052,1477),(8956,9400202,1702053,1477),(8957,9400202,1702054,1477),(8958,9400202,1702056,1477),(8959,9400202,1702057,1477),(8960,9400202,1702058,1477),(8961,9400202,1702059,1477),(8962,9400202,1702060,1477),(8963,9400202,1702063,1477),(8964,9400202,1702064,1477),(8965,9400202,1702064,1477),(8966,9400202,1702066,1477),(8967,9400202,1702065,1477),(8968,9400202,1702067,1477),(8969,9400202,1702068,1477),(8970,9400202,1702069,1477),(8971,9400202,1702070,1477),(8972,9400202,1702071,1477),(8973,9400202,1702072,1477),(8974,9400202,1702075,1477),(8975,9400202,1702076,1477),(8976,9400202,1702077,1477),(8977,9400202,1702079,1477),(8978,9400202,1702080,1477),(8979,9400202,1702081,1477),(8980,9400202,1702083,1477),(8981,9400202,1702084,1477),(8982,9400202,1702086,1477),(8983,9400202,1702087,1477),(8984,9400202,1702088,1477),(8985,9400202,1702089,1477),(8986,9400202,1702090,1477),(8987,9400202,1702091,1477),(8988,9400202,1702092,1477),(8989,9400202,1702093,1477),(8990,9400202,1702096,1477),(8991,9400202,1702097,1477),(8992,9400202,1702098,1477),(8993,9400202,1702100,1477),(8994,9400202,1702103,1477),(8995,9400202,1702104,1477),(8996,9400202,1702105,1477),(8997,9400202,1702106,1477),(8998,9400202,1702107,1477),(8999,9400202,1702108,1477),(9000,9400202,1702112,1477),(9001,9400202,1702113,1477),(9002,9400202,1702116,1477),(9003,9400202,1702117,1477),(9004,9400202,1702149,1477),(9005,9400202,1702150,1477),(9006,9400202,1702156,1477),(9007,9400202,1702157,1477),(9008,9400202,1702161,1477),(9009,9400202,1702162,1477),(9010,9400202,1702163,1477),(9011,9400202,1702164,1477),(9012,9400202,1702153,1477),(9013,9400202,1702166,1477),(9014,9400202,1702172,1477),(9015,9400202,1702154,1477),(9016,9400202,1702165,1477),(9017,9400202,1702169,1477),(9018,9400202,1702171,1477),(9019,9400202,1702175,1477),(9020,9400202,1702155,1477),(9021,9400202,1702160,1477),(9022,9400202,1702173,1477),(9023,9400202,1702174,1477),(9024,9400202,1702178,1477),(9025,9400202,1702131,1477),(9026,9400202,1702078,1477),(9027,9400202,1702132,1477),(9028,9400202,1702134,1477),(9029,9400202,1702146,1477),(9030,9400202,1382013,1477),(9031,9400202,1702147,1477),(9032,9400202,1422031,1477),(9033,9400202,1422030,1477),(9034,9400202,1702125,1477),(9035,9400202,1702126,1477),(9036,9400202,1702128,1477),(9037,9400202,1702129,1477),(9038,9400202,1702130,1477),(9039,9400202,1702002,1477),(9040,9400202,1702003,1477),(9041,9400202,1702024,1477),(9042,9400202,1702025,1477),(9043,9400202,1702040,1477),(9044,9400202,1702055,1477),(9045,9400202,1702082,1477),(9046,9400202,1702101,1477),(9047,9400202,1702127,1477),(9048,9400202,1702014,1477),(9049,9400202,1702046,1477),(9050,9400202,1702026,1477),(9051,9400202,1702073,1477),(9052,9400202,1702074,1477),(9053,9400202,1462020,1477),(9054,9400202,1462038,1477),(9055,9400202,1702133,1477),(9056,9400202,1702009,1477),(9057,9400202,1702017,1477),(9058,9400202,1702029,1477),(9059,9400202,1702038,1477),(9060,9400202,1702049,1477),(9061,9400202,1702061,1477),(9062,9400202,1702062,1477),(9063,9400202,1702085,1477),(9064,9400202,1702094,1477),(9065,9400202,1702095,1477),(9066,9400202,1702145,1477),(9067,9400570,1332056,500),(9068,9400570,1422029,500),(9069,9400570,1332055,500),(9070,9400570,1412027,500),(9071,9400570,1302064,500),(9072,9400570,1322054,500),(9073,9400570,1452045,500),(9074,9400570,1442051,500),(9075,9400570,1092045,500),(9076,9400570,1462040,500),(9077,9400570,1372034,500),(9078,9400570,1472055,500),(9079,9400570,1402039,500),(9080,9400570,1432040,500),(9081,9400570,1312032,500),(9082,9400570,1092047,500),(9083,9400570,1092046,500),(9084,9400570,1382039,500),(9085,9400570,2070011,500),(9086,9400570,1032042,500),(9087,9400570,1002511,500),(9088,8800002,1452017,70),(9089,8800002,1462018,80),(9090,8800002,1332027,95),(9091,8800002,1472031,85),(9092,8800002,1432011,65),(9093,8800002,1402016,95),(9094,8800002,1412010,90),(9095,8800002,1442002,100),(9096,8800002,1382008,50),(9097,8800002,1302023,80),(9098,8800002,1332026,50),(9099,8800002,1332022,980),(9100,8800002,1312015,990),(9101,8800002,1322029,88),(9102,8800002,1422013,78),(9103,8800002,1442020,87),(9104,8800002,1002357,48),(9105,8800002,1002357,39),(9106,8800002,1002357,28),(9107,8800002,1002357,30),(9108,8800002,1002357,40),(9109,8800002,4006000,25),(9110,8800002,4006000,25),(9111,8800002,4006001,25),(9112,8800002,4006001,25),(9113,8800002,2020015,25),(9114,8800002,2020015,25),(9115,8800002,2020014,25),(9116,8800002,2020014,25),(9117,8800002,1002357,50),(9118,8800002,2001001,25),(9119,8800002,1372009,70),(9120,8810018,1122000,10),(9121,8810018,1122000,10),(9122,8810018,2041200,50),(9123,8810018,2041200,50),(9124,8810018,2041200,50),(9125,8810018,2041200,50),(9126,8810018,2041200,50),(9127,8810018,1302059,50),(9128,8810018,1312031,50),(9129,8810018,1322052,50),(9130,8810018,1332049,50),(9131,8810018,1332050,50),(9132,8810018,1372032,50),(9133,8810018,1382036,50),(9134,8810018,1402036,50),(9135,8810018,1412026,50),(9136,8810018,1422028,50),(9137,8810018,1432038,50),(9138,8810018,1442045,50),(9139,8810018,1452044,50),(9140,8810018,1462039,50),(9141,8810018,1472051,50),(9142,8810018,1472052,50),(9143,8500002,1332026,300),(9144,8500002,1072211,300),(9145,8500002,1040112,300),(9146,8500002,1060101,300),(9147,8500002,1072198,300),(9148,8500002,1041120,300),(9149,8500002,1061119,300),(9150,8500002,1312015,300),(9151,8500002,1072221,300),(9152,8500002,1072178,300),(9153,8500002,1051097,300),(9154,8500002,1050095,300),(9155,8500002,1372009,300),(9156,8500002,1050094,300),(9157,8500002,1051101,300),(9158,8500002,1072183,300),(9159,8500002,1462018,300),(9160,8500002,1051085,300),(9161,8500002,1002405,300),(9162,8500002,1082127,300),(9163,8500002,1050090,300),(9164,8500002,1050106,300),(9165,8500002,1072173,300),(9166,8500002,1060106,300),(9167,8500002,1040117,300),(9168,8500002,1041118,300),(9169,8500002,1332027,300),(9170,8500002,1050098,300),(9171,8500002,2041013,300),(9172,8500002,2041022,300),(9173,8500002,2041016,300),(9174,8500002,2041019,300),(9175,8500002,2000005,100),(9188,9400121,1032026,100),(9189,9300019,4001026,1),(9190,9300022,4001027,1),(9191,9300023,4001028,1),(9192,9300024,4001035,1),(9193,9300025,4001036,1),(9194,9300033,4001035,1),(9195,9300019,4001026,1),(9196,9300022,4001027,1),(9197,9300023,4001028,1),(9198,9300024,4001035,1),(9199,9300025,4001036,1),(9200,9300033,4001035,1),(9201,3110300,1472052,50),(9202,3110300,1452044,50),(9203,3110300,1462039,50),(9204,3110300,1332050,50),(9205,3110300,1332049,50),(9206,3110300,1312031,50),(9207,3110300,1322052,50),(9208,3110300,1302059,50),(9209,3110300,1442002,50),(9210,3110300,1432038,50),(9211,3110300,1382036,50),(9212,3110300,1412026,50),(9213,3110300,1422028,50),(9214,3110300,1402036,50),(9215,3110300,1372032,50),(9216,9400520,1102084,50),(9218,9400520,1102086,50),(9219,9400520,1002357,5),(9220,9400520,1012070,50),(9221,9400520,1012071,50),(9222,9400520,1122000,50),(9223,9400520,1032032,50),(9224,9400520,1032026,50),(9227,9400520,1072344,50),(9228,9400520,1072239,50),(9229,9400520,1082145,50),(9230,9400520,1082223,50);
/*!40000 ALTER TABLE `monsterdrops` ENABLE KEYS */;
UNLOCK TABLES;

--
-- Table structure for table `nxcode`
--

DROP TABLE IF EXISTS `nxcode`;
SET @saved_cs_client     = @@character_set_client;
SET character_set_client = utf8;
CREATE TABLE `nxcode` (
  `code` varchar(15) NOT NULL,
  `valid` int(11) NOT NULL default '1',
  `user` varchar(13) default NULL,
  `type` int(11) NOT NULL default '0',
  `item` int(11) NOT NULL default '10000',
  PRIMARY KEY  (`code`)
) ENGINE=MyISAM DEFAULT CHARSET=latin1;
SET character_set_client = @saved_cs_client;

--
-- Table structure for table `pets`
--

DROP TABLE IF EXISTS `pets`;
SET @saved_cs_client     = @@character_set_client;
SET character_set_client = utf8;
CREATE TABLE `pets` (
  `petid` int(10) unsigned NOT NULL auto_increment,
  `name` varchar(13) default NULL,
  `level` int(10) unsigned NOT NULL,
  `closeness` int(10) unsigned NOT NULL,
  `fullness` int(10) unsigned NOT NULL,
  PRIMARY KEY  (`petid`)
) ENGINE=InnoDB AUTO_INCREMENT=1887134 DEFAULT CHARSET=latin1;
SET character_set_client = @saved_cs_client;

--
-- Table structure for table `questactions`
--

DROP TABLE IF EXISTS `questactions`;
SET @saved_cs_client     = @@character_set_client;
SET character_set_client = utf8;
CREATE TABLE `questactions` (
  `questactionid` int(10) unsigned NOT NULL auto_increment,
  `questid` int(11) NOT NULL default '0',
  `status` int(11) NOT NULL default '0',
  `data` blob NOT NULL,
  PRIMARY KEY  (`questactionid`)
) ENGINE=MyISAM AUTO_INCREMENT=26 DEFAULT CHARSET=latin1;
SET character_set_client = @saved_cs_client;

--
-- Table structure for table `questrequirements`
--

DROP TABLE IF EXISTS `questrequirements`;
SET @saved_cs_client     = @@character_set_client;
SET character_set_client = utf8;
CREATE TABLE `questrequirements` (
  `questrequirementid` int(10) unsigned NOT NULL auto_increment,
  `questid` int(11) NOT NULL default '0',
  `status` int(11) NOT NULL default '0',
  `data` blob NOT NULL,
  PRIMARY KEY  (`questrequirementid`)
) ENGINE=MyISAM AUTO_INCREMENT=37 DEFAULT CHARSET=latin1;
SET character_set_client = @saved_cs_client;

--
-- Table structure for table `queststatus`
--

DROP TABLE IF EXISTS `queststatus`;
SET @saved_cs_client     = @@character_set_client;
SET character_set_client = utf8;
CREATE TABLE `queststatus` (
  `queststatusid` int(10) unsigned NOT NULL auto_increment,
  `characterid` int(11) NOT NULL default '0',
  `quest` int(11) NOT NULL default '0',
  `status` int(11) NOT NULL default '0',
  `time` int(11) NOT NULL default '0',
  `forfeited` int(11) NOT NULL default '0',
  PRIMARY KEY  (`queststatusid`),
  KEY `characterid` (`characterid`),
  CONSTRAINT `queststatus_ibfk_1` FOREIGN KEY (`characterid`) REFERENCES `characters` (`id`) ON DELETE CASCADE
) ENGINE=InnoDB AUTO_INCREMENT=39343 DEFAULT CHARSET=latin1;
SET character_set_client = @saved_cs_client;

--
-- Dumping data for table `queststatus`
--

LOCK TABLES `queststatus` WRITE;
/*!40000 ALTER TABLE `queststatus` DISABLE KEYS */;
INSERT INTO `queststatus` VALUES (140,30005,2132,1,1210700996,0),(141,30005,3707,1,1210707092,0),(272,30008,2140,1,1210787164,0),(292,30011,2136,1,1210957766,0),(653,30017,1030,2,1211132052,0),(1434,30036,100012,2,1211396280,0),(1638,30010,6900,2,1210800962,0),(1639,30010,6901,2,1210800972,0),(1640,30010,6902,2,1210800983,0),(1641,30010,6903,2,1210800993,0),(1642,30010,6904,1,1210800996,0),(5009,30124,1030,2,1212770401,0),(5298,30112,6930,2,1212693261,0),(5382,30015,100012,2,1211067963,0),(5383,30015,1030,2,1211068089,0),(5384,30015,1009,2,1211068191,0),(5385,30015,2132,1,1211068839,0),(5797,30066,2128,1,1212349882,0),(6305,30064,2140,1,1213298673,0),(7332,30057,2096,1,1212597326,0),(7354,30024,6002,1,1211281461,0),(7355,30024,3070,1,1211309296,0),(7356,30024,3606,1,1211543857,0),(7357,30024,6008,2,1211551213,0),(7358,30024,6290,1,1211551303,0),(7479,30041,6140,1,1212270637,0),(7828,30078,2136,1,1212459895,0),(7829,30078,2120,2,1212460004,0),(7830,30078,2121,2,1212460084,0),(7831,30078,3800,2,1212521699,0),(7832,30078,3801,2,1212521814,0),(7833,30078,3802,2,1212522710,0),(7872,30054,1024,1,1212245521,0),(7873,30054,2090,2,1212271557,0),(7874,30054,2140,1,1212245701,0),(7875,30054,6140,2,1212271638,0),(7876,30054,6141,1,1212271684,0),(7877,30054,6002,1,1212282962,0),(7878,30054,3067,2,1212335077,0),(7879,30054,3084,1,1212335138,0),(7880,30054,6800,2,1212335367,0),(7881,30054,7300,1,1212335559,0),(7882,30054,6300,1,1212335589,0),(7883,30054,6000,1,1212335631,0),(7884,30054,3704,1,1212335694,0),(7885,30054,3703,1,1212335702,0),(7886,30054,3705,1,1212335718,0),(7887,30054,3701,1,1212335735,0),(7888,30054,3702,1,1212335762,0),(7889,30054,3708,1,1212335779,0),(7890,30054,3700,1,1212335796,0),(7892,30120,2136,1,1213303420,0),(8652,30085,6002,1,1212516767,0),(9287,30183,8000,1,1214019109,0),(9288,30183,1009,2,1214019168,0),(9289,30183,1010,2,1214019175,0),(9290,30183,1008,1,1214019209,0),(9291,30183,2120,2,1214019708,0),(9292,30183,2121,1,1214019712,0),(9317,30141,6250,1,1213646724,0),(9515,30168,6300,1,1214004810,0),(9516,30168,7300,1,1214004837,0),(10664,30099,2140,1,1212535251,0),(10665,30099,6140,1,1212538147,0),(10666,30099,6011,1,1212540483,0),(10762,30126,7300,1,1214242939,0),(10798,30165,2140,1,1213888754,0),(10799,30165,3800,2,1213892383,0),(10800,30165,3816,1,1213892329,0),(10801,30165,3801,2,1213892577,0),(10802,30165,3802,2,1213892739,0),(10803,30165,3707,1,1214172003,0),(10804,30165,7100,1,1214184745,0),(10805,30165,3444,1,1214184770,0),(10806,30165,3446,1,1214184776,0),(10807,30165,3445,2,1214185691,0),(10808,30165,6800,2,1214188013,0),(11162,30203,100012,2,1214274360,0),(11664,30060,2128,1,1212345945,0),(11665,30060,6290,1,1212349225,0),(11666,30060,6294,1,1212349233,0),(19277,30172,6250,1,1213977768,0),(19284,30275,100012,2,1215448979,0),(20189,30119,2136,2,1214458552,0),(20190,30119,3800,2,1214515894,0),(20191,30119,6920,2,1214515168,0),(20192,30119,6250,1,1214515178,0),(20193,30119,3801,2,1214515993,0),(20194,30119,3802,2,1214516172,0),(21656,30267,3070,0,1215462989,1),(21657,30267,2125,1,1215637903,0),(22000,30285,2120,2,1215557328,0),(22001,30285,2121,2,1215559619,0),(22002,30285,2132,2,1215558506,0),(22003,30285,3800,2,1215561726,0),(22004,30285,3801,2,1215714149,0),(22005,30285,3802,2,1215715395,0),(22220,30114,2128,2,1212782850,0),(22221,30114,2120,2,1212705592,0),(22222,30114,2121,2,1212705645,0),(22223,30114,2125,1,1212705967,0),(22224,30114,2082,1,1212705983,0),(22225,30114,3800,2,1212773324,0),(22226,30114,3801,2,1212773408,0),(22227,30114,3802,2,1212773626,0),(22228,30114,3707,1,1212786927,0),(22747,30286,2140,1,1215624912,0),(22748,30286,2120,2,1215625914,0),(22749,30286,2121,2,1215625995,0),(22750,30286,3800,2,1215626717,0),(22751,30286,3801,1,1215626761,0),(22752,30286,6140,1,1215630916,0),(25530,30109,6800,2,1212619849,0),(26341,30159,3711,2,1214027136,0),(26342,30159,3712,1,1214026923,0),(26343,30159,2096,1,1214273778,0),(27560,30263,3707,1,1216140472,0),(27895,30315,2128,1,1216065453,0),(27896,30315,2120,2,1216065706,0),(27897,30315,2121,2,1216065762,0),(28045,30261,2082,1,1215287398,0),(28046,30261,3807,1,1215291149,0),(28047,30261,3800,2,1215310463,0),(28048,30261,3801,2,1215310951,0),(28049,30261,3802,2,1215311303,0),(28358,30242,3445,1,1215121421,0),(28439,30222,3707,1,1215018418,0),(30552,30253,2140,1,1215270595,0),(30914,30130,6800,2,1213050082,0),(31056,30320,2128,2,1216151750,0),(31057,30320,2002,1,1216316782,0),(31707,30313,2120,1,1216064045,0),(31708,30313,3711,2,1216150876,0),(31940,30173,100012,2,1213993067,0),(31941,30173,4912,2,1214000894,0),(31983,30220,4912,2,1214672244,0),(32156,30031,100012,2,1211323935,0),(32157,30031,6323,2,1212540505,0),(32362,30297,2120,2,1215729109,0),(32363,30297,2121,2,1215729211,0),(32364,30297,2136,1,1215729196,0),(32365,30297,3200,2,1215803938,0),(32366,30297,3241,2,1215804190,0),(32367,30297,3800,2,1215804403,0),(32368,30297,3801,2,1215804579,0),(32369,30297,3802,2,1215804874,0),(32869,30281,100012,2,1215537986,0),(32870,30281,2140,2,1215539660,0),(32871,30281,2120,2,1215539782,0),(32872,30281,2121,2,1215539845,0),(32873,30281,3800,2,1215540956,0),(32874,30281,3801,2,1215542883,0),(32875,30281,3802,2,1215543152,0),(33330,30157,4912,2,1213859138,0),(33331,30157,3711,2,1213858486,0),(33332,30157,3712,1,1213858494,0),(33333,30157,4921,1,1213859143,0),(33334,30157,7300,2,1213900601,0),(33335,30157,3707,1,1213900592,0),(33336,30157,7301,1,1213900610,0),(33337,30157,6000,1,1213907718,0),(33338,30157,6180,1,1213924787,0),(34076,30274,3053,2,1215812061,0),(34077,30274,3054,2,1215814010,0),(34078,30274,3063,1,1215814474,0),(34079,30274,3038,2,1215816312,0),(34080,30274,6000,0,1215830193,1),(34081,30274,3834,2,1216428614,0),(34082,30274,3807,2,1216429248,0),(34083,30274,3808,1,1216429257,0),(34084,30274,6140,2,1216431056,0),(34085,30274,6141,0,1216431069,1),(35053,30359,2132,2,1217040728,0),(35073,30137,2136,2,1213386887,0),(35074,30137,6250,1,1213392253,0),(35075,30137,6300,1,1213566290,0),(35076,30137,6800,2,1214456314,0),(35169,30246,3800,2,1215273111,0),(35170,30246,3801,2,1215273387,0),(35171,30246,3802,2,1215273637,0),(35172,30246,6008,2,1215364662,0),(35833,30282,6002,1,1215633810,0),(35834,30282,8079,1,1215954684,0),(35835,30282,8052,1,1215954716,0),(35836,30282,8028,1,1215954719,0),(35837,30282,2119,1,1216064208,0),(35838,30282,3712,1,1216144845,0),(35839,30282,3711,1,1216144851,0),(35840,30282,3707,1,1216145378,0),(35841,30282,2108,2,1216415983,0),(35860,30309,6140,0,1216153116,1),(36870,30379,100012,2,1217423637,0),(36916,30322,3707,1,1216500364,0),(36991,30351,100012,2,1216934507,0),(36992,30351,4912,2,1216967385,0),(36993,30351,4921,1,1216967466,0),(36995,30374,2120,2,1217370393,0),(36996,30374,2121,2,1217370502,0),(36997,30374,3241,2,1217372361,0),(36998,30374,3800,2,1217372668,0),(36999,30374,3801,2,1217387237,0),(37000,30374,3802,2,1217387420,0),(37011,30277,2140,1,1215461620,0),(37012,30277,3834,2,1215726162,0),(37013,30277,3711,2,1215883340,0),(37014,30277,3712,1,1215883337,0),(37181,30161,100012,2,1213877892,0),(37182,30161,3707,0,1216057862,1),(37214,30018,100012,2,1211132275,0),(37215,30018,1030,2,1211132521,0),(37216,30018,2140,1,1211132692,0),(37217,30018,7100,1,1211136734,0),(37218,30018,6140,1,1213048946,0),(37219,30018,6011,1,1213048962,0),(37239,30364,2120,2,1217176150,0),(37240,30364,2121,2,1217176214,0),(37241,30364,3241,2,1217178632,0),(37242,30364,3800,2,1217178776,0),(37243,30364,3801,2,1217179237,0),(37244,30364,3802,2,1217179419,0),(37538,30376,2136,2,1217378918,0),(37540,30355,2140,2,1216951547,0),(37542,30249,2140,2,1215236245,0),(37543,30249,6140,2,1215928184,0),(37646,30176,100012,2,1213996496,0),(37808,30013,6002,1,1211078150,0),(37827,30354,100012,2,1216937575,0),(37828,30354,4912,2,1216966706,0),(37829,30354,4921,2,1216967379,0),(37840,30363,2128,2,1217202739,0),(37841,30068,2140,1,1212351386,0),(37867,30392,1030,2,1217620483,0),(37868,30392,2140,1,1217620496,0),(37960,30396,2128,1,1217630401,0),(37966,30346,2132,2,1216840019,0),(37967,30341,3707,1,1216815414,0),(37968,30145,1030,2,1213728418,0),(38124,30134,2140,1,1213297086,0),(38125,30134,6800,2,1213304949,0),(38126,30134,4913,1,1213997599,0),(38127,30134,6011,2,1214004555,0),(38128,30134,6140,1,1214001763,0),(38129,30134,3707,1,1214179329,0),(38543,30276,2140,2,1215458098,0),(38544,30284,100012,2,1215551266,0),(38545,30284,2140,2,1216421240,0),(38546,30284,2002,2,1216414981,0),(38547,30284,2003,2,1216415017,0),(38548,30284,2004,2,1216415046,0),(38549,30284,2005,2,1216415604,0),(38550,30284,2125,0,1216415056,1),(38551,30284,2006,2,1216417060,0),(38552,30284,2007,2,1216417093,0),(38553,30284,2008,2,1216417166,0),(38554,30284,8050,0,1216421120,1),(38555,30284,2090,2,1216421187,0),(38556,30284,2091,0,1216421200,1),(38638,30162,2140,1,1213884136,0),(38639,30162,2120,2,1213884304,0),(38640,30162,2121,2,1213904699,0),(38641,30162,3800,2,1213905614,0),(38642,30162,3801,2,1213905742,0),(38643,30162,3802,1,1213905746,0),(38654,30298,2136,1,1215728575,0),(38655,30298,2120,2,1215728711,0),(38656,30298,2121,2,1215729241,0),(38657,30298,3200,2,1215803964,0),(38658,30298,3241,2,1215804206,0),(38659,30298,3800,2,1215804404,0),(38660,30298,3801,2,1215804577,0),(38661,30298,3802,2,1215804874,0),(38678,30310,2128,1,1216053346,0),(38679,30310,2120,2,1216053402,0),(38680,30310,2121,2,1216053462,0),(38681,30310,3200,2,1216056264,0),(38682,30310,3241,1,1216054993,0),(38683,30310,3800,2,1216056551,0),(38684,30310,3801,2,1216056854,0),(38685,30310,3802,2,1216058130,0),(38726,30042,2140,1,1211556403,0),(38727,30042,6800,2,1212338649,0),(38733,30140,6900,2,1213536447,0),(38734,30140,6901,2,1213536482,0),(38735,30140,6902,2,1213536491,0),(38736,30140,6903,2,1213536499,0),(38737,30140,6904,1,1213536501,0),(38753,30160,6930,1,1213882716,0),(38754,30160,6800,2,1214188031,0),(38755,30160,3080,2,1215905176,0),(38756,30160,3081,2,1215905191,0),(38757,30160,3082,2,1215905204,0),(38758,30160,6002,1,1215905313,0),(38806,30345,2132,2,1216857779,0),(38807,30345,2120,1,1216857728,0),(38813,30352,2128,1,1216935883,0),(38961,30399,4919,1,1218047836,0),(39009,30280,2132,2,1215623616,0),(39010,30280,2120,2,1215535009,0),(39011,30280,2121,2,1215535197,0),(39012,30280,3800,2,1215537114,0),(39013,30280,3801,2,1215537298,0),(39014,30280,3802,2,1215538621,0),(39036,30373,4912,2,1218047160,0),(39037,30373,4921,2,1218047193,0),(39039,30344,100012,2,1216837875,0),(39091,30296,2140,1,1215721060,0),(39092,30047,100012,2,1211761148,0),(39093,30047,6140,2,1212270666,0),(39094,30047,6011,1,1212268253,0),(39095,30047,6141,1,1212270673,0),(39110,30301,2128,1,1215906228,0),(39154,30414,2140,1,1218336393,0),(39168,30410,100012,2,1218301672,0),(39197,30002,100012,2,1210625641,0),(39198,30002,3707,2,1215616537,0),(39199,30002,6140,1,1210776457,0),(39200,30002,6011,2,1210776592,0),(39201,30002,6800,2,1212338444,0),(39216,30415,2140,1,1218382755,0),(39218,30076,2120,2,1212451827,0),(39219,30076,2121,2,1212451880,0),(39228,30357,2140,1,1217024482,0),(39268,30084,6900,2,1212496576,0),(39269,30084,6901,2,1212496594,0),(39270,30084,6902,2,1212496607,0),(39271,30084,6903,2,1212496617,0),(39272,30084,6904,1,1212496620,0),(39273,30084,6800,2,1212509000,0),(39274,30084,6008,1,1213048391,0),(39280,30211,3617,0,1217177556,1),(39281,30211,3601,2,1217177613,0),(39282,30211,3602,2,1217177663,0),(39283,30272,2128,2,1215375738,0),(39284,30272,2082,2,1217099508,0),(39285,30272,3800,2,1215378860,0),(39286,30272,3801,2,1215379034,0),(39287,30272,3802,2,1215379307,0),(39288,30272,3807,1,1217031945,0),(39289,30272,2010,1,1217099555,0),(39290,30272,3707,1,1217114737,0),(39291,30272,6180,1,1217168426,0),(39292,30272,6000,1,1217198139,0),(39293,30412,1030,2,1218312203,0),(39294,30412,1005,1,1218312293,0),(39299,30217,3800,2,1214670593,0),(39300,30217,3801,2,1214671164,0),(39301,30217,3802,2,1214671391,0),(39302,30217,6140,1,1214681300,0),(39303,30395,2140,2,1217637431,0),(39305,30367,6140,2,1217438648,0),(39306,30367,6300,0,1217454031,1),(39307,30367,6002,1,1217454832,0),(39308,30367,2096,1,1217474318,0),(39309,30367,3707,1,1217774667,0),(39311,30347,3070,1,1217636513,0),(39312,30323,6800,2,1216856056,0),(39313,30175,1024,0,1213994298,1),(39314,30175,2140,0,1213994614,1),(39315,30175,6930,2,1214004555,0),(39316,30175,3038,0,1214021303,1),(39317,30175,3004,0,1214021475,1),(39318,30175,6011,2,1214027913,0),(39319,30175,6800,2,1214193202,0),(39320,30175,3601,2,1214460095,0),(39321,30175,3602,2,1214460138,0),(39322,30175,3603,2,1214460166,0),(39323,30175,3604,2,1214460221,0),(39324,30175,3605,2,1214460254,0),(39325,30175,3613,0,1214460259,1),(39326,30175,3619,0,1214460270,1),(39327,30175,3615,0,1214460295,1),(39328,30175,3616,0,1214460298,1),(39329,30175,3617,2,1214460380,0),(39330,30175,3618,0,1214460447,1),(39331,30175,3630,0,1214460453,1),(39332,30175,3633,0,1214460456,1),(39333,30175,3639,0,1214460459,1),(39334,30175,3629,0,1214460476,1),(39335,30175,3610,0,1214460490,1),(39336,30175,3622,0,1214460495,1),(39337,30175,3635,0,1214460501,1),(39338,30175,3606,0,1214460528,1),(39339,30175,6140,2,1215928139,0),(39340,30175,3078,1,1216486314,0),(39341,30175,4646,1,1217100552,0),(39342,30175,3083,1,1217100798,0);
/*!40000 ALTER TABLE `queststatus` ENABLE KEYS */;
UNLOCK TABLES;

--
-- Table structure for table `queststatusmobs`
--

DROP TABLE IF EXISTS `queststatusmobs`;
SET @saved_cs_client     = @@character_set_client;
SET character_set_client = utf8;
CREATE TABLE `queststatusmobs` (
  `queststatusmobid` int(10) unsigned NOT NULL auto_increment,
  `queststatusid` int(10) unsigned NOT NULL default '0',
  `mob` int(11) NOT NULL default '0',
  `count` int(11) NOT NULL default '0',
  PRIMARY KEY  (`queststatusmobid`),
  KEY `queststatusid` (`queststatusid`),
  CONSTRAINT `queststatusmobs_ibfk_1` FOREIGN KEY (`queststatusid`) REFERENCES `queststatus` (`queststatusid`) ON DELETE CASCADE
) ENGINE=InnoDB AUTO_INCREMENT=6368 DEFAULT CHARSET=latin1;
SET character_set_client = @saved_cs_client;

--
-- Dumping data for table `queststatusmobs`
--

LOCK TABLES `queststatusmobs` WRITE;
/*!40000 ALTER TABLE `queststatusmobs` DISABLE KEYS */;
INSERT INTO `queststatusmobs` VALUES (45,140,210100,8),(46,141,8810018,0),(71,272,130100,20),(81,292,210100,16),(1159,5385,210100,8),(1260,5797,130100,0),(1373,6305,130100,0),(1693,7828,210100,7),(1701,7874,130100,18),(1702,7876,9300088,0),(1704,7892,210100,0),(2436,10664,130100,0),(2465,10798,130100,18),(2466,10803,8810018,0),(2467,10806,8141000,0),(2691,11664,130100,0),(4113,22224,130100,21),(4114,22228,8810018,0),(4174,22747,130100,6),(4175,22751,5120503,0),(4749,27560,8810018,0),(4867,27895,130100,17),(4904,28045,130100,4),(4905,28046,5120501,0),(4943,28439,8810018,0),(5301,30552,130100,8),(5657,32364,210100,10),(5739,33333,9400545,0),(5740,33335,8810018,0),(5741,33338,9300096,0),(5807,34083,7130104,0),(5808,34083,6130208,0),(6021,35837,6230602,28),(6022,35837,7130103,13),(6023,35837,5150001,14),(6024,35839,8150300,0),(6025,35839,8150301,0),(6026,35839,8150302,3),(6027,35840,8810018,0),(6098,36916,8810018,0),(6099,36993,9400545,0),(6100,37011,130100,16),(6125,37216,130100,20),(6223,37841,130100,20),(6244,37868,130100,17),(6254,37960,130100,20),(6255,37967,8810018,0),(6268,38124,130100,20),(6269,38126,9400540,34),(6270,38126,9400548,10),(6271,38126,9400542,4),(6272,38129,8810018,0),(6296,38638,130100,9),(6297,38643,5120503,0),(6301,38654,210100,0),(6305,38678,130100,8),(6306,38682,3210208,0),(6313,38726,130100,20),(6325,38813,130100,0),(6331,38961,9400544,0),(6332,38961,9400543,0),(6338,39091,130100,20),(6339,39095,9300088,0),(6341,39110,130100,15),(6347,39154,130100,0),(6361,39216,130100,20),(6362,39228,130100,10),(6364,39288,5120501,0),(6365,39290,8810018,0),(6366,39291,9300096,0),(6367,39309,8810018,0);
/*!40000 ALTER TABLE `queststatusmobs` ENABLE KEYS */;
UNLOCK TABLES;

--
-- Table structure for table `reactordrops`
--

DROP TABLE IF EXISTS `reactordrops`;
SET @saved_cs_client     = @@character_set_client;
SET character_set_client = utf8;
CREATE TABLE `reactordrops` (
  `reactordropid` int(10) unsigned NOT NULL auto_increment,
  `reactorid` int(11) NOT NULL,
  `itemid` int(11) NOT NULL,
  `chance` int(11) NOT NULL,
  PRIMARY KEY  (`reactordropid`),
  KEY `reactorid` (`reactorid`)
) ENGINE=InnoDB AUTO_INCREMENT=113 DEFAULT CHARSET=latin1;
SET character_set_client = @saved_cs_client;

--
-- Dumping data for table `reactordrops`
--

LOCK TABLES `reactordrops` WRITE;
/*!40000 ALTER TABLE `reactordrops` DISABLE KEYS */;
INSERT INTO `reactordrops` VALUES (1,2000,4031161,1),(2,2000,4031162,1),(3,2000,2010009,2),(4,2000,2010000,4),(5,2000,2000000,4),(6,2000,2000001,7),(7,2000,2000002,10),(8,2000,2000003,15),(9,1012000,2000000,6),(10,1012000,4000003,6),(11,1012000,4031150,3),(12,1072000,4031165,4),(13,1102000,4000136,1),(14,1102001,4000136,1),(15,1102002,4000136,1),(16,2002000,2000002,4),(17,2002000,2000001,2),(18,2002000,4031198,2),(19,2112000,2000004,1),(20,2112001,2020001,1),(21,2112004,4001016,1),(22,2112005,4001015,1),(23,2112003,2000005,1),(24,2112007,2022001,1),(25,2112008,2000004,1),(26,2112009,2020001,1),(27,2112010,2000005,1),(28,2112011,4001016,1),(29,2112012,4001015,1),(30,2112014,4001018,1),(31,2112016,4001113,1),(32,2112017,4001114,1),(33,2202000,4031094,1),(34,2212000,4031142,2),(35,2212000,2000002,3),(36,2212001,2000002,3),(37,2212002,2000002,3),(38,2212001,4031141,2),(39,2212002,4031143,2),(40,2212003,4031107,2),(41,2212004,4031116,2),(42,2212004,2000001,2),(43,2212005,4031136,8),(44,2222000,4031231,2),(45,2222000,4031258,2),(46,2222000,2000002,3),(47,2302000,2000001,3),(48,2302000,2022040,6),(49,2302000,4031274,50),(50,2302000,4031275,50),(51,2302000,4031276,50),(52,2302000,4031277,50),(53,2302000,4031278,50),(54,2302001,2000002,3),(55,2302001,2022040,4),(56,2302002,2000001,3),(57,2302002,2022040,8),(58,2302003,4161017,1),(59,2302005,4031508,1),(60,2502000,2022116,1),(61,2052001,2022116,1),(62,9202000,1032033,1),(63,9202009,1032033,1),(64,2202001,4031092,1),(65,9202001,4001025,1),(66,9202002,4001037,1),(67,9202003,4001029,1),(68,9202004,4001030,1),(69,9202005,4001031,1),(70,9202006,4001032,1),(71,9202007,4001033,1),(72,9202008,4001034,1),(73,9202012,2020014,3),(74,9202012,2020015,3),(75,9202012,2001001,3),(76,9202012,2000004,3),(77,9202012,2000005,3),(78,9202012,2000001,3),(79,9202012,2000002,3),(80,9202012,2000006,3),(81,9202012,2001002,3),(82,9202012,2040504,40),(83,9202012,2040501,40),(84,9202012,2040513,40),(85,9202012,2040516,40),(86,9202012,2041007,40),(87,9202012,2041010,40),(88,9202012,2041004,40),(89,9202012,2041001,40),(90,9202012,2041019,40),(91,9202012,2041022,40),(92,9202012,2041013,40),(93,9202012,2041016,40),(94,9202012,2040301,40),(95,9202012,2040704,40),(96,9202012,2040707,40),(97,9202012,2040701,40),(98,9202012,2040804,40),(99,9202012,2040801,40),(100,9202012,2040004,40),(101,9202012,2040001,40),(102,9202012,2290009,60),(103,9202012,2290031,60),(104,9202012,2290039,60),(105,9202012,2290033,60),(106,9202012,2290045,60),(107,9202012,2290081,60),(108,9202012,2290083,60),(109,9202012,2290087,60),(110,9202012,2290060,60),(111,9202012,2290073,60),(112,9202012,2100000,250);
/*!40000 ALTER TABLE `reactordrops` ENABLE KEYS */;
UNLOCK TABLES;

--
-- Temporary table structure for view `readable_cheatlog`
--

DROP TABLE IF EXISTS `readable_cheatlog`;
/*!50001 DROP VIEW IF EXISTS `readable_cheatlog`*/;
/*!50001 CREATE TABLE `readable_cheatlog` (
  `accountname` varchar(13),
  `accountid` int(11),
  `name` varchar(13),
  `characterid` int(11),
  `offense` tinytext,
  `count` int(11),
  `lastoffensetime` timestamp,
  `param` tinytext
) */;

--
-- Temporary table structure for view `readable_gmlog`
--

DROP TABLE IF EXISTS `readable_gmlog`;
/*!50001 DROP VIEW IF EXISTS `readable_gmlog`*/;
/*!50001 CREATE TABLE `readable_gmlog` (
  `logentryid` int(11),
  `accountname` varchar(13),
  `charname` varchar(13),
  `command` tinytext,
  `when` timestamp
) */;

--
-- Temporary table structure for view `readable_last_hour_cheatlog`
--

DROP TABLE IF EXISTS `readable_last_hour_cheatlog`;
/*!50001 DROP VIEW IF EXISTS `readable_last_hour_cheatlog`*/;
/*!50001 CREATE TABLE `readable_last_hour_cheatlog` (
  `accountname` varchar(13),
  `accountid` int(11),
  `name` varchar(13),
  `characterid` int(11),
  `numrepos` decimal(32,0)
) */;

--
-- Table structure for table `reports`
--

DROP TABLE IF EXISTS `reports`;
SET @saved_cs_client     = @@character_set_client;
SET character_set_client = utf8;
CREATE TABLE `reports` (
  `id` int(10) unsigned NOT NULL auto_increment,
  `reporttime` timestamp NOT NULL default CURRENT_TIMESTAMP on update CURRENT_TIMESTAMP,
  `reporterid` int(11) NOT NULL,
  `victimid` int(11) NOT NULL,
  `reason` tinyint(4) NOT NULL,
  `chatlog` text NOT NULL,
  `status` text NOT NULL,
  PRIMARY KEY  (`id`)
) ENGINE=InnoDB DEFAULT CHARSET=utf8;
SET character_set_client = @saved_cs_client;

--
-- Table structure for table `rings`
--

DROP TABLE IF EXISTS `rings`;
SET @saved_cs_client     = @@character_set_client;
SET character_set_client = utf8;
CREATE TABLE `rings` (
  `ringid` int(11) NOT NULL auto_increment,
  `charid` int(11) NOT NULL default '0',
  `partnerringid` int(11) NOT NULL default '0',
  `itemid` int(11) NOT NULL default '0',
  `partnername` varchar(255) NOT NULL,
  PRIMARY KEY  (`ringid`)
) ENGINE=InnoDB AUTO_INCREMENT=3 DEFAULT CHARSET=latin1;
SET character_set_client = @saved_cs_client;

--
-- Table structure for table `savedlocations`
--

DROP TABLE IF EXISTS `savedlocations`;
SET @saved_cs_client     = @@character_set_client;
SET character_set_client = utf8;
CREATE TABLE `savedlocations` (
  `id` int(11) NOT NULL auto_increment,
  `characterid` int(11) NOT NULL,
  `locationtype` enum('FREE_MARKET','WORLDTOUR','FLORINA') NOT NULL,
  `map` int(11) NOT NULL,
  PRIMARY KEY  (`id`),
  KEY `savedlocations_ibfk_1` (`characterid`),
  CONSTRAINT `savedlocations_ibfk_1` FOREIGN KEY (`characterid`) REFERENCES `characters` (`id`) ON DELETE CASCADE
) ENGINE=InnoDB AUTO_INCREMENT=10161 DEFAULT CHARSET=latin1;
SET character_set_client = @saved_cs_client;

--
-- Table structure for table `shopitems`
--

DROP TABLE IF EXISTS `shopitems`;
SET @saved_cs_client     = @@character_set_client;
SET character_set_client = utf8;
CREATE TABLE `shopitems` (
  `shopitemid` int(10) unsigned NOT NULL auto_increment,
  `shopid` int(10) unsigned NOT NULL default '0',
  `itemid` int(11) NOT NULL default '0',
  `price` int(11) NOT NULL default '0',
  `position` int(11) NOT NULL default '0',
  PRIMARY KEY  (`shopitemid`),
  KEY `shopid` (`shopid`)
) ENGINE=InnoDB AUTO_INCREMENT=993500 DEFAULT CHARSET=latin1;
SET character_set_client = @saved_cs_client;

--
-- Dumping data for table `shopitems`
--

LOCK TABLES `shopitems` WRITE;
/*!40000 ALTER TABLE `shopitems` DISABLE KEYS */;
INSERT INTO `shopitems` VALUES (1,1,1302000,50,1),(2,1,1312004,50,2),(3,1,1322005,50,3),(4,1,1332005,500,4),(5,2,2000000,50,1),(6,2,2000001,160,2),(7,2,2000002,320,3),(8,2,2010000,30,5),(9,2,2010002,50,6),(10,3,1040002,50,1),(11,3,1040006,50,2),(12,3,1040010,50,3),(13,3,1041002,50,4),(14,3,1041006,50,5),(15,3,1041010,50,6),(16,3,1041011,50,7),(17,3,1060002,50,8),(18,3,1060006,50,9),(19,3,1061002,50,10),(20,3,1061008,50,11),(21,3,1072001,50,12),(22,3,1072005,50,13),(23,4,1302000,50,1),(24,4,1312004,50,2),(25,4,1322005,50,3),(26,4,1302007,3000,4),(27,4,1312000,3000,5),(28,4,1332007,1000,6),(29,5,1002008,500,1),(30,5,1002014,1000,2),(31,5,1002066,450,3),(32,5,1002067,450,4),(33,5,1002068,450,5),(34,5,1002069,450,6),(35,5,1002132,800,7),(36,5,1002133,800,8),(37,5,1002134,800,9),(38,5,1002019,2000,10),(39,5,1002001,3000,11),(40,5,1040013,3000,12),(41,5,1040014,3000,13),(42,5,1041004,3000,14),(43,5,1041012,3000,15),(44,5,1060007,1000,16),(45,5,1060004,2800,17),(46,5,1062000,4800,18),(47,5,1062001,4800,19),(48,5,1072001,50,20),(49,5,1072037,50,21),(50,5,1072038,50,22),(51,5,1072005,50,23),(52,5,1072008,5000,24),(53,5,1072048,5000,25),(54,5,1072049,5000,26),(55,5,1072017,10000,27),(56,5,1072062,10000,28),(57,5,1072063,10000,29),(58,5,1092003,2000,30),(59,5,3010001,1000,31),(60,6,2000000,50,1),(61,6,2000001,160,2),(62,6,2000002,320,3),(63,6,2000003,200,4),(64,6,2000006,620,5),(65,6,2002000,500,6),(66,6,2002001,400,7),(67,6,2002002,500,8),(68,6,2002004,500,9),(69,6,2002005,500,10),(70,6,2010000,30,11),(71,6,2010002,50,12),(72,6,2010001,106,13),(73,6,2010003,100,14),(74,6,2010004,310,15),(75,6,2020028,3000,16),(76,6,2030000,400,17),(77,6,2030001,500,18),(78,6,2060000,1,19),(79,6,2061000,1,20),(80,6,2070000,500,21),(81,7,1452002,3000,1),(82,7,1452003,6000,2),(83,7,1452001,10000,3),(84,7,1452000,20000,4),(85,7,1462001,4000,5),(86,7,1462002,8000,6),(87,7,1462003,12000,7),(88,7,1462000,30000,8),(89,7,1302007,3000,9),(90,7,1322007,6000,10),(91,7,1322008,12000,11),(92,7,1422004,20000,12),(93,7,1442004,24000,13),(94,8,1002008,500,1),(95,8,1002033,3000,2),(96,8,1002012,3000,3),(97,8,1002060,3000,4),(98,8,1002061,3000,5),(99,8,1002062,3000,6),(100,8,1002063,3000,7),(101,8,1002112,4000,8),(102,8,1002113,4000,9),(103,8,1002114,4000,10),(104,8,1002115,4000,11),(105,8,1002116,4000,12),(106,8,1002117,12000,13),(107,8,1002118,12000,14),(108,8,1002119,12000,15),(109,8,1002120,12000,16),(110,8,1002121,12000,17),(111,8,1002010,800,18),(112,8,1002057,800,19),(113,8,1002156,20000,20),(114,8,1002157,20000,21),(115,8,1002158,20000,22),(116,8,1002159,20000,23),(117,8,1002160,20000,24),(118,8,1002161,30000,25),(119,8,1002162,30000,26),(120,8,1002163,30000,27),(121,8,1002164,30000,28),(122,8,1002165,30000,29),(123,8,1032001,7000,30),(124,8,1032003,7000,31),(125,8,1040008,3200,32),(126,8,1040071,3200,33),(127,8,1040007,5500,34),(128,8,1040011,5500,35),(129,8,1040003,9000,36),(130,8,1040022,15000,37),(131,8,1040023,15000,38),(132,8,1040024,15000,39),(133,8,1040025,15000,40),(134,8,1040067,50000,41),(135,8,1040068,50000,42),(136,8,1040069,50000,43),(137,8,1040070,50000,44),(138,8,1041007,3200,45),(139,8,1041061,3200,46),(140,8,1041008,5500,47),(141,8,1041062,5500,48),(142,8,1041063,5500,49),(143,8,1041013,9000,50),(144,8,1041027,9000,51),(145,8,1041028,9000,52),(146,8,1041032,15000,53),(147,8,1041033,15000,54),(148,8,1041034,15000,55),(149,8,1041035,15000,56),(150,8,1041054,50000,57),(151,8,1041055,50000,58),(152,8,1041056,50000,59),(153,8,1060005,14000,60),(154,8,1060056,44000,61),(155,8,1060057,44000,62),(156,8,1060058,44000,63),(157,8,1060059,44000,64),(158,8,1061009,3000,65),(159,8,1061057,3000,66),(160,8,1061006,5000,67),(161,8,1061058,5000,68),(162,8,1061059,5000,69),(163,8,1061024,9000,70),(164,8,1061025,9000,71),(165,8,1061026,9000,72),(166,8,1061050,44000,73),(167,8,1061051,44000,74),(168,8,1061052,44000,75),(169,8,1062004,3000,76),(170,8,1062002,9000,77),(171,8,1062006,13000,78),(172,8,1072015,1800,79),(173,8,1072059,1800,80),(174,8,1072016,4500,81),(175,8,1072060,4500,82),(176,8,1072061,4500,83),(177,8,1072025,9000,84),(178,8,1072026,9000,85),(179,8,1072067,9000,86),(180,8,1072068,9000,87),(181,8,1072012,15000,88),(182,8,1072054,15000,89),(183,8,1072055,15000,90),(184,8,1072056,15000,91),(185,8,1072018,30000,92),(186,8,1072064,30000,93),(187,9,2000000,50,1),(188,9,2000001,160,2),(189,9,2000002,320,3),(190,9,2000003,200,4),(191,9,2000006,620,5),(192,9,2002000,500,6),(193,9,2002001,400,7),(194,9,2002002,500,8),(195,9,2002004,500,9),(196,9,2002005,500,10),(197,9,2010000,30,11),(198,9,2010002,50,12),(199,9,2010001,106,13),(200,9,2010003,100,14),(201,9,2010004,310,15),(202,9,2020028,3000,16),(203,9,2030000,400,17),(204,9,2030004,500,18),(205,9,2060000,1,19),(206,9,2061000,1,20),(207,9,2050000,200,21),(208,9,2050001,200,22),(209,9,2050002,300,23),(210,9,2070000,500,24),(211,10,1302007,3000,1),(212,10,1302005,6000,2),(213,10,1302002,10000,3),(214,10,1302006,10000,4),(215,10,1302003,20000,5),(216,10,1302008,40000,6),(217,10,1332006,7000,7),(218,10,1332008,10000,8),(219,10,1332010,22000,9),(220,10,1312001,6000,10),(221,10,1312003,20000,11),(222,10,1312005,40000,12),(223,10,1322000,6000,13),(224,10,1322002,10000,14),(225,10,1322004,22000,15),(226,10,1322014,40000,16),(227,10,1402001,3000,17),(228,10,1402000,12000,18),(229,10,1402008,22000,19),(230,10,1412001,3000,20),(231,10,1412002,10000,21),(232,10,1412000,22000,22),(233,10,1412006,45000,23),(234,10,1422000,3000,24),(235,10,1422002,6000,25),(236,10,1422003,10000,26),(237,10,1422006,10000,27),(238,10,1422004,20000,28),(239,10,1432000,3000,29),(240,10,1432001,7000,30),(241,10,1442000,3000,31),(242,10,1442006,8000,32),(243,10,1442007,12000,33),(244,10,1442004,24000,34),(245,11,1002043,2400,1),(246,11,1002039,2700,2),(247,11,1002051,3500,3),(248,11,1002055,8700,4),(249,11,1002059,8500,5),(250,11,1002027,11500,6),(251,11,1002005,19000,7),(252,11,1040015,3200,8),(253,11,1040038,3200,9),(254,11,1040009,5500,10),(255,11,1040037,5500,11),(256,11,1040012,9000,12),(257,11,1040039,9000,13),(258,11,1040040,16000,14),(259,11,1040016,16000,15),(260,11,1040041,16000,16),(261,11,1040021,40000,17),(262,11,1040026,40000,18),(263,11,1041014,3200,19),(264,11,1041064,3200,20),(265,11,1041019,9000,21),(266,11,1041020,9000,22),(267,11,1041021,9000,23),(268,11,1041022,16000,24),(269,11,1041023,16000,25),(270,11,1041024,16000,26),(271,11,1050005,15000,27),(272,11,1050006,15000,28),(273,11,1050007,15000,29),(274,11,1050011,70000,30),(275,11,1051000,8000,31),(276,11,1051010,60000,32),(277,11,1051011,60000,33),(278,11,1051012,60000,34),(279,11,1051013,60000,35),(280,11,1060008,3000,36),(281,11,1060028,3000,37),(282,11,1060009,5000,38),(283,11,1060027,5000,39),(284,11,1060010,9000,40),(285,11,1060029,9000,41),(286,11,1060011,14000,42),(287,11,1060030,14000,43),(288,11,1060060,14000,44),(289,11,1060016,38000,45),(290,11,1060017,38000,46),(291,11,1060018,38000,47),(292,11,1060019,38000,48),(293,11,1061014,3000,49),(294,11,1061023,3000,50),(295,11,1061016,9000,51),(296,11,1061017,9000,52),(297,11,1061018,9000,53),(298,11,1061015,14000,54),(299,11,1061019,14000,55),(300,11,1061020,14000,56),(301,11,1072009,5000,57),(302,11,1072050,5000,58),(303,11,1072007,10000,59),(304,11,1072046,10000,60),(305,11,1072047,10000,61),(306,11,1072011,15000,62),(307,11,1092005,4000,63),(308,11,1092000,6000,64),(309,12,2000000,50,1),(310,12,2000001,160,2),(311,12,2000002,320,3),(312,12,2000003,200,4),(313,12,2000006,620,5),(314,12,2002000,500,6),(315,12,2002001,400,7),(316,12,2002002,500,8),(317,12,2002004,500,9),(318,12,2002005,500,10),(319,12,2010000,30,11),(320,12,2010002,50,12),(321,12,2010001,106,13),(322,12,2010003,100,14),(323,12,2010004,310,15),(324,12,2030000,400,16),(325,12,2030003,500,17),(326,12,2060000,1,18),(327,12,2061000,1,19),(328,12,2050000,200,20),(329,12,2050001,200,21),(330,12,2050002,300,22),(331,12,2070000,500,23),(332,13,1372005,2000,1),(333,13,1372006,5000,2),(334,13,1372002,9000,3),(335,13,1372004,18000,4),(336,13,1372003,38000,5),(337,13,1382000,3000,6),(338,13,1382003,6000,7),(339,13,1382005,6000,8),(340,13,1382004,10000,9),(341,13,1382002,20000,10),(342,13,1322002,10000,11),(343,14,1002017,1200,1),(344,14,1002102,3800,2),(345,14,1002103,3800,3),(346,14,1002104,3800,4),(347,14,1002105,3800,5),(348,14,1002106,3800,6),(349,14,1002016,8000,7),(350,14,1040004,2000,8),(351,14,1040017,2000,9),(352,14,1040018,8500,10),(353,14,1040019,8500,11),(354,14,1040020,8500,12),(355,14,1041015,2000,13),(356,14,1041016,2000,14),(357,14,1041017,4000,15),(358,14,1041018,4000,16),(359,14,1041025,4000,17),(360,14,1041026,4000,18),(361,14,1041029,8500,19),(362,14,1041030,8500,20),(363,14,1041031,8500,21),(364,14,1041041,42000,22),(365,14,1041042,42000,23),(366,14,1041043,42000,24),(367,14,1050008,7000,25),(368,14,1050009,7000,26),(369,14,1050010,7000,27),(370,14,1050001,16000,28),(371,14,1050023,16000,29),(372,14,1050024,16000,30),(373,14,1050025,16000,31),(374,14,1050003,40000,32),(375,14,1050026,40000,33),(376,14,1050027,40000,34),(377,14,1050028,40000,35),(378,14,1051004,16000,36),(379,14,1051005,16000,37),(380,14,1051003,16000,38),(381,14,1060012,2000,39),(382,14,1060013,2000,40),(383,14,1060014,8000,41),(384,14,1060015,8000,42),(385,14,1061010,2000,43),(386,14,1061011,2000,44),(387,14,1061012,4000,45),(388,14,1061013,4000,46),(389,14,1061021,4000,47),(390,14,1061022,4000,48),(391,14,1061027,8000,49),(392,14,1061028,8000,50),(393,14,1061034,40000,51),(394,14,1061035,40000,52),(395,14,1061036,40000,53),(396,14,1072006,1500,54),(397,14,1072044,1500,55),(398,14,1072045,1500,56),(399,14,1072023,4000,57),(400,14,1072024,4000,58),(401,15,2000000,50,1),(402,15,2000001,160,2),(403,15,2000002,320,3),(404,15,2000003,192,4),(405,15,2000006,604,5),(406,15,2002000,500,6),(407,15,2002001,400,7),(408,15,2002002,500,8),(409,15,2002004,500,9),(410,15,2002005,500,10),(411,15,2010000,30,11),(412,15,2010002,50,12),(413,15,2010001,106,13),(414,15,2010003,97,14),(415,15,2010004,305,15),(416,15,2030000,400,16),(417,15,2030002,500,17),(418,15,2060000,1,18),(419,15,2061000,1,19),(420,15,2050000,200,20),(421,15,2050001,200,21),(422,15,2050002,300,22),(423,15,2050003,500,23),(424,15,2070000,500,24),(425,16,1302007,3000,1),(426,16,1332000,4000,2),(427,16,1332006,7000,3),(428,16,1332002,8000,4),(429,16,1332008,10000,5),(430,16,1332013,15000,6),(431,16,1332010,22000,7),(432,16,1332004,38000,8),(433,16,1332012,40000,9),(434,16,1332009,42000,10),(435,16,1322009,20000,11),(436,16,1402001,3000,12),(437,16,1412001,3000,13),(438,16,1422000,3000,14),(439,16,1432000,3000,15),(440,16,1432001,7000,16),(441,16,1442000,3000,17),(442,16,1472000,3000,18),(443,17,1002122,900,1),(444,17,1002123,900,2),(445,17,1002124,900,3),(446,17,1002125,900,4),(447,17,1002126,900,5),(448,17,1002001,3000,6),(449,17,1002107,4000,7),(450,17,1002108,4000,8),(451,17,1002109,4000,9),(452,17,1002110,4000,10),(453,17,1002111,4000,11),(454,17,1002127,12000,12),(455,17,1002128,12000,13),(456,17,1002129,12000,14),(457,17,1002130,12000,15),(458,17,1002131,12000,16),(459,17,1002020,7400,17),(460,17,1002096,7400,18),(461,17,1002097,7400,19),(462,17,1002146,20000,20),(463,17,1002147,20000,21),(464,17,1002148,20000,22),(465,17,1002149,20000,23),(466,17,1002150,20000,24),(467,17,1002171,30000,25),(468,17,1002172,30000,26),(469,17,1002173,30000,27),(470,17,1002174,30000,28),(471,17,1002175,30000,29),(472,17,1040031,3000,30),(473,17,1040032,3000,31),(474,17,1040033,3000,32),(475,17,1040034,5000,33),(476,17,1040035,5000,34),(477,17,1040042,9000,35),(478,17,1040043,9000,36),(479,17,1040044,9000,37),(480,17,1040048,16000,38),(481,17,1040049,16000,39),(482,17,1040050,16000,40),(483,17,1040057,45000,41),(484,17,1040058,45000,42),(485,17,1040059,45000,43),(486,17,1040060,45000,44),(487,17,1041036,3000,45),(488,17,1041037,3000,46),(489,17,1041038,3000,47),(490,17,1041044,5000,48),(491,17,1041045,5000,49),(492,17,1041003,9000,50),(493,17,1041039,9000,51),(494,17,1041040,9000,52),(495,17,1041057,18000,53),(496,17,1041058,18000,54),(497,17,1041059,18000,55),(498,17,1041060,18000,56),(499,17,1041047,45000,57),(500,17,1041048,45000,58),(501,17,1041049,45000,59),(502,17,1041050,45000,60),(503,17,1060021,2800,61),(504,17,1060022,2800,62),(505,17,1060023,2800,63),(506,17,1060024,4800,64),(507,17,1060025,4800,65),(508,17,1060031,8000,66),(509,17,1060032,8000,67),(510,17,1060033,8000,68),(511,17,1060037,19000,69),(512,17,1060038,19000,70),(513,17,1060039,19000,71),(514,17,1060043,40000,72),(515,17,1060044,40000,73),(516,17,1060045,40000,74),(517,17,1060046,40000,75),(518,17,1061029,2800,76),(519,17,1061030,2800,77),(520,17,1061031,2800,78),(521,17,1061037,4800,79),(522,17,1061038,4800,80),(523,17,1061003,8000,81),(524,17,1061032,8000,82),(525,17,1061033,8000,83),(526,17,1061040,12000,84),(527,17,1061041,12000,85),(528,17,1061042,12000,86),(529,17,1061053,18000,87),(530,17,1061054,18000,88),(531,17,1061055,18000,89),(532,17,1061056,18000,90),(533,17,1061043,40000,91),(534,17,1061044,40000,92),(535,17,1061045,40000,93),(536,17,1061046,40000,94),(537,17,1072070,1800,95),(538,17,1072071,1800,96),(539,17,1072004,2000,97),(540,17,1072042,2000,98),(541,17,1072043,2000,99),(542,17,1072028,4500,100),(543,17,1072029,4500,101),(544,17,1072030,4500,102),(545,17,1072031,4500,103),(546,17,1072022,9000,104),(547,17,1072065,9000,105),(548,17,1072066,9000,106),(549,18,2000000,50,1),(550,18,2000001,160,2),(551,18,2000002,320,3),(552,18,2000003,200,4),(553,18,2000006,620,5),(554,18,2002000,500,6),(555,18,2002001,400,7),(556,18,2002002,500,8),(557,18,2002004,500,9),(558,18,2002005,500,10),(559,18,2010000,30,11),(560,18,2010002,50,12),(561,18,2010001,106,13),(562,18,2010003,100,14),(563,18,2010004,310,15),(564,18,2030000,400,16),(565,18,2030005,500,17),(566,18,2060000,1,18),(567,18,2061000,1,19),(568,18,2050000,200,20),(569,18,2050001,200,21),(570,18,2050002,300,22),(571,18,2070000,500,23),(572,19,2020001,220,1),(573,19,2020005,320,2),(574,19,2020003,450,3),(575,19,2020004,450,4),(576,19,2020006,530,5),(577,19,2022003,1100,6),(578,19,2020000,420,7),(579,19,2022000,1650,8),(580,19,2020002,320,9),(581,19,2030000,400,10),(582,19,2060000,2,11),(583,19,2061000,2,12),(584,19,2070000,500,13),(585,20,2000000,50,1),(586,20,2000001,160,2),(587,20,2000002,320,3),(588,20,2000003,200,4),(589,20,2000006,620,5),(590,20,2010000,30,6),(591,20,2010002,50,7),(592,20,2010001,106,8),(593,20,2010003,100,9),(594,20,2010004,310,10),(595,20,2022000,1650,11),(596,20,2022003,1100,12),(597,20,2030000,400,13),(598,20,2030006,600,14),(599,20,2060000,1,15),(600,20,2061000,1,16),(601,20,2070000,500,17),(602,21,2040000,35000,1),(603,21,2040400,35000,2),(604,21,2040600,35000,3),(605,21,2040700,35000,4),(606,21,2040300,35000,5),(607,21,2044500,70000,6),(608,21,2044600,70000,7),(609,21,2043700,70000,8),(610,21,2043800,70000,9),(611,22,2040000,35000,1),(612,22,2040003,35000,2),(613,22,2040500,35000,3),(614,22,2040600,35000,4),(615,22,2040700,35000,5),(616,22,2040703,35000,6),(617,22,2043000,70000,7),(618,22,2043100,70000,8),(619,22,2043200,70000,9),(620,22,2044000,70000,10),(621,22,2044100,70000,11),(622,22,2044200,70000,12),(623,22,2044300,70000,13),(624,22,2044400,70000,14),(625,22,2043300,70000,15),(626,22,2044700,70000,16),(627,0,2022245,750000,0),(628,0,2022068,400000,0),(629,0,5072000,750000,0),(630,0,5390000,1500000,0),(631,0,5390001,2000000,0),(632,0,5390002,1500000,0),(633,23,2000000,50,1),(634,23,2000001,160,2),(635,23,2000002,320,3),(636,23,2000003,200,4),(637,23,2010000,30,5),(638,23,2010002,50,6),(639,23,2010001,106,7),(640,23,2010003,100,8),(641,23,2010004,310,9),(642,23,2020001,220,10),(643,23,2020005,320,11),(644,23,2020003,450,12),(645,23,2020004,450,13),(646,23,2020006,530,14),(647,23,2022003,1100,15),(648,23,2020000,420,16),(649,23,2022000,1650,17),(650,23,2020002,320,18),(651,23,2001000,3200,19),(652,23,2001001,2300,20),(653,23,2001002,4000,21),(654,23,2070000,500,22),(655,24,1002023,122500,1),(656,24,1040021,42500,2),(657,24,1040026,42500,3),(658,24,1051010,62500,4),(659,24,1051011,62500,5),(660,24,1051012,62500,6),(661,24,1051013,62500,7),(662,24,1060016,40500,8),(663,24,1060017,40500,9),(664,24,1060018,40500,10),(665,24,1060019,40500,11),(666,24,1092006,62500,12),(667,24,1002064,42500,13),(668,24,1041041,44500,14),(669,24,1041042,44500,15),(670,24,1041043,44500,16),(671,24,1050003,42500,17),(672,24,1050026,42500,18),(673,24,1050027,42500,19),(674,24,1050028,42500,20),(675,24,1061034,42500,21),(676,24,1061035,42500,22),(677,24,1061036,42500,23),(678,24,1002161,32500,24),(679,24,1002162,32500,25),(680,24,1002163,32500,26),(681,24,1002164,32500,27),(682,24,1002165,32500,28),(683,24,1040069,52500,29),(684,24,1040070,52500,30),(685,24,1040067,52500,31),(686,24,1040068,52500,32),(687,24,1041056,52500,33),(688,24,1041054,52500,34),(689,24,1041055,52500,35),(690,24,1060059,46500,36),(691,24,1060058,46500,37),(692,24,1060056,46500,38),(693,24,1060057,46500,39),(694,24,1061052,46500,40),(695,24,1061050,46500,41),(696,24,1061051,46500,42),(697,24,1002171,32500,43),(698,24,1002172,32500,44),(699,24,1002173,32500,45),(700,24,1002174,32500,46),(701,24,1002175,32500,47),(702,24,1040057,47500,48),(703,24,1040058,47500,49),(704,24,1040059,47500,50),(705,24,1040060,47500,51),(706,24,1041047,47500,52),(707,24,1041048,47500,53),(708,24,1041049,47500,54),(709,24,1041050,47500,55),(710,24,1060043,42500,56),(711,24,1060044,42500,57),(712,24,1060045,42500,58),(713,24,1060046,42500,59),(714,24,1061043,42500,60),(715,24,1061044,42500,61),(716,24,1061045,42500,62),(717,24,1061046,42500,63),(718,25,1302008,42500,1),(719,25,1302068,352500,2),(720,25,1312005,42500,3),(721,25,1322014,42500,4),(722,25,1332009,44500,5),(723,25,1332012,42500,6),(724,25,1372003,40500,7),(725,25,1382002,22500,8),(726,25,1402002,152500,9),(727,25,1412006,47500,10),(728,25,1422001,47500,11),(729,25,1432002,62500,12),(730,25,1442001,62500,13),(731,25,1452005,152500,14),(732,25,1462000,32500,15),(733,25,1472001,22500,16),(734,26,2000000,50,1),(735,26,2000001,160,2),(736,26,2000002,320,3),(737,26,2000003,200,4),(738,26,2000006,620,5),(739,26,2002016,5000,6),(740,26,2002017,75000,7),(741,26,2002018,5000,8),(742,26,2002019,5000,9),(743,26,2002020,6800,10),(744,26,2002021,6800,11),(745,26,2002022,8100,12),(746,26,2002023,13800,13),(747,26,2002024,1500,14),(748,26,2002025,1500,15),(749,26,2010000,30,16),(750,26,2010002,50,17),(751,26,2010001,106,18),(752,26,2010003,100,19),(753,26,2010004,310,20),(754,26,2022189,1000,21),(755,26,2022191,1000,22),(756,26,2022192,600,23),(757,26,2022003,1100,24),(758,26,2022000,1650,25),(759,26,2001000,3200,26),(760,26,2001001,2300,27),(761,26,2001002,4000,28),(762,26,2022190,3000,29),(763,26,2020012,4500,30),(764,26,2020013,5600,31),(765,26,2020014,8100,32),(766,26,2020015,10200,33),(767,26,2022195,15000,34),(768,26,2030000,400,35),(769,26,2060000,1,36),(770,26,2061000,1,37),(773,26,2070000,500,40),(774,27,2022021,550,1),(775,27,2022022,1300,2),(776,28,2022014,650,1),(777,28,2022023,1350,2),(778,29,2022024,2000,1),(779,29,2022025,4200,2),(780,30,2022026,1800,1),(781,30,2022027,3800,2),(782,31,2022017,1100,1),(783,31,2022018,1600,2),(784,31,2022019,850,3),(785,31,2022020,550,4),(786,32,1050131,100000,1),(787,32,1050132,100000,2),(788,32,1050133,100000,3),(789,32,1050134,100000,4),(790,32,1051150,100000,5),(791,32,1051151,100000,6),(792,32,1051152,100000,7),(793,32,1051153,100000,8),(794,33,1302008,40000,1),(795,33,1312005,40000,2),(796,33,1322014,40000,3),(797,33,1332009,42000,4),(798,33,1332012,40000,5),(799,33,1372003,38000,6),(800,33,1382002,20000,7),(801,33,1402002,150000,8),(802,33,1412006,45000,9),(803,33,1422001,45000,10),(804,33,1432002,60000,11),(805,33,1442001,60000,12),(806,33,1452005,150000,13),(807,33,1462000,30000,14),(808,33,1472001,20000,15),(809,34,1002023,120000,1),(810,34,1040021,40000,2),(811,34,1040026,40000,3),(812,34,1051010,60000,4),(813,34,1051011,60000,5),(814,34,1051012,60000,6),(815,34,1051013,60000,7),(816,34,1060016,38000,8),(817,34,1060017,38000,9),(818,34,1060018,38000,10),(819,34,1060019,38000,11),(820,34,1092006,60000,12),(821,34,1002064,40000,13),(822,34,1041041,42000,14),(823,34,1041042,42000,15),(824,34,1041043,42000,16),(825,34,1050003,40000,17),(826,34,1050026,40000,18),(827,34,1050027,40000,19),(828,34,1050028,40000,20),(829,34,1061034,40000,21),(830,34,1061035,40000,22),(831,34,1061036,40000,23),(832,34,1002161,30000,24),(833,34,1002162,30000,25),(834,34,1002163,30000,26),(835,34,1002164,30000,27),(836,34,1002165,30000,28),(837,34,1040069,50000,29),(838,34,1040070,50000,30),(839,34,1040067,50000,31),(840,34,1040068,50000,32),(841,34,1041056,50000,33),(842,34,1041054,50000,34),(843,34,1041055,50000,35),(844,34,1060059,44000,36),(845,34,1060058,44000,37),(846,34,1060056,44000,38),(847,34,1060057,44000,39),(848,34,1061052,44000,40),(849,34,1061050,44000,41),(850,34,1061051,44000,42),(851,34,1002171,30000,43),(852,34,1002172,30000,44),(853,34,1002173,30000,45),(854,34,1002174,30000,46),(855,34,1002175,30000,47),(856,34,1040057,45000,48),(857,34,1040058,45000,49),(858,34,1040059,45000,50),(859,34,1040060,45000,51),(860,34,1041047,45000,52),(861,34,1041048,45000,53),(862,34,1041049,45000,54),(863,34,1041050,45000,55),(864,34,1060043,40000,56),(865,34,1060044,40000,57),(866,34,1060045,40000,58),(867,34,1060046,40000,59),(868,34,1061043,40000,60),(869,34,1061044,40000,61),(870,34,1061045,40000,62),(871,34,1061046,40000,63),(872,35,2000000,50,1),(873,35,2000001,160,2),(874,35,2000002,320,3),(875,35,2000003,200,4),(876,35,2000006,620,5),(877,35,2002000,500,6),(878,35,2002001,400,7),(879,35,2002002,500,8),(880,35,2002004,500,9),(881,35,2002005,500,10),(882,35,2022003,1100,11),(883,35,2022000,1650,12),(884,35,2001000,3200,13),(885,35,2001001,2300,14),(886,35,2001002,4000,15),(887,35,2010000,30,16),(888,35,2010002,50,17),(889,35,2010001,106,18),(890,35,2010003,100,19),(891,35,2010004,310,20),(892,35,2020028,3000,21),(893,35,2050000,200,22),(894,35,2050001,200,23),(895,35,2050002,300,24),(896,35,2050003,500,25),(897,35,2030000,400,26),(898,35,2060000,1,27),(899,35,2061000,1,28),(902,35,2070000,500,31),(903,36,1302004,100000,1),(904,36,1302009,225000,2),(905,36,1312006,100000,3),(906,36,1312007,175000,4),(907,36,1322015,100000,5),(908,36,1322016,175000,6),(909,36,1332001,200000,7),(910,36,1332014,375000,8),(911,36,1332011,425000,9),(912,36,1372001,175000,10),(913,36,1372000,400000,11),(914,36,1402006,350000,12),(915,36,1402007,450000,13),(916,36,1412004,200000,14),(917,36,1412005,250000,15),(918,36,1422008,200000,16),(919,36,1422007,250000,17),(920,36,1432003,175000,18),(921,36,1432005,225000,19),(922,36,1442003,175000,20),(923,36,1442009,300000,21),(924,36,1452006,250000,22),(925,36,1452007,375000,23),(926,36,1462004,200000,24),(927,36,1462005,250000,25),(928,36,1472004,30000,26),(929,36,1472007,60000,27),(930,37,1072168,30000,1),(931,37,1072169,28000,2),(932,37,1072170,29000,3),(933,37,1072171,29000,4),(934,37,1002004,160000,5),(935,37,1040000,200000,6),(936,37,1040085,200000,7),(937,37,1041084,200000,8),(938,37,1041085,200000,9),(939,37,1050000,112500,10),(940,37,1050021,112500,11),(941,37,1051001,112500,12),(942,37,1051014,112500,13),(943,37,1060075,180000,14),(944,37,1060074,180000,15),(945,37,1061083,180000,16),(946,37,1061084,180000,17),(947,37,1092001,100000,18),(948,37,1092002,200000,19),(949,37,1002141,96000,20),(950,37,1002142,96000,21),(951,37,1002143,96000,22),(952,37,1002144,96000,23),(953,37,1041052,120000,24),(954,37,1041051,120000,25),(955,37,1050031,300000,26),(956,37,1050002,300000,27),(957,37,1050035,450000,28),(958,37,1050038,450000,29),(959,37,1050036,450000,30),(960,37,1050037,450000,31),(961,37,1051023,450000,32),(962,37,1051025,450000,33),(963,37,1051024,450000,34),(964,37,1051027,450000,35),(965,37,1061048,120000,36),(966,37,1061047,120000,37),(967,37,1002138,100000,38),(968,37,1002139,100000,39),(969,37,1002135,100000,40),(970,37,1002137,100000,41),(971,37,1040072,114000,42),(972,37,1040073,114000,43),(973,37,1040074,114000,44),(974,37,1040076,114000,45),(975,37,1040081,180000,46),(976,37,1040079,180000,47),(977,37,1041066,114000,48),(978,37,1041069,114000,49),(979,37,1041065,114000,50),(980,37,1041067,114000,51),(981,37,1041082,180000,52),(982,37,1041081,180000,53),(983,37,1060062,108000,54),(984,37,1060065,108000,55),(985,37,1060061,108000,56),(986,37,1060063,108000,57),(987,37,1060070,160000,58),(988,37,1060069,160000,59),(989,37,1061061,108000,60),(990,37,1061064,108000,61),(991,37,1061060,108000,62),(992,37,1061062,108000,63),(993,37,1061081,160000,64),(994,37,1061080,160000,65),(995,37,1002176,100000,66),(996,37,1002177,100000,67),(997,37,1002178,100000,68),(998,37,1002179,100000,69),(999,37,1002180,100000,70),(1000,37,1040063,114000,71),(1001,37,1040062,114000,72),(1002,37,1040061,114000,73),(1003,37,1040082,180000,74),(1004,37,1040083,180000,75),(1005,37,1041075,180000,76),(1006,37,1041074,180000,77),(1007,37,1051007,111000,78),(1008,37,1051008,111000,79),(1009,37,1051009,111000,80),(1010,37,1060051,108000,81),(1011,37,1060050,108000,82),(1012,37,1060052,108000,83),(1013,37,1060071,160000,84),(1014,37,1060072,160000,85),(1015,37,1061070,160000,86),(1016,37,1061069,160000,87),(1017,38,2022001,400,1),(1018,38,2022186,2400,2),(1019,38,2000000,50,3),(1020,38,2000001,160,4),(1021,38,2000002,320,5),(1022,38,2000003,200,6),(1023,38,2000006,620,7),(1024,38,2002000,500,8),(1025,38,2002001,400,9),(1026,38,2002002,500,10),(1027,38,2002004,500,11),(1028,38,2002005,500,12),(1029,38,2010000,30,13),(1030,38,2010002,50,14),(1031,38,2010001,106,15),(1032,38,2010003,100,16),(1033,38,2010004,310,17),(1034,38,2022003,1100,18),(1035,38,2022000,1650,19),(1036,38,2001000,3200,20),(1037,38,2001001,2300,21),(1038,38,2001002,4000,22),(1039,38,2020012,4500,23),(1040,38,2020013,5600,24),(1041,38,2020014,8100,25),(1042,38,2020015,10200,26),(1043,38,2050000,200,27),(1044,38,2050001,200,28),(1045,38,2050002,300,29),(1046,38,2030000,400,30),(1047,38,2060000,1,31),(1048,38,2061000,1,32),(1051,38,2070000,500,300),(1052,39,2000001,166,1),(1053,39,2000002,332,2),(1054,39,2000003,208,3),(1055,39,2000006,644,4),(1056,39,2002000,520,5),(1057,39,2002001,416,6),(1058,39,2002002,520,7),(1059,39,2002004,520,8),(1060,39,2002005,520,9),(1061,39,2001000,3328,10),(1062,39,2001001,2392,11),(1063,39,2001002,4160,12),(1064,39,2020005,332,13),(1065,39,2010004,322,14),(1066,39,2020001,228,15),(1067,39,2020003,468,16),(1068,39,2020004,468,17),(1069,39,2020006,551,18),(1070,39,2022003,1144,19),(1071,39,2022000,1716,20),(1072,39,2020012,4680,21),(1073,39,2020013,5824,22),(1074,39,2020014,8424,23),(1075,39,2020015,10608,24),(1076,39,2030000,400,25),(1077,39,2060000,1,26),(1078,39,2061000,1,27),(1081,39,2070000,500,30),(1082,40,1002023,120000,1),(1083,40,1002048,160000,2),(1084,40,1002034,60000,3),(1085,40,1002142,96000,4),(1086,40,1002162,60000,5),(1087,40,1002138,100000,6),(1088,40,1002172,60000,7),(1089,40,1002177,100000,8),(1090,40,1051011,60000,9),(1091,40,1051012,60000,10),(1092,40,1051013,60000,11),(1093,40,1050011,70000,12),(1094,40,1040021,40000,13),(1095,40,1040026,40000,14),(1096,40,1060016,38000,15),(1097,40,1060017,38000,16),(1098,40,1050000,112500,17),(1099,40,1050021,112500,18),(1100,40,1051001,112500,19),(1101,40,1051014,112500,20),(1102,40,1051015,112500,21),(1103,40,1040085,200000,22),(1104,40,1040086,200000,23),(1105,40,1041084,200000,24),(1106,40,1041085,200000,25),(1107,40,1060074,180000,26),(1108,40,1060075,180000,27),(1109,40,1061083,180000,28),(1110,40,1061084,180000,29),(1111,40,1041041,42000,30),(1112,40,1041042,42000,31),(1113,40,1041043,42000,32),(1114,40,1061034,40000,33),(1115,40,1061035,40000,34),(1116,40,1061036,40000,35),(1117,40,1050003,40000,36),(1118,40,1050026,40000,37),(1119,40,1050028,40000,38),(1120,40,1041051,120000,39),(1121,40,1041052,120000,40),(1122,40,1061047,120000,41),(1123,40,1061048,120000,42),(1124,40,1050002,300000,43),(1125,40,1050030,300000,44),(1126,40,1050031,300000,45),(1127,40,1051023,450000,46),(1128,40,1051024,450000,47),(1129,40,1051025,450000,48),(1130,40,1050036,450000,49),(1131,40,1050037,450000,50),(1132,40,1050038,450000,51),(1133,40,1041054,50000,52),(1134,40,1041056,50000,53),(1135,40,1061050,44000,54),(1136,40,1061052,44000,55),(1137,40,1040067,50000,56),(1138,40,1040069,50000,57),(1139,40,1060056,44000,58),(1140,40,1060058,44000,59),(1141,40,1041065,114000,60),(1142,40,1041066,114000,61),(1143,40,1041067,114000,62),(1144,40,1061060,108000,63),(1145,40,1061061,108000,64),(1146,40,1061062,108000,65),(1147,40,1040072,114000,66),(1148,40,1040073,114000,67),(1149,40,1040074,114000,68),(1150,40,1060061,108000,69),(1151,40,1060062,108000,70),(1152,40,1060063,108000,71),(1153,40,1040079,180000,72),(1154,40,1040081,180000,73),(1155,40,1060069,160000,74),(1156,40,1060070,160000,75),(1157,40,1041081,180000,76),(1158,40,1041082,180000,77),(1159,40,1061080,160000,78),(1160,40,1061081,160000,79),(1161,40,1041047,45000,80),(1162,40,1041049,45000,81),(1163,40,1041050,45000,82),(1164,40,1061043,40000,83),(1165,40,1061045,40000,84),(1166,40,1061046,40000,85),(1167,40,1040057,45000,86),(1168,40,1040059,45000,87),(1169,40,1060043,40000,88),(1170,40,1060045,40000,89),(1171,40,1040061,114000,90),(1172,40,1040062,114000,91),(1173,40,1060050,108000,92),(1174,40,1060051,108000,93),(1175,40,1051007,111000,94),(1176,40,1051008,111000,95),(1177,40,1051009,111000,96),(1178,40,1040082,180000,97),(1179,40,1040083,180000,98),(1180,40,1060071,160000,99),(1181,40,1060072,160000,100),(1182,40,1041074,180000,101),(1183,40,1041075,180000,102),(1184,40,1061069,160000,103),(1185,40,1061070,160000,104),(1186,41,2000000,50,1),(1187,41,2000001,160,2),(1188,41,2000002,320,3),(1189,41,2000003,200,4),(1190,41,2000006,620,5),(1191,41,2002000,500,6),(1192,41,2002001,400,7),(1193,41,2002002,500,8),(1194,41,2002004,500,9),(1195,41,2002005,500,10),(1196,41,2022040,300,11),(1197,41,2022041,1600,12),(1198,41,2001000,3200,13),(1199,41,2001001,2300,14),(1200,41,2001002,4000,15),(1201,41,2010000,30,16),(1202,41,2010002,50,17),(1203,41,2010001,106,18),(1204,41,2010003,100,19),(1205,41,2010004,310,20),(1206,41,2020012,4500,21),(1207,41,2020013,5600,22),(1208,41,2020014,8100,23),(1209,41,2020015,10200,24),(1210,41,2022003,1100,25),(1211,41,2022000,1650,26),(1212,41,2030000,400,27),(1213,41,2060000,1,28),(1214,41,2061000,1,29),(1217,41,2060001,10,32),(1218,41,2061001,10,33),(1219,41,2070000,500,34),(1220,42,1302003,20000,1),(1221,42,1302008,40000,2),(1222,42,1302004,100000,3),(1223,42,1302009,225000,4),(1224,42,1312003,20000,5),(1225,42,1312005,40000,6),(1226,42,1312006,100000,7),(1227,42,1312007,175000,8),(1228,42,1322004,22000,9),(1229,42,1322014,40000,10),(1230,42,1322015,100000,11),(1231,42,1322016,175000,12),(1232,42,1332004,38000,13),(1233,42,1332012,40000,14),(1234,42,1332014,375000,15),(1235,42,1332011,425000,16),(1236,42,1372004,18000,17),(1237,42,1382002,20000,18),(1238,42,1372003,38000,19),(1239,42,1372001,175000,20),(1240,42,1372000,400000,21),(1241,42,1402008,22000,22),(1242,42,1402002,150000,23),(1243,42,1402006,350000,24),(1244,42,1402007,450000,25),(1245,42,1412000,22000,26),(1246,42,1412004,200000,27),(1247,42,1412006,45000,28),(1248,42,1412005,250000,29),(1249,42,1422004,20000,30),(1250,42,1422001,45000,31),(1251,42,1422008,200000,32),(1252,42,1422007,250000,33),(1253,42,1432002,60000,34),(1254,42,1432003,175000,35),(1255,42,1432005,225000,36),(1256,42,1442004,24000,37),(1257,42,1442001,60000,38),(1258,42,1442003,175000,39),(1259,42,1442009,300000,40),(1260,42,1452000,20000,41),(1261,42,1452005,150000,42),(1262,42,1452006,250000,43),(1263,42,1452007,375000,44),(1264,42,1462003,12000,45),(1265,42,1462000,30000,46),(1266,42,1462004,200000,47),(1267,42,1462005,250000,48),(1268,42,1472007,60000,49),(1269,43,2000000,50,1),(1270,43,2000001,160,2),(1271,43,2000002,320,3),(1272,43,2000003,200,4),(1273,43,2000006,620,5),(1274,43,2002000,500,6),(1275,43,2002001,400,7),(1276,43,2002002,500,8),(1277,43,2002004,500,9),(1278,43,2002005,500,10),(1279,43,2001000,3200,11),(1280,43,2001001,2300,12),(1281,43,2001002,4000,13),(1282,43,2010000,30,14),(1283,43,2010002,50,15),(1284,43,2010001,106,16),(1285,43,2010003,100,17),(1286,43,2010004,310,18),(1287,43,2020012,4500,19),(1288,43,2020013,5600,20),(1289,43,2020014,8100,21),(1290,43,2020015,10200,22),(1291,43,2022003,1100,23),(1292,43,2022000,1650,24),(1293,43,2030000,400,25),(1294,43,2060000,1,26),(1295,43,2061000,1,27),(1298,43,2060001,10,30),(1299,43,2061001,10,31),(1300,43,2070000,500,32),(1301,44,1302004,100000,1),(1302,44,1302009,225000,2),(1303,44,1312006,100000,3),(1304,44,1312007,175000,4),(1305,44,1322015,100000,5),(1306,44,1322016,175000,6),(1307,44,1332001,200000,7),(1308,44,1332014,375000,8),(1309,44,1332011,425000,9),(1310,44,1372001,175000,10),(1311,44,1372000,400000,11),(1312,44,1402006,350000,12),(1313,44,1402007,450000,13),(1314,44,1412004,200000,14),(1315,44,1412005,250000,15),(1316,44,1422008,200000,16),(1317,44,1422007,250000,17),(1318,44,1432003,175000,18),(1319,44,1432005,225000,19),(1320,44,1442003,175000,20),(1321,44,1442009,300000,21),(1322,44,1452006,250000,22),(1323,44,1452007,375000,23),(1324,44,1462004,200000,24),(1325,44,1462005,250000,25),(1326,44,1472004,30000,26),(1327,44,1472007,60000,27),(1328,45,1002004,160000,1),(1329,45,1040000,200000,2),(1330,45,1040085,200000,3),(1331,45,1041084,200000,4),(1332,45,1041085,200000,5),(1333,45,1050000,112500,6),(1334,45,1050021,112500,7),(1335,45,1051001,112500,8),(1336,45,1051014,112500,9),(1337,45,1060075,180000,10),(1338,45,1060074,180000,11),(1339,45,1061083,180000,12),(1340,45,1061084,180000,13),(1341,45,1092001,100000,14),(1342,45,1092002,200000,15),(1343,45,1002141,96000,16),(1344,45,1002142,96000,17),(1345,45,1002143,96000,18),(1346,45,1002144,96000,19),(1347,45,1041052,120000,20),(1348,45,1041051,120000,21),(1349,45,1050031,300000,22),(1350,45,1050002,300000,23),(1351,45,1050035,450000,24),(1352,45,1050038,450000,25),(1353,45,1050036,450000,26),(1354,45,1050037,450000,27),(1355,45,1051023,450000,28),(1356,45,1051025,450000,29),(1357,45,1051024,450000,30),(1358,45,1051027,450000,31),(1359,45,1061048,120000,32),(1360,45,1061047,120000,33),(1361,45,1002138,100000,34),(1362,45,1002139,100000,35),(1363,45,1002135,100000,36),(1364,45,1002137,100000,37),(1365,45,1040072,114000,38),(1366,45,1040073,114000,39),(1367,45,1040074,114000,40),(1368,45,1040076,114000,41),(1369,45,1040081,180000,42),(1370,45,1040079,180000,43),(1371,45,1041066,114000,44),(1372,45,1041069,114000,45),(1373,45,1041065,114000,46),(1374,45,1041067,114000,47),(1375,45,1041082,180000,48),(1376,45,1061080,180000,49),(1377,45,1060062,108000,50),(1378,45,1060065,108000,51),(1379,45,1060061,108000,52),(1380,45,1060063,108000,53),(1381,45,1060070,160000,54),(1382,45,1060069,160000,55),(1383,45,1061061,108000,56),(1384,45,1061064,108000,57),(1385,45,1061060,108000,58),(1386,45,1061062,108000,59),(1387,45,1061081,160000,60),(1388,45,1061080,160000,61),(1389,45,1002176,100000,62),(1390,45,1002177,100000,63),(1391,45,1002178,100000,64),(1392,45,1002179,100000,65),(1393,45,1002180,100000,66),(1394,45,1040063,114000,67),(1395,45,1040062,114000,68),(1396,45,1040061,114000,69),(1397,45,1040082,180000,70),(1398,45,1040083,180000,71),(1399,45,1041075,180000,72),(1400,45,1041074,180000,73),(1401,45,1051007,111000,74),(1402,45,1051008,111000,75),(1403,45,1051009,111000,76),(1404,45,1060051,108000,77),(1405,45,1060050,108000,78),(1406,45,1060052,108000,79),(1407,45,1060071,160000,80),(1408,45,1060072,160000,81),(1409,45,1061070,160000,82),(1410,45,1061069,160000,83),(1411,46,2040003,35000,1),(1412,46,2040300,35000,2),(1413,46,2040400,35000,3),(1414,46,2040503,35000,4),(1415,46,2040600,35000,5),(1416,46,2040700,35000,6),(1417,46,2040800,35000,7),(1418,46,2040900,35000,8),(1419,46,2041000,35000,9),(1420,46,2041003,35000,10),(1421,46,2043000,70000,11),(1422,46,2043100,70000,12),(1423,46,2043200,70000,13),(1424,46,2043300,70000,14),(1425,46,2043700,70000,15),(1426,46,2043800,70000,16),(1427,46,2044000,70000,17),(1428,46,2044100,70000,18),(1429,46,2044200,70000,19),(1430,46,2044300,70000,20),(1431,46,2044400,70000,21),(1432,46,2044500,70000,22),(1433,46,2044600,70000,23),(1434,46,2044700,70000,24),(1435,40,1912000,10000000,-1),(1436,40,1902000,10000000,-2),(1437,40,1902001,40000000,-3),(1438,47,2002010,500,1),(1439,47,2002006,600,2),(1440,47,2002007,600,3),(1441,47,2002008,600,4),(1442,47,2002009,600,5),(1443,47,2022003,1100,6),(1444,47,2022000,1650,7),(1445,47,2001001,2300,8),(1446,47,2001002,4000,9),(1447,47,2020012,4680,10),(1448,47,2020013,5824,11),(1449,47,2020014,8100,12),(1450,47,2020015,10200,13),(1451,47,2000007,50,14),(1452,47,2000000,50,15),(1453,47,2000008,160,16),(1454,47,2000001,160,17),(1455,47,2000009,320,18),(1456,47,2000002,320,19),(1457,47,2000010,200,20),(1458,47,2000003,200,21),(1459,47,2000011,620,22),(1460,47,2000006,620,23),(1461,47,2050000,200,24),(1462,47,2050001,200,25),(1463,47,2050002,300,26),(1464,47,2050003,500,27),(1465,47,2060000,1,28),(1466,47,2061000,1,29),(1469,47,2060001,10,32),(1470,47,2061001,10,33),(1471,47,2030000,400,34),(1472,48,1302008,40000,1),(1473,48,1302004,100000,2),(1474,48,1302009,225000,3),(1475,48,1312005,40000,4),(1476,48,1312006,100000,5),(1477,48,1312007,175000,6),(1478,48,1322014,40000,7),(1479,48,1322015,100000,8),(1480,48,1322016,175000,9),(1481,48,1332009,42000,10),(1482,48,1332012,40000,11),(1483,48,1332001,200000,12),(1484,48,1332014,375000,13),(1485,48,1332011,425000,14),(1486,48,1372003,38000,15),(1487,48,1372001,175000,16),(1488,48,1372000,400000,17),(1489,48,1382002,20000,18),(1490,48,1402002,150000,19),(1491,48,1402006,350000,20),(1492,48,1402007,450000,21),(1493,48,1412006,45000,22),(1494,48,1412004,200000,23),(1495,48,1412005,250000,24),(1496,48,1422001,45000,25),(1497,48,1422008,200000,26),(1498,48,1422007,250000,27),(1499,48,1432002,60000,28),(1500,48,1432003,175000,29),(1501,48,1432005,225000,30),(1502,48,1442001,60000,31),(1503,48,1442003,175000,32),(1504,48,1442009,300000,33),(1505,48,1452005,150000,34),(1506,48,1452006,250000,35),(1507,48,1452007,375000,36),(1508,48,1462000,30000,37),(1509,48,1462004,200000,38),(1510,48,1462005,250000,39),(1511,48,1472001,20000,40),(1512,48,1472004,30000,41),(1513,48,1472007,60000,42),(1514,49,1002004,160000,1),(1515,49,1040000,200000,2),(1516,49,1040085,200000,3),(1517,49,1041084,200000,4),(1518,49,1041085,200000,5),(1519,49,1050000,112500,6),(1520,49,1050021,112500,7),(1521,49,1051001,112500,8),(1522,49,1051014,112500,9),(1523,49,1060075,180000,10),(1524,49,1060074,180000,11),(1525,49,1061083,180000,12),(1526,49,1061084,180000,13),(1527,49,1092001,100000,14),(1528,49,1092002,200000,15),(1529,49,1002141,96000,16),(1530,49,1002142,96000,17),(1531,49,1002143,96000,18),(1532,49,1002144,96000,19),(1533,49,1041052,120000,20),(1534,49,1041051,120000,21),(1535,49,1050031,300000,22),(1536,49,1050002,300000,23),(1537,49,1050035,450000,24),(1538,49,1050038,450000,25),(1539,49,1050036,450000,26),(1540,49,1050037,450000,27),(1541,49,1051023,450000,28),(1542,49,1051025,450000,29),(1543,49,1051024,450000,30),(1544,49,1051027,450000,31),(1545,49,1061048,120000,32),(1546,49,1061047,120000,33),(1547,49,1002138,100000,34),(1548,49,1002139,100000,35),(1549,49,1002135,100000,36),(1550,49,1002137,100000,37),(1551,49,1040072,114000,38),(1552,49,1040073,114000,39),(1553,49,1040074,114000,40),(1554,49,1040076,114000,41),(1555,49,1040081,180000,42),(1556,49,1040079,180000,43),(1557,49,1041066,114000,44),(1558,49,1041069,114000,45),(1559,49,1041065,114000,46),(1560,49,1041067,114000,47),(1561,49,1041082,180000,48),(1562,49,1041081,180000,49),(1563,49,1060062,108000,50),(1564,49,1060065,108000,51),(1565,49,1060061,108000,52),(1566,49,1060063,108000,53),(1567,49,1060070,160000,54),(1568,49,1060069,160000,55),(1569,49,1061061,108000,56),(1570,49,1061064,108000,57),(1571,49,1061060,108000,58),(1572,49,1061062,108000,59),(1573,49,1061081,160000,60),(1574,49,1061080,160000,61),(1575,49,1002176,100000,62),(1576,49,1002177,100000,63),(1577,49,1002178,100000,64),(1578,49,1002179,100000,65),(1579,49,1002180,100000,66),(1580,49,1040063,114000,67),(1581,49,1040062,114000,68),(1582,49,1040061,114000,69),(1583,49,1040082,180000,70),(1584,49,1040083,180000,71),(1585,49,1041075,180000,72),(1586,49,1041074,180000,73),(1587,49,1051007,111000,74),(1588,49,1051008,111000,75),(1589,49,1051009,111000,76),(1590,49,1060051,108000,77),(1591,49,1060050,108000,78),(1592,49,1060052,108000,79),(1593,49,1060071,160000,80),(1594,49,1060072,160000,81),(1595,49,1061070,160000,82),(1596,49,1061069,160000,83),(1597,50,2000007,50,1),(1598,50,2000000,47,2),(1599,50,2000008,160,3),(1600,50,2000001,152,4),(1601,50,2000009,320,5),(1602,50,2000002,304,6),(1603,50,2000010,200,7),(1604,50,2000003,190,8),(1605,50,2000011,620,9),(1606,50,2000006,589,10),(1607,50,2001001,2185,11),(1608,50,2001002,3800,12),(1609,50,2002006,500,13),(1610,50,2002007,500,14),(1611,50,2002008,500,15),(1612,50,2002009,500,16),(1613,50,2002010,500,17),(1614,50,2010001,106,18),(1615,50,2010002,47,19),(1616,50,2020001,209,20),(1617,50,2020002,304,21),(1618,50,2020003,427,22),(1619,50,2020004,427,23),(1620,50,2020005,304,24),(1621,50,2020006,503,25),(1622,50,2020028,2850,26),(1623,50,2030000,400,27),(1624,50,2060000,1,28),(1625,50,2061000,1,29),(1628,50,2060001,10,32),(1629,50,2061001,10,33),(1630,50,2070000,500,34),(1631,51,1302004,100000,1),(1632,51,1302009,225000,2),(1633,51,1312006,100000,3),(1634,51,1312007,175000,4),(1635,51,1322015,100000,5),(1636,51,1322016,175000,6),(1637,51,1332001,200000,7),(1638,51,1332014,375000,8),(1639,51,1332011,425000,9),(1640,51,1372001,175000,10),(1641,51,1372000,400000,11),(1642,51,1402006,350000,12),(1643,51,1402007,450000,13),(1644,51,1412004,200000,14),(1645,51,1412005,250000,15),(1646,51,1422008,200000,16),(1647,51,1422007,250000,17),(1648,51,1432003,175000,18),(1649,51,1432005,225000,19),(1650,51,1442003,175000,20),(1651,51,1442009,300000,21),(1652,51,1452006,250000,22),(1653,51,1452007,375000,23),(1654,51,1462004,200000,24),(1655,51,1462005,250000,25),(1656,51,1472004,30000,26),(1657,51,1472007,60000,27),(1658,52,1002004,160000,1),(1659,52,1040000,200000,2),(1660,52,1040085,200000,3),(1661,52,1041084,200000,4),(1662,52,1041085,200000,5),(1663,52,1050000,112500,6),(1664,52,1050021,112500,7),(1665,52,1051001,112500,8),(1666,52,1051014,112500,9),(1667,52,1060075,180000,10),(1668,52,1060074,180000,11),(1669,52,1061083,180000,12),(1670,52,1061084,180000,13),(1671,52,1092001,100000,14),(1672,52,1092002,200000,15),(1673,52,1002141,96000,16),(1674,52,1002142,96000,17),(1675,52,1002143,96000,18),(1676,52,1002144,96000,19),(1677,52,1041052,120000,20),(1678,52,1041051,120000,21),(1679,52,1050031,300000,22),(1680,52,1050002,300000,23),(1681,52,1050035,450000,24),(1682,52,1050038,450000,25),(1683,52,1050036,450000,26),(1684,52,1050037,450000,27),(1685,52,1051023,450000,28),(1686,52,1051025,450000,29),(1687,52,1051024,450000,30),(1688,52,1051027,450000,31),(1689,52,1061048,120000,32),(1690,52,1061047,120000,33),(1691,52,1002138,100000,34),(1692,52,1002139,100000,35),(1693,52,1002135,100000,36),(1694,52,1002137,100000,37),(1695,52,1040072,114000,38),(1696,52,1040073,114000,39),(1697,52,1040074,114000,40),(1698,52,1040076,114000,41),(1699,52,1040081,180000,42),(1700,52,1040079,180000,43),(1701,52,1041066,114000,44),(1702,52,1041069,114000,45),(1703,52,1041065,114000,46),(1704,52,1041067,114000,47),(1705,52,1041082,180000,48),(1706,52,1041081,180000,49),(1707,52,1060062,108000,50),(1708,52,1060065,108000,51),(1709,52,1060061,108000,52),(1710,52,1060063,108000,53),(1711,52,1060070,160000,54),(1712,52,1060069,160000,55),(1713,52,1061061,108000,56),(1714,52,1061064,108000,57),(1715,52,1061060,108000,58),(1716,52,1061062,108000,59),(1717,52,1061081,160000,60),(1718,52,1061080,160000,61),(1719,52,1002176,100000,62),(1720,52,1002177,100000,63),(1721,52,1002178,100000,64),(1722,52,1002179,100000,65),(1723,52,1002180,100000,66),(1724,52,1040063,114000,67),(1725,52,1040062,114000,68),(1726,52,1040061,114000,69),(1727,52,1040082,180000,70),(1728,52,1040083,180000,71),(1729,52,1041075,180000,72),(1730,52,1041074,180000,73),(1731,52,1051007,111000,74),(1732,52,1051008,111000,75),(1733,52,1051009,111000,76),(1734,52,1060051,108000,77),(1735,52,1060050,108000,78),(1736,52,1060052,108000,79),(1737,52,1060071,160000,80),(1738,52,1060072,160000,81),(1739,52,1061070,160000,82),(1740,52,1061069,160000,83),(1741,53,2000000,47,1),(1742,53,2000001,152,2),(1743,53,2000002,304,3),(1744,53,2000003,190,4),(1745,53,2000006,589,5),(1746,53,2002000,475,6),(1747,53,2002001,380,7),(1748,53,2002002,475,8),(1749,53,2002004,475,9),(1750,53,2002005,475,10),(1751,53,2002011,1200,11),(1752,53,2001000,3040,12),(1753,53,2001001,2185,13),(1754,53,2001002,3800,14),(1755,53,2010000,28,15),(1756,53,2010001,106,16),(1757,53,2010002,47,17),(1758,53,2010003,95,18),(1759,53,2010004,294,19),(1760,53,2020012,4680,20),(1761,53,2020013,5600,21),(1762,53,2020014,7695,22),(1763,53,2020015,9690,23),(1764,53,2022003,1045,24),(1765,53,2022000,1567,25),(1766,53,2030000,400,26),(1767,53,2060000,1,27),(1768,53,2061000,1,28),(1769,53,2060001,10,29),(1770,53,2061001,10,30),(1771,53,2070000,500,31),(1772,54,2000007,50,1),(1773,54,2000000,47,2),(1774,54,2000008,160,3),(1775,54,2000001,152,4),(1776,54,2000009,320,5),(1777,54,2000002,304,6),(1778,54,2000010,200,7),(1779,54,2000003,190,8),(1780,54,2000011,620,9),(1781,54,2000006,589,10),(1782,54,2001001,2185,11),(1783,54,2001002,3800,12),(1784,54,2002006,570,13),(1785,54,2002007,570,14),(1786,54,2002008,570,15),(1787,54,2002009,570,16),(1788,54,2002010,475,17),(1789,54,2010001,106,18),(1790,54,2010002,47,19),(1791,54,2020001,209,20),(1792,54,2020002,304,21),(1793,54,2020003,427,22),(1794,54,2020004,427,23),(1795,54,2020005,304,24),(1796,54,2020006,503,25),(1797,54,2022003,1144,26),(1798,54,2022000,1716,27),(1799,54,2020012,4680,28),(1800,54,2020013,5824,29),(1801,54,2020014,8424,30),(1802,54,2020015,10608,31),(1803,54,2120000,25,32),(1804,54,2060000,1,33),(1805,54,2061000,1,34),(1806,54,2060001,10,35),(1807,54,2061001,10,36),(1835,38,4006000,7500,0),(1836,38,4006001,7500,0),(980000,105,2120000,50,1),(980001,105,4160000,1000,2),(980002,105,4160001,1000,3),(980003,105,4160002,1000,4),(980004,105,4160003,1000,5),(980005,105,4160004,1000,6),(980006,105,4160005,1000,7),(980007,105,4160006,1000,8),(980008,105,4160007,1000,9),(980009,105,4160008,1000,10),(980010,105,4160009,1000,11),(980011,105,4160010,1000,12),(980013,105,4160012,1000,15),(980014,105,4160013,1000,16),(980015,105,4160014,1000,17),(980016,105,4160015,1000,18),(980017,105,4160016,1000,19),(980018,105,4160017,1000,20),(980020,105,4160019,1000,22),(980021,105,4160020,1000,23),(980023,105,4160022,1000,25),(980024,105,4160023,1000,26),(980025,105,4160024,1000,27),(980027,105,4160026,1000,29),(980028,105,4160027,1000,30),(980030,105,4160029,1000,32),(980033,105,4160032,1000,35),(992333,9500000,1032040,1,1),(992334,9500000,1032041,1,2),(992335,9500000,1032042,1,3),(992336,9500000,1092030,1,4),(992337,9500000,1092046,1,5),(992338,9500000,1092045,1,6),(992339,9500000,1092047,1,7),(992340,9500000,1452016,1,8),(992341,9500000,1452022,1,9),(992342,9500000,1452045,1,10),(992343,9500000,1472030,1,11),(992344,9500000,1472032,1,12),(992345,9500000,1472055,1,13),(992346,9500000,1462014,1,14),(992347,9500000,1462019,1,15),(992348,9500000,1462040,1,16),(992349,9500000,1332025,1,17),(992350,9500000,1332055,1,18),(992351,9500000,1332056,1,19),(992352,9500000,1312032,1,20),(992353,9500000,1322054,1,21),(992354,9500000,1302058,1,22),(992355,9500000,1302066,1,23),(992356,9500000,1302020,1,24),(992357,9500000,1302030,1,25),(992358,9500000,1302064,1,26),(992359,9500000,1442024,1,27),(992360,9500000,1442051,1,28),(992361,9500000,1432012,1,29),(992362,9500000,1432040,1,30),(992363,9500000,1382009,1,31),(992364,9500000,1382012,1,32),(992365,9500000,1382039,1,33),(992366,9500000,1412011,1,34),(992367,9500000,1412027,1,35),(992368,9500000,1422014,1,36),(992369,9500000,1422029,1,37),(992370,9500000,1402039,1,38),(992371,9500000,1372034,1,39),(992372,9510000,1002739,1,1),(992373,9510000,1002740,1,2),(992374,9510000,1052148,1,3),(992375,9510000,1052149,1,4),(992376,9510000,1072342,1,5),(992377,9510000,1072343,1,6),(992378,9510000,1452052,1,7),(992379,9510000,1472062,1,8),(992380,9510000,1462046,1,9),(992381,9510000,1332064,1,10),(992382,9510000,1332065,1,11),(992383,9510000,1322059,1,12),(992384,9510000,1302079,1,13),(992385,9510000,1442060,1,14),(992386,9510000,1432045,1,15),(992387,9510000,1382053,1,16),(992388,9510000,1412032,1,17),(992389,9520000,2030000,1,1),(992390,9520000,2030001,1,2),(992391,9520000,2030002,1,3),(992392,9520000,2030003,1,4),(992393,9520000,2030004,1,5),(992394,9520000,2030005,1,6),(992395,9520000,2030006,1,7),(992396,9520000,2030007,1,8),(992397,9520000,2030008,1,9),(992398,9520000,2030009,1,10),(992399,9520000,2030010,1,11),(992400,9520000,2030011,1,12),(992401,9520000,2030012,1,13),(992402,9520000,2030016,1,14),(992403,9520000,4001019,1,15),(992404,9520000,4001020,1,16),(992405,9520000,4006001,1,17),(992406,9520000,4006000,1,18),(992407,9520000,1002518,1,19),(992408,9520000,1002602,1,20),(992409,9520000,1002357,1,21),(992410,9520000,1032030,1,22),(992411,9520000,1032031,1,23),(992412,9520000,1050100,1,24),(992413,9520000,1050127,1,25),(992414,9520000,1051098,1,26),(992415,9520000,1051140,1,27),(992416,9520000,1050018,1,28),(992417,9520000,1051017,1,29),(992418,9520000,1072239,1,30),(992419,9520000,1072344,1,31),(992420,9520000,1072238,1,32),(992421,9520000,1082002,1,33),(992422,9520000,1082145,1,34),(992423,9520000,1082146,1,35),(992424,9520000,1082147,1,36),(992425,9520000,1082148,1,37),(992426,9520000,1082149,1,38),(992427,9520000,1082150,1,39),(992428,9520000,1082174,1,40),(992429,9520000,1082223,1,41),(992430,9520000,1082230,1,42),(992431,9520000,1092052,1,43),(992432,9520000,1302021,1,44),(992433,9520000,1302036,1,45),(992434,9520000,1302057,1,46),(992435,9520000,1302013,1,47),(992436,9520000,1302063,1,48),(992437,9520000,1302049,1,49),(992438,9520000,1302026,1,50),(992439,9520000,1102055,1,51),(992440,9520000,1102041,1,52),(992441,9520000,1102042,1,53),(992442,9520000,1102145,1,54),(992443,9520000,1102084,1,55),(992444,9520000,1102086,1,56),(992445,9520000,1012070,1,57),(992446,9520000,1012071,1,58),(992447,9520000,1012072,1,59),(992448,9520000,1012073,1,60),(992449,9520000,1122007,1,61),(992450,9520000,2041211,1,62),(992451,9520000,1122000,1,63),(992452,9520000,2041200,1,64),(992453,9520000,5220000,1,65),(992454,9530000,2340000,1,1),(992455,9530000,2040006,1,2),(992456,9530000,2040007,1,3),(992457,9530000,2040303,1,4),(992458,9530000,2040403,1,5),(992459,9530000,2040506,1,6),(992460,9530000,2040507,1,7),(992461,9530000,2040603,1,8),(992462,9530000,2040709,1,9),(992463,9530000,2040710,1,10),(992464,9530000,2040711,1,11),(992465,9530000,2040806,1,12),(992466,9530000,2040807,1,13),(992467,9530000,2040903,1,14),(992468,9530000,2041024,1,15),(992469,9530000,2041025,1,16),(992470,9530000,2043003,1,17),(992471,9530000,2043103,1,18),(992472,9530000,2043203,1,19),(992473,9530000,2043303,1,20),(992474,9530000,2043703,1,21),(992475,9530000,2043803,1,22),(992476,9530000,2044003,1,23),(992477,9530000,2044103,1,24),(992478,9530000,2044203,1,25),(992479,9530000,2044303,1,26),(992480,9530000,2044403,1,27),(992481,9530000,2044503,1,28),(992482,9530000,2044603,1,29),(992483,9530000,2044703,1,30),(992484,9530000,2040315,1,31),(992485,9530000,2040912,1,32),(992486,9530000,2043013,1,33),(992487,9530000,2043108,1,34),(992488,9530000,2043208,1,35),(992489,9530000,2043308,1,36),(992490,9530000,2043708,1,37),(992491,9530000,2043808,1,38),(992492,9530000,2044008,1,39),(992493,9530000,2044108,1,40),(992494,9530000,2044208,1,41),(992495,9530000,2044308,1,42),(992496,9530000,2044408,1,43),(992497,9530000,2044508,1,44),(992498,9530000,2044608,1,45),(992499,9530000,2044708,1,46),(992500,9530000,2040020,1,47),(992501,9530000,2040022,1,48),(992502,9530000,2040314,1,49),(992503,9530000,2040416,1,50),(992504,9530000,2040523,1,51),(992505,9530000,2040525,1,52),(992506,9530000,2040527,1,53),(992507,9530000,2040529,1,54),(992508,9530000,2040616,1,55),(992509,9530000,2040719,1,56),(992510,9530000,2040721,1,57),(992511,9530000,2040723,1,58),(992512,9530000,2040820,1,59),(992513,9530000,2040822,1,60),(992514,9530000,2040911,1,61),(992515,9530000,2041043,1,62),(992516,9530000,2041045,1,63),(992517,9530000,2041047,1,64),(992518,9530000,2041049,1,65),(992519,9530000,2041051,1,66),(992520,9530000,2041053,1,67),(992521,9530000,2041055,1,68),(992522,9530000,2041057,1,69),(992523,9530000,2043012,1,70),(992524,9530000,2043107,1,71),(992525,9530000,2043207,1,72),(992526,9530000,2043307,1,73),(992527,9530000,2043707,1,74),(992528,9530000,2043807,1,75),(992529,9530000,2044007,1,76),(992530,9530000,2044107,1,77),(992531,9530000,2044207,1,78),(992532,9530000,2044307,1,79),(992533,9530000,2044507,1,80),(992534,9530000,2044607,1,81),(992535,9530000,2044707,1,82),(992536,9530000,2048007,1,83),(992537,9530000,2048009,1,84),(992538,9540000,2101050,1,1),(992539,9540000,2101051,1,2),(992540,9540000,2101052,1,3),(992541,9540000,2101053,1,4),(992542,9540000,2101054,1,5),(992543,9540000,2101055,1,6),(992544,9540000,2101056,1,7),(992545,9540000,2100017,1,8),(992546,9540000,2100000,1,9),(992547,9540000,2100014,1,10),(992548,9540000,2100016,1,11),(992549,9540000,2100001,1,12),(992550,9540000,2100002,1,13),(992551,9540000,2100003,1,14),(992552,9540000,2100004,1,15),(992553,9540000,2100005,1,16),(992554,9540000,2100006,1,17),(992555,9540000,2100007,1,18),(992556,9540000,2100033,1,19),(992557,9540000,2100034,1,20),(992558,9540000,2100035,1,21),(992559,9540000,2100036,1,22),(992560,9540000,2102000,1,23),(992561,9540000,2102001,1,24),(992562,9540000,2102002,1,25),(992563,9540000,2102003,1,26),(992564,9540000,2102004,1,27),(992565,9540000,2102005,1,28),(992566,9540000,2102006,1,29),(992567,9540000,2102007,1,30),(992568,9540000,2102008,1,31),(992569,9540000,2102009,1,32),(992570,9540000,2101015,1,33),(992571,9540000,2101013,1,34),(992572,9540000,2100015,1,35),(992573,9540000,2101001,1,36),(992574,9540000,2101008,1,37),(992575,9540000,2101007,1,38),(992576,9540000,2101000,1,39),(992577,9540000,2101026,1,40),(992578,9540000,2100009,1,41),(992579,9540000,2101004,1,42),(992580,9540000,2101005,1,43),(992581,9540000,2101006,1,44),(992582,9540000,2100008,1,45),(992583,9540000,2101002,1,46),(992584,9540000,2101003,1,47),(992585,9540000,2100018,1,48),(992586,9540000,2100019,1,49),(992587,9540000,2100010,1,50),(992588,9540000,2100011,1,51),(992589,9540000,2100012,1,52),(992590,9540000,2100013,1,53),(992591,9540000,2101009,1,54),(992592,9540000,2101010,1,55),(992593,9540000,2101011,1,56),(992594,9540000,2101012,1,57),(992595,9540000,2100031,1,58),(992596,9540000,2100032,1,59),(992597,9540000,2101020,1,60),(992598,9540000,2101081,1,61),(992599,9540000,2101082,1,62),(992600,9540000,2101083,1,63),(992601,9540000,2101084,1,64),(992602,9540000,2101085,1,65),(992603,9540000,2101086,1,66),(992604,9540000,2101087,1,67),(992605,9540000,2101088,1,68),(992606,9540000,2101089,1,69),(992607,9540000,2101090,1,70),(992608,9540000,2101091,1,71),(992609,9540000,2101092,1,72),(992610,9540000,2101093,1,73),(992611,9540000,2101021,1,74),(992612,9540000,2101023,1,75),(992613,9540000,2101024,1,76),(992614,9540000,2101025,1,77),(992615,9550000,1002030,1,1),(992616,9550000,1002094,1,2),(992617,9550000,1002095,1,3),(992618,9550000,1040102,1,4),(992619,9550000,1040103,1,5),(992620,9550000,1040104,1,6),(992621,9550000,1041097,1,7),(992622,9550000,1041098,1,8),(992623,9550000,1041099,1,9),(992624,9550000,1060090,1,10),(992625,9550000,1060091,1,11),(992626,9550000,1060092,1,12),(992627,9550000,1061096,1,13),(992628,9550000,1061097,1,14),(992629,9550000,1061098,1,15),(992630,9550000,1072154,1,16),(992631,9550000,1072155,1,17),(992632,9550000,1072156,1,18),(992633,9550000,1082103,1,19),(992634,9550000,1082104,1,20),(992635,9550000,1082105,1,21),(992636,9550000,1082218,1,22),(992637,9550000,1092015,1,23),(992638,9550000,1092016,1,24),(992639,9550000,1092017,1,25),(992640,9550000,1312010,1,26),(992641,9550000,1322019,1,27),(992642,9550000,1322020,1,28),(992643,9550000,1302012,1,29),(992644,9550000,1442008,1,30),(992645,9550000,1432007,1,31),(992646,9550000,1412008,1,32),(992647,9550000,1422010,1,33),(992648,9550000,1402012,1,34),(992649,9550000,1002338,1,35),(992650,9550000,1002339,1,36),(992651,9550000,1002340,1,37),(992652,9550000,1050080,1,38),(992653,9550000,1050081,1,39),(992654,9550000,1050082,1,40),(992655,9550000,1050083,1,41),(992656,9550000,1051077,1,42),(992657,9550000,1051078,1,43),(992658,9550000,1051079,1,44),(992659,9550000,1051080,1,45),(992660,9550000,1072210,1,46),(992661,9550000,1072211,1,47),(992662,9550000,1072212,1,48),(992663,9550000,1082114,1,49),(992664,9550000,1082115,1,50),(992665,9550000,1082116,1,51),(992666,9550000,1082117,1,52),(992667,9550000,1092023,1,53),(992668,9550000,1092024,1,54),(992669,9550000,1092025,1,55),(992670,9550000,1312011,1,56),(992671,9550000,1322028,1,57),(992672,9550000,1302018,1,58),(992673,9550000,1442019,1,59),(992674,9550000,1432010,1,60),(992675,9550000,1412009,1,61),(992676,9550000,1422012,1,62),(992677,9550000,1402004,1,63),(992678,9550000,1402015,1,64),(992679,9550000,1002528,1,65),(992680,9550000,1002529,1,66),(992681,9550000,1002530,1,67),(992682,9550000,1002531,1,68),(992683,9550000,1002532,1,69),(992684,9550000,1040111,1,70),(992685,9550000,1040112,1,71),(992686,9550000,1040113,1,72),(992687,9550000,1041119,1,73),(992688,9550000,1041120,1,74),(992689,9550000,1041121,1,75),(992690,9550000,1060100,1,76),(992691,9550000,1060101,1,77),(992692,9550000,1060102,1,78),(992693,9550000,1061118,1,79),(992694,9550000,1061119,1,80),(992695,9550000,1061120,1,81),(992696,9550000,1072196,1,82),(992697,9550000,1072197,1,83),(992698,9550000,1072198,1,84),(992699,9550000,1082128,1,85),(992700,9550000,1082129,1,86),(992701,9550000,1082130,1,87),(992702,9550000,1092026,1,88),(992703,9550000,1092027,1,89),(992704,9550000,1092028,1,90),(992705,9550000,1312015,1,91),(992706,9550000,1322029,1,92),(992707,9550000,1302023,1,93),(992708,9550000,1442020,1,94),(992709,9550000,1432011,1,95),(992710,9550000,1412010,1,96),(992711,9550000,1422013,1,97),(992712,9550000,1402005,1,98),(992713,9550000,1402016,1,99),(992714,9550000,1002377,1,100),(992715,9550000,1002378,1,101),(992716,9550000,1002379,1,102),(992717,9550000,1040120,1,103),(992718,9550000,1040121,1,104),(992719,9550000,1040122,1,105),(992720,9550000,1041122,1,106),(992721,9550000,1041123,1,107),(992722,9550000,1041124,1,108),(992723,9550000,1060109,1,109),(992724,9550000,1060110,1,110),(992725,9550000,1060111,1,111),(992726,9550000,1061121,1,112),(992727,9550000,1061122,1,113),(992728,9550000,1061123,1,114),(992729,9550000,1072220,1,115),(992730,9550000,1072221,1,116),(992731,9550000,1072222,1,117),(992732,9550000,1082139,1,118),(992733,9550000,1082140,1,119),(992734,9550000,1082141,1,120),(992735,9550000,1092036,1,121),(992736,9550000,1092037,1,122),(992737,9550000,1092038,1,123),(992738,9550000,1312030,1,124),(992739,9550000,1322045,1,125),(992740,9550000,1302056,1,126),(992741,9550000,1442044,1,127),(992742,9550000,1432030,1,128),(992743,9550000,1412021,1,129),(992744,9550000,1422027,1,130),(992745,9550000,1402035,1,131),(992746,9550000,1402037,1,132),(992747,9550000,1002551,1,133),(992748,9550000,1052075,1,134),(992749,9550000,1072273,1,135),(992750,9550000,1072273,1,136),(992751,9550000,1312031,1,137),(992752,9550000,1322052,1,138),(992753,9550000,1302059,1,139),(992754,9550000,1442045,1,140),(992755,9550000,1432038,1,141),(992756,9550000,1412026,1,142),(992757,9550000,1422028,1,143),(992758,9550000,1402036,1,144),(992759,9550000,1092042,1,144),(992760,9550000,1442002,1,145),(992761,9560000,1002252,1,1),(992762,9560000,1002253,1,2),(992763,9560000,1002254,1,3),(992764,9560000,1050067,1,4),(992765,9560000,1050068,1,5),(992766,9560000,1050069,1,6),(992767,9560000,1050070,1,7),(992768,9560000,1051052,1,8),(992769,9560000,1051053,1,9),(992770,9560000,1051054,1,10),(992771,9560000,1051055,1,11),(992772,9560000,1072157,1,12),(992773,9560000,1072158,1,13),(992774,9560000,1072159,1,14),(992775,9560000,1072160,1,15),(992776,9560000,1082098,1,16),(992777,9560000,1082099,1,17),(992778,9560000,1082100,1,18),(992779,9560000,1382007,1,19),(992780,9560000,1382010,1,20),(992781,9560000,1372015,1,21),(992782,9560000,1372016,1,22),(992783,9560000,1002271,1,23),(992784,9560000,1002272,1,24),(992785,9560000,1002273,1,25),(992786,9560000,1002274,1,26),(992787,9560000,1050072,1,27),(992788,9560000,1050073,1,28),(992789,9560000,1050074,1,29),(992790,9560000,1051056,1,30),(992791,9560000,1051057,1,31),(992792,9560000,1051058,1,32),(992793,9560000,1072177,1,33),(992794,9560000,1072178,1,34),(992795,9560000,1072179,1,35),(992796,9560000,1082121,1,36),(992797,9560000,1082122,1,37),(992798,9560000,1082123,1,38),(992799,9560000,1382008,1,30),(992800,9560000,1372009,1,40),(992801,9560000,1002363,1,41),(992802,9560000,1002364,1,42),(992803,9560000,1002365,1,43),(992804,9560000,1002366,1,44),(992805,9560000,1050092,1,45),(992806,9560000,1050093,1,46),(992807,9560000,1050094,1,47),(992808,9560000,1050095,1,48),(992809,9560000,1051094,1,49),(992810,9560000,1051095,1,50),(992811,9560000,1051096,1,51),(992812,9560000,1051097,1,52),(992813,9560000,1072206,1,53),(992814,9560000,1072207,1,54),(992815,9560000,1072208,1,55),(992816,9560000,1072209,1,56),(992817,9560000,1082131,1,57),(992818,9560000,1082132,1,58),(992819,9560000,1082133,1,59),(992820,9560000,1082134,1,60),(992821,9560000,1382016,1,61),(992822,9560000,1382035,1,62),(992823,9560000,1372010,1,63),(992824,9560000,1002398,1,64),(992825,9560000,1002399,1,65),(992826,9560000,1002400,1,66),(992827,9560000,1002401,1,67),(992828,9560000,1050102,1,68),(992829,9560000,1050103,1,69),(992830,9560000,1050104,1,70),(992831,9560000,1050105,1,71),(992832,9560000,1051101,1,72),(992833,9560000,1051102,1,73),(992834,9560000,1051103,1,74),(992835,9560000,1051104,1,75),(992836,9560000,1072223,1,76),(992837,9560000,1072224,1,77),(992838,9560000,1072225,1,78),(992839,9560000,1072226,1,79),(992840,9560000,1082151,1,80),(992841,9560000,1082152,1,81),(992842,9560000,1082153,1,82),(992843,9560000,1082154,1,83),(992844,9560000,1382037,1,84),(992845,9560000,1372032,1,85),(992846,9560000,1052076,1,86),(992847,9560000,1072268,1,87),(992848,9560000,1082164,1,88),(992849,9560000,1382036,1,89),(992850,9570000,2070000,1,1),(992851,9570000,2070008,1,2),(992852,9570000,2070001,1,3),(992853,9570000,2070009,1,4),(992854,9570000,2070002,1,5),(992855,9570000,2070012,1,6),(992856,9570000,2070013,1,7),(992857,9570000,2070010,1,8),(992858,9570000,2070011,1,9),(992859,9570000,2070003,1,10),(992860,9570000,2070004,1,11),(992861,9570000,2070005,1,12),(992862,9570000,2070006,1,13),(992863,9570000,2070007,1,14),(992864,9570000,2070016,1,15),(992865,9570000,1002281,1,16),(992866,9570000,1002282,1,17),(992867,9570000,1002283,1,18),(992868,9570000,1002284,1,19),(992869,9570000,1002285,1,20),(992870,9570000,1040105,1,21),(992871,9570000,1040106,1,22),(992872,9570000,1040107,1,23),(992873,9570000,1041100,1,24),(992874,9570000,1041101,1,25),(992875,9570000,1041102,1,26),(992876,9570000,1041103,1,27),(992877,9570000,1060093,1,28),(992878,9570000,1060094,1,29),(992879,9570000,1060095,1,30),(992880,9570000,1061099,1,31),(992881,9570000,1061100,1,32),(992882,9570000,1061101,1,33),(992883,9570000,1061102,1,34),(992884,9570000,1072161,1,35),(992885,9570000,1072162,1,36),(992886,9570000,1072163,1,37),(992887,9570000,1082095,1,38),(992888,9570000,1082096,1,39),(992889,9570000,1082097,1,40),(992890,9570000,1472026,1,41),(992891,9570000,1472027,1,42),(992892,9570000,1472028,1,43),(992893,9570000,1472029,1,44),(992894,9570000,1332018,1,45),(992895,9570000,1332019,1,46),(992896,9570000,1002327,1,47),(992897,9570000,1002328,1,48),(992898,9570000,1002329,1,49),(992899,9570000,1002330,1,50),(992900,9570000,1040108,1,51),(992901,9570000,1040109,1,52),(992902,9570000,1040110,1,53),(992903,9570000,1041105,1,54),(992904,9570000,1041106,1,55),(992905,9570000,1041107,1,56),(992906,9570000,1060097,1,57),(992907,9570000,1060098,1,58),(992908,9570000,1060099,1,59),(992909,9570000,1061104,1,60),(992910,9570000,1061105,1,61),(992911,9570000,1061106,1,62),(992912,9570000,1072172,1,63),(992913,9570000,1072173,1,64),(992914,9570000,1072174,1,65),(992915,9570000,1082118,1,66),(992916,9570000,1082119,1,67),(992917,9570000,1082120,1,68),(992918,9570000,1092050,1,69),(992919,9570000,1472031,1,70),(992920,9570000,1332022,1,71),(992921,9570000,1332023,1,72),(992922,9570000,1002323,1,73),(992923,9570000,1002324,1,74),(992924,9570000,1002325,1,75),(992925,9570000,1002326,1,76),(992926,9570000,1040115,1,77),(992927,9570000,1040116,1,78),(992928,9570000,1040117,1,79),(992929,9570000,1040118,1,80),(992930,9570000,1041115,1,81),(992931,9570000,1041116,1,82),(992932,9570000,1041117,1,83),(992933,9570000,1041118,1,84),(992934,9570000,1060104,1,85),(992935,9570000,1060105,1,86),(992936,9570000,1060106,1,87),(992937,9570000,1060107,1,88),(992938,9570000,1061114,1,89),(992939,9570000,1061115,1,90),(992940,9570000,1061116,1,91),(992941,9570000,1061117,1,92),(992942,9570000,1072192,1,93),(992943,9570000,1072193,1,94),(992944,9570000,1072194,1,95),(992945,9570000,1072195,1,96),(992946,9570000,1082142,1,97),(992947,9570000,1082143,1,98),(992948,9570000,1082144,1,99),(992949,9570000,1472033,1,100),(992950,9570000,1332026,1,101),(992951,9570000,1332027,1,101),(992952,9570000,1002380,1,102),(992953,9570000,1002381,1,103),(992954,9570000,1002382,1,104),(992955,9570000,1002383,1,105),(992956,9570000,1050096,1,106),(992957,9570000,1050097,1,107),(992958,9570000,1050098,1,108),(992959,9570000,1050099,1,109),(992960,9570000,1051090,1,110),(992961,9570000,1051091,1,111),(992962,9570000,1051092,1,112),(992963,9570000,1051093,1,113),(992964,9570000,1072213,1,114),(992965,9570000,1072214,1,115),(992966,9570000,1072215,1,116),(992967,9570000,1072216,1,117),(992968,9570000,1082135,1,118),(992969,9570000,1082136,1,119),(992970,9570000,1082137,1,120),(992971,9570000,1082138,1,121),(992972,9570000,1472053,1,122),(992973,9570000,1332051,1,123),(992974,9570000,1332052,1,124),(992975,9570000,1002550,1,125),(992976,9570000,1052072,1,126),(992977,9570000,1072272,1,127),(992978,9570000,1082167,1,128),(992979,9570000,1472051,1,129),(992980,9570000,1472052,1,130),(992981,9570000,1332049,1,131),(992982,9570000,1332050,1,132),(992983,9570000,1092049,1,133),(992984,9580000,2060000,1,1),(992985,9580000,2060001,1,2),(992986,9580000,2060002,1,3),(992987,9580000,2060003,1,4),(992988,9580000,2060004,1,5),(992989,9580000,2060005,1,6),(992990,9580000,2061000,1,7),(992991,9580000,2061001,1,8),(992992,9580000,2061002,1,9),(992993,9580000,2061003,1,10),(992994,9580000,2061004,1,11),(992995,9580000,2060006,1,12),(992996,9580000,1002286,1,13),(992997,9580000,1002287,1,14),(992998,9580000,1002288,1,15),(992999,9580000,1002289,1,16),(993000,9580000,1050061,1,17),(993001,9580000,1050062,1,18),(993002,9580000,1050063,1,19),(993003,9580000,1050064,1,20),(993004,9580000,1051062,1,21),(993005,9580000,1051063,1,22),(993006,9580000,1051064,1,23),(993007,9580000,1051065,1,24),(993008,9580000,1072164,1,25),(993009,9580000,1072165,1,26),(993010,9580000,1072166,1,27),(993011,9580000,1072167,1,28),(993012,9580000,1082106,1,29),(993013,9580000,1082107,1,30),(993014,9580000,1082108,1,31),(993015,9580000,1452018,1,32),(993016,9580000,1452009,1,33),(993017,9580000,1452010,1,34),(993018,9580000,1452011,1,35),(993019,9580000,1462009,1,36),(993020,9580000,1002275,1,37),(993021,9580000,1002276,1,38),(993022,9580000,1002277,1,39),(993023,9580000,1002278,1,40),(993024,9580000,1002278,1,41),(993025,9580000,1050076,1,42),(993026,9580000,1050077,1,43),(993027,9580000,1050078,1,44),(993028,9580000,1051066,1,45),(993029,9580000,1051067,1,46),(993030,9580000,1051068,1,47),(993031,9580000,1051069,1,48),(993032,9580000,1072182,1,49),(993033,9580000,1072183,1,50),(993034,9580000,1072184,1,51),(993035,9580000,1072185,1,52),(993036,9580000,1082109,1,53),(993037,9580000,1082110,1,54),(993038,9580000,1082111,1,55),(993039,9580000,1082112,1,56),(993040,9580000,1452012,1,57),(993041,9580000,1452013,1,58),(993042,9580000,1452014,1,59),(993043,9580000,1452015,1,60),(993044,9580000,1462010,1,61),(993045,9580000,1462011,1,62),(993046,9580000,1462012,1,63),(993047,9580000,1462013,1,64),(993048,9580000,1002402,1,65),(993049,9580000,1002403,1,66),(993050,9580000,1002404,1,67),(993051,9580000,1002405,1,68),(993052,9580000,1050088,1,69),(993053,9580000,1050089,1,70),(993054,9580000,1050090,1,71),(993055,9580000,1050091,1,72),(993056,9580000,1051082,1,73),(993057,9580000,1051083,1,74),(993058,9580000,1051084,1,75),(993059,9580000,1051085,1,76),(993060,9580000,1072203,1,77),(993061,9580000,1072204,1,78),(993062,9580000,1072205,1,79),(993063,9580000,1082125,1,80),(993064,9580000,1082126,1,81),(993065,9580000,1082127,1,82),(993066,9580000,1452017,1,83),(993067,9580000,1452025,1,84),(993068,9580000,1452026,1,85),(993069,9580000,1462018,1,86),(993070,9580000,1462021,1,87),(993071,9580000,1462022,1,88),(993072,9580000,1002406,1,89),(993073,9580000,1002407,1,90),(993074,9580000,1002408,1,91),(993075,9580000,1050106,1,92),(993076,9580000,1050107,1,93),(993077,9580000,1050108,1,94),(993078,9580000,1051105,1,95),(993079,9580000,1051106,1,96),(993080,9580000,1051107,1,97),(993081,9580000,1072227,1,98),(993082,9580000,1072228,1,99),(993083,9580000,1072229,1,100),(993084,9580000,1082158,1,101),(993085,9580000,1082159,1,102),(993086,9580000,1082160,1,103),(993087,9580000,1452019,1,104),(993088,9580000,1452020,1,105),(993089,9580000,1452021,1,106),(993090,9580000,1462015,1,107),(993091,9580000,1462016,1,108),(993092,9580000,1462017,1,109),(993093,9580000,1002547,1,110),(993094,9580000,1052071,1,111),(993095,9580000,1072269,1,112),(993096,9580000,1082163,1,113),(993097,9580000,1452044,1,114),(993098,9580000,1462039,1,115),(993099,9590000,1112807,1,1),(993100,9590000,1112809,1,2),(993101,9590000,1112803,1,3),(993102,9590000,1112806,1,4),(993103,9590000,1112112,1,5),(993104,9590000,1112223,1,6),(993105,9590000,1112101,1,7),(993106,9590000,1112102,1,8),(993107,9590000,1112202,1,9),(993108,9590000,1112205,1,10),(993109,9590000,1112209,1,11),(993110,9590000,1112106,1,12),(993111,9590000,1112207,1,13),(993112,9590000,1112104,1,14),(993113,9590000,1112108,1,15),(993114,9590000,1112113,1,16),(993115,9590000,1112224,1,17),(993116,9590000,1112002,1,18),(993117,9590000,1112118,1,19),(993118,9590000,1112228,1,20),(993119,9590000,1112119,1,21),(993120,9590000,1112229,1,22),(993121,9590000,1112120,1,23),(993122,9590000,1112230,1,24),(993123,9590000,1112006,1,25),(993124,9590000,1112003,1,26),(993125,9590000,1112800,1,27),(993126,9590000,1112801,1,28),(993127,9590000,1112210,1,29),(993128,9590000,1112213,1,30),(993129,9590000,1112216,1,31),(993130,9590000,1112111,1,32),(993131,9590000,1112221,1,33),(993132,9590000,1112115,1,34),(993133,9590000,1112808,1,35),(993134,9590000,1112217,1,36),(993135,9590000,1112114,1,37),(993136,9590000,1112225,1,38),(993137,9590000,1112211,1,39),(993138,9590000,1112214,1,40),(993139,9590000,1112200,1,41),(993140,9590000,1112204,1,42),(993141,9590000,1112201,1,43),(993142,9590000,1112105,1,44),(993143,9590000,1112206,1,45),(993144,9590000,1112117,1,46),(993145,9590000,1112227,1,47),(993146,9590000,1112222,1,48),(993147,9590000,1112109,1,49),(993148,9590000,1112219,1,50),(993149,9590000,1112212,1,51),(993150,9590000,1112110,1,52),(993151,9590000,1112220,1,53),(993152,9590000,1112107,1,54),(993153,9590000,1112208,1,55),(993154,9590000,1112000,1,56),(993155,9590000,1112218,1,57),(993156,9590000,1112203,1,58),(993157,9590000,1112103,1,59),(993158,9590000,1112005,1,60),(993159,9590000,1112116,1,61),(993160,9590000,1112226,1,62),(993161,9590000,1112100,1,63),(993162,9591000,5010000,1,1),(993163,9591000,5010001,1,2),(993164,9591000,5010002,1,3),(993165,9591000,5010003,1,4),(993166,9591000,5010004,1,5),(993167,9591000,5010005,1,6),(993168,9591000,5010006,1,7),(993169,9591000,5010007,1,8),(993170,9591000,5010008,1,9),(993171,9591000,5010009,1,10),(993172,9591000,5010010,1,11),(993173,9591000,5010011,1,12),(993174,9591000,5010012,1,13),(993175,9591000,5010013,1,14),(993176,9591000,5010014,1,15),(993177,9591000,5010015,1,16),(993178,9591000,5010016,1,17),(993179,9591000,5010017,1,18),(993180,9591000,5010018,1,19),(993181,9591000,5010019,1,20),(993182,9591000,5010020,1,21),(993183,9591000,5010021,1,22),(993184,9591000,5010022,1,23),(993185,9591000,5010023,1,24),(993186,9591000,5010024,1,25),(993187,9591000,5010025,1,26),(993188,9591000,5010026,1,27),(993189,9591000,5010027,1,28),(993190,9591000,5010028,1,29),(993191,9591000,5010029,1,30),(993192,9591000,5010030,1,31),(993193,9591000,5010031,1,32),(993194,9591000,5010032,1,33),(993195,9591000,5010033,1,34),(993196,9591000,5010034,1,35),(993197,9591000,5010035,1,36),(993198,9591000,5010038,1,37),(993199,9591000,5010039,1,38),(993200,9591000,5010041,1,39),(993201,9591000,5010042,1,40),(993202,9591000,5010043,1,41),(993203,9591000,5010044,1,42),(993204,9592000,1002599,1,1),(993205,9592000,1052084,1,2),(993206,9592000,1072280,1,3),(993207,9592000,1002607,1,4),(993208,9592000,1052094,1,5),(993209,9592000,1072284,1,6),(993210,9592000,1702123,1,7),(993211,9592000,1002734,1,8),(993212,9592000,1052147,1,9),(993213,9592000,1000030,1,10),(993214,9592000,1001045,1,11),(993215,9592000,1052091,1,12),(993216,9592000,1072281,1,13),(993217,9592000,1702119,1,14),(993218,9592000,1102096,1,15),(993219,9592000,1000032,1,16),(993220,9592000,1001047,1,17),(993221,9592000,1052093,1,18),(993222,9592000,1072283,1,19),(993223,9592000,1702118,1,20),(993224,9592000,1102097,1,21),(993225,9592000,1000031,1,22),(993226,9592000,1001046,1,23),(993227,9592000,1052092,1,24),(993228,9592000,1072282,1,25),(993229,9592000,1702120,1,26),(993230,9592000,1102095,1,27),(993231,9592000,1002437,1,28),(993232,9592000,1052035,1,29),(993233,9592000,1072236,1,30),(993234,9592000,1702034,1,31),(993235,9592000,1002438,1,32),(993236,9592000,1052036,1,33),(993237,9592000,1072237,1,34),(993238,9592000,1372011,1,35),(993239,9592000,1002444,1,36),(993240,9592000,1052039,1,37),(993241,9592000,1072241,1,38),(993242,9592000,1332029,1,39),(993243,9592000,1002445,1,40),(993244,9592000,1052040,1,41),(993245,9592000,1072242,1,42),(993246,9592000,1452023,1,43),(993247,9592000,1002446,1,44),(993248,9592000,1052041,1,45),(993249,9592000,1072243,1,46),(993250,9592000,1382014,1,47),(993251,9592000,1002552,1,48),(993252,9592000,1052077,1,49),(993253,9592000,1072274,1,50),(993254,9592000,1082169,1,51),(993255,9592000,1002456,1,52),(993256,9592000,1002457,1,53),(993257,9592000,1002458,1,54),(993258,9592000,1002459,1,55),(993259,9592000,1002460,1,56),(993260,9592000,1002461,1,57),(993261,9592000,1002462,1,58),(993262,9592000,1002463,1,59),(993263,9592000,1002464,1,60),(993264,9592000,1002465,1,61),(993265,9592000,1002466,1,62),(993266,9592000,1002467,1,63),(993267,9592000,1050120,1,64),(993268,9592000,1051128,1,65),(993269,9592000,1072250,1,66),(993270,9592000,1702039,1,67),(993271,9592000,1702040,1,68),(993272,9592000,1702038,1,69),(993273,9592000,1702046,1,70),(993274,9592000,1702041,1,71),(993275,9592000,1052078,1,72),(993276,9592000,1702088,1,73),(993277,9592000,1000027,1,74),(993278,9592000,1050124,1,75),(993279,9592000,1070007,1,76),(993280,9592000,1001039,1,77),(993281,9592000,1051138,1,78),(993282,9592000,1071019,1,79),(993283,9593000,5160000,1,1),(993284,9593000,5160001,1,2),(993285,9593000,5160002,1,3),(993286,9593000,5160003,1,4),(993287,9593000,5160004,1,5),(993288,9593000,5160005,1,6),(993289,9593000,5160006,1,7),(993290,9593000,5160007,1,8),(993291,9593000,5160008,1,9),(993292,9593000,5160009,1,10),(993293,9593000,5160010,1,11),(993294,9593000,5160011,1,12),(993295,9593000,5160012,1,13),(993296,9593000,5160013,1,14),(993297,9593000,5160014,1,15),(993298,9594000,2002000,1,1),(993299,9594000,2002001,1,2),(993300,9594000,2002002,1,3),(993301,9594000,2002003,1,4),(993302,9594000,2002004,1,5),(993303,9594000,2002005,1,6),(993304,9594000,2002006,1,7),(993305,9594000,2002007,1,8),(993306,9594000,2002008,1,9),(993307,9594000,2002009,1,10),(993308,9594000,2002010,1,11),(993309,9594000,2002011,1,12),(993310,9594000,2002015,1,13),(993311,9594000,2002016,1,14),(993312,9594000,2002017,1,15),(993313,9594000,2002018,1,16),(993314,9594000,2002019,1,17),(993315,9594000,2012000,1,18),(993316,9594000,2012001,1,19),(993317,9594000,2012002,1,20),(993318,9594000,2012003,1,21),(993319,9594000,2020024,1,22),(993320,9594000,2020025,1,23),(993321,9594000,2020026,1,24),(993322,9594000,2020027,1,25),(993323,9594000,2022001,1,26),(993324,9594000,2022002,1,27),(993325,9594000,2022024,1,28),(993326,9594000,2022025,1,29),(993327,9594000,2022026,1,30),(993328,9594000,2022027,1,31),(993329,9594000,2022030,1,32),(993330,9594000,2022032,1,33),(993331,9594000,2022033,1,34),(993332,9594000,2022040,1,35),(993333,9594000,2022042,1,36),(993334,9594000,2022043,1,37),(993335,9594000,2022044,1,38),(993336,9594000,2022047,1,39),(993337,9594000,2022048,1,40),(993338,9594000,2022049,1,41),(993339,9594000,2022060,1,42),(993340,9594000,2022061,1,43),(993341,9594000,2022062,1,44),(993342,9594000,2022068,1,45),(993343,9594000,2022069,1,46),(993344,9594000,2022070,1,47),(993345,9594000,2022071,1,48),(993346,9594000,2022072,1,49),(993347,9594000,2022073,1,50),(993348,9594000,2022075,1,51),(993349,9594000,2022076,1,52),(993350,9594000,2022077,1,53),(993351,9594000,2022078,1,54),(993352,9594000,2022086,1,55),(993353,9594000,2022087,1,56),(993354,9594000,2022088,1,57),(993355,9594000,2022089,1,58),(993356,9594000,2022090,1,59),(993357,9594000,2022091,1,60),(993358,9594000,2022092,1,61),(993359,9594000,2022093,1,62),(993360,9594000,2022094,1,63),(993361,9594000,2022098,1,64),(993362,9594000,2022100,1,65),(993363,9594000,2022101,1,66),(993364,9594000,2022102,1,67),(993365,9594000,2022108,1,68),(993366,9594000,2022109,1,69),(993367,9594000,2022112,1,70),(993368,9594000,2022113,1,71),(993369,9594000,2022117,1,72),(993370,9594000,2022118,1,73),(993371,9594000,2022119,1,74),(993372,9594000,2022121,1,75),(993373,9594000,2022123,1,76),(993374,9594000,2022124,1,77),(993375,9594000,2022125,1,78),(993376,9594000,2022126,1,79),(993377,9594000,2022127,1,80),(993378,9594000,2022128,1,81),(993379,9594000,2022129,1,82),(993380,9594000,2022130,1,83),(993381,9594000,2022142,1,84),(993382,9594000,2022143,1,85),(993383,9594000,2022144,1,86),(993384,9594000,2022147,1,87),(993385,9594000,2022148,1,88),(993386,9594000,2022150,1,89),(993387,9594000,2022151,1,90),(993388,9594000,2022152,1,91),(993389,9594000,2022153,1,92),(993390,9594000,2022154,1,93),(993391,9594000,2022156,1,94),(993392,9594000,2022179,1,95),(993393,9594000,2022181,1,96),(993394,9594000,2022182,1,97),(993395,9594000,2022183,1,98),(993396,9594000,2022184,1,99),(993397,9594000,2022185,1,100),(993398,9594000,2022186,1,101),(993399,9594000,2022187,1,102),(993400,9594000,2022189,1,103),(993401,9594000,2022190,1,104),(993402,9594000,2022193,1,105),(993403,9594000,2022194,1,106),(993404,9594000,2022195,1,107),(993405,9594000,2022196,1,108),(993406,9594000,2022197,1,109),(993407,9594000,2022197,1,110),(993408,9594000,2022200,1,111),(993409,9594000,2022238,1,112),(993410,9594000,2022239,1,113),(993411,9594000,2022240,1,114),(993412,9594000,2022242,1,115),(993413,9594000,2022243,1,116),(993414,9594000,2022244,1,117),(993415,9594000,2022245,1,118),(993416,9594000,2022246,1,119),(993417,9594000,2022251,1,120),(993418,9594000,2022252,1,121),(993419,9594000,2022262,1,122),(993420,9594000,2022265,1,123),(993421,9594000,2022273,1,124),(993422,9594000,2022274,1,125),(993423,9594000,2022276,1,126),(993424,9594000,2022277,1,127),(993425,9594000,2022280,1,128),(993426,9594000,2022282,1,129),(993427,9594000,2022283,1,130),(993428,9594000,2022284,1,131),(993429,9595000,5070000,1,1),(993430,9595000,5073000,1,2),(993431,9595000,5071000,1,3),(993432,9595000,5074000,1,4),(993433,9595000,5072000,1,5),(993434,9595000,5390000,1,6),(993435,9595000,5390001,1,7),(993436,9595000,5390002,1,8),(993437,9595000,5075002,1,9),(993438,9595000,5075000,1,10),(993439,9595000,5075001,1,11),(993440,100,1050100,1800,1),(993441,100,1051098,5000,2),(993442,100,2030008,400,3),(993443,100,2030009,500,4),(993444,100,2030010,500,5),(993445,100,2070000,500,6),(993446,101,1050100,1800,1),(993447,101,1051098,5000,2),(993448,101,2030008,400,3),(993449,101,2030009,500,4),(993450,101,2030010,500,5),(993451,101,2070000,500,6),(993452,102,2060003,40,1),(993453,102,2000001,160,2),(993454,102,2000002,320,3),(993455,102,2001001,2300,4),(993456,102,2020012,4500,5),(993457,102,2000003,200,6),(993458,102,2000006,620,7),(993459,102,2001002,4000,8),(993460,102,2020014,8100,9),(993461,102,2022002,1000,10),(993462,102,2070000,500,11),(993463,103,1382011,2000000,1),(993464,103,1332024,2000000,2),(993465,103,1302022,80000,3),(993466,103,1302021,1250000,4),(993467,103,1462006,500000,5),(993468,103,1472008,250000,6),(993469,103,1402010,150000,7),(993470,103,1432008,150000,8),(993471,103,1402009,30000,9),(993472,103,1322012,15000,10),(993473,103,1312013,100000,11),(993474,103,2070000,500,12),(993475,104,1002136,100000,1),(993476,104,1032002,110000,2),(993477,104,1040029,110000,3),(993478,104,1060020,110000,4),(993479,104,1051006,115000,5),(993480,104,1072051,25000,6),(993481,104,1072034,25000,7),(993482,104,1072086,25000,8),(993483,104,1072020,30000,9),(993484,104,2070012,100000,10),(993485,104,2070013,100000,11),(993486,9592000,1002186,1,80),(993487,9592000,1102039,1,81),(993488,9592000,1702099,1,82),(993489,9592000,1082102,1,83),(993490,9592000,1072153,1,84),(993495,9592000,1032024,1,85),(993497,9520000,2000005,1,66),(993499,9520000,1002140,1,67);
/*!40000 ALTER TABLE `shopitems` ENABLE KEYS */;
UNLOCK TABLES;

--
-- Table structure for table `shops`
--

DROP TABLE IF EXISTS `shops`;
SET @saved_cs_client     = @@character_set_client;
SET character_set_client = utf8;
CREATE TABLE `shops` (
  `shopid` int(10) unsigned NOT NULL auto_increment,
  `npcid` int(11) default '0',
  PRIMARY KEY  (`shopid`)
) ENGINE=InnoDB AUTO_INCREMENT=9595017 DEFAULT CHARSET=latin1;
SET character_set_client = @saved_cs_client;

--
-- Dumping data for table `shops`
--

LOCK TABLES `shops` WRITE;
/*!40000 ALTER TABLE `shops` DISABLE KEYS */;
INSERT INTO `shops` VALUES (0,9030000),(1,11000),(2,11100),(3,21000),(4,1001000),(5,1001001),(6,1001100),(7,1011000),(8,1011001),(9,1011100),(10,1021000),(11,1021001),(12,1021100),(13,1031000),(14,1031001),(15,1031100),(16,1051000),(17,1051001),(18,1051002),(19,1061001),(20,1061002),(21,1032103),(22,1052104),(23,1081000),(24,9201058),(25,9201059),(26,9201060),(27,9110003),(28,9110004),(29,9110005),(30,9110006),(31,9110007),(32,9201020),(33,2012003),(34,2012004),(35,2012005),(36,2020001),(37,2022000),(38,2022001),(39,2030009),(40,2060003),(41,2060004),(42,2060007),(43,2070001),(44,2070002),(45,2070003),(46,2022002),(47,2040051),(48,2041002),(49,2041003),(50,2041006),(51,2050000),(52,2050003),(53,2051000),(54,2040049),(55,2041016),(100,9120004),(101,9120019),(102,9120002),(103,9120000),(104,9120001),(105,1012004),(9500000,9001001),(9510000,9001003),(9520000,9001002),(9530000,9001005),(9540000,1063001),(9550000,1043000),(9560000,1043001),(9570000,1063000),(9580000,1063002),(9590000,2040041),(9591000,9201010),(9592000,9201005),(9593000,9201007),(9594000,9201009),(9595000,9201006),(9595001,1),(9595002,1),(9595003,1),(9595004,1),(9595005,1),(9595006,1),(9595007,1),(9595008,1),(9595009,1),(9595010,1),(9595011,1),(9595012,1),(9595013,1),(9595014,1),(9595015,1),(9595016,1);
/*!40000 ALTER TABLE `shops` ENABLE KEYS */;
UNLOCK TABLES;

--
-- Table structure for table `skills`
--

DROP TABLE IF EXISTS `skills`;
SET @saved_cs_client     = @@character_set_client;
SET character_set_client = utf8;
CREATE TABLE `skills` (
  `id` int(11) NOT NULL auto_increment,
  `skillid` int(11) NOT NULL default '0',
  `characterid` int(11) NOT NULL default '0',
  `skilllevel` int(11) NOT NULL default '0',
  `masterlevel` int(11) NOT NULL default '0',
  PRIMARY KEY  (`id`),
  KEY `skills_ibfk_1` (`characterid`),
  CONSTRAINT `skills_ibfk_1` FOREIGN KEY (`characterid`) REFERENCES `characters` (`id`) ON DELETE CASCADE
) ENGINE=InnoDB AUTO_INCREMENT=475980 DEFAULT CHARSET=latin1;
SET character_set_client = @saved_cs_client;

--
-- Table structure for table `storages`
--

DROP TABLE IF EXISTS `storages`;
SET @saved_cs_client     = @@character_set_client;
SET character_set_client = utf8;
CREATE TABLE `storages` (
  `storageid` int(10) unsigned NOT NULL auto_increment,
  `accountid` int(11) NOT NULL default '0',
  `slots` int(11) NOT NULL default '0',
  `meso` int(11) NOT NULL default '0',
  PRIMARY KEY  (`storageid`),
  KEY `accountid` (`accountid`),
  CONSTRAINT `storages_ibfk_1` FOREIGN KEY (`accountid`) REFERENCES `accounts` (`id`) ON DELETE CASCADE
) ENGINE=InnoDB AUTO_INCREMENT=258 DEFAULT CHARSET=latin1;
SET character_set_client = @saved_cs_client;

--
-- Table structure for table `zaksquads`
--

DROP TABLE IF EXISTS `zaksquads`;
SET @saved_cs_client     = @@character_set_client;
SET character_set_client = utf8;
CREATE TABLE `zaksquads` (
  `id` int(10) unsigned NOT NULL auto_increment,
  `channel` int(10) unsigned NOT NULL,
  `leaderid` int(10) unsigned NOT NULL default '0',
  `status` int(10) unsigned NOT NULL default '0',
  `members` int(10) unsigned NOT NULL default '0',
  PRIMARY KEY  (`id`)
) ENGINE=InnoDB AUTO_INCREMENT=11 DEFAULT CHARSET=latin1;
SET character_set_client = @saved_cs_client;

--
-- Dumping data for table `zaksquads`
--

LOCK TABLES `zaksquads` WRITE;
/*!40000 ALTER TABLE `zaksquads` DISABLE KEYS */;
INSERT INTO `zaksquads` VALUES (7,1,0,0,0),(8,2,0,0,0),(9,3,0,0,0),(10,4,0,0,0);
/*!40000 ALTER TABLE `zaksquads` ENABLE KEYS */;
UNLOCK TABLES;

--
-- Current Database: `odinms`
--

USE `odinms`;

--
-- Final view structure for view `readable_cheatlog`
--

/*!50001 DROP TABLE `readable_cheatlog`*/;
/*!50001 DROP VIEW IF EXISTS `readable_cheatlog`*/;
/*!50001 CREATE ALGORITHM=UNDEFINED */
/*!50013 DEFINER=`root`@`localhost` SQL SECURITY DEFINER */
/*!50001 VIEW `readable_cheatlog` AS select `a`.`name` AS `accountname`,`a`.`id` AS `accountid`,`c`.`name` AS `name`,`c`.`id` AS `characterid`,`cl`.`offense` AS `offense`,`cl`.`count` AS `count`,`cl`.`lastoffensetime` AS `lastoffensetime`,`cl`.`param` AS `param` from ((`cheatlog` `cl` join `characters` `c`) join `accounts` `a`) where ((`cl`.`cid` = `c`.`id`) and (`a`.`id` = `c`.`accountid`) and (`a`.`banned` = 0)) */;

--
-- Final view structure for view `readable_gmlog`
--

/*!50001 DROP TABLE `readable_gmlog`*/;
/*!50001 DROP VIEW IF EXISTS `readable_gmlog`*/;
/*!50001 CREATE ALGORITHM=UNDEFINED */
/*!50013 DEFINER=`root`@`localhost` SQL SECURITY DEFINER */
/*!50001 VIEW `readable_gmlog` AS select `g`.`id` AS `logentryid`,`a`.`name` AS `accountname`,`c`.`name` AS `charname`,`g`.`command` AS `command`,`g`.`when` AS `when` from ((`characters` `c` join `gmlog` `g`) join `accounts` `a`) where ((`c`.`id` = `g`.`cid`) and (`c`.`accountid` = `a`.`id`)) */;

--
-- Final view structure for view `readable_last_hour_cheatlog`
--

/*!50001 DROP TABLE `readable_last_hour_cheatlog`*/;
/*!50001 DROP VIEW IF EXISTS `readable_last_hour_cheatlog`*/;
/*!50001 CREATE ALGORITHM=UNDEFINED */
/*!50013 DEFINER=`root`@`localhost` SQL SECURITY DEFINER */
/*!50001 VIEW `readable_last_hour_cheatlog` AS select `a`.`name` AS `accountname`,`a`.`id` AS `accountid`,`c`.`name` AS `name`,`c`.`id` AS `characterid`,sum(`cl`.`count`) AS `numrepos` from ((`cheatlog` `cl` join `characters` `c`) join `accounts` `a`) where ((`cl`.`cid` = `c`.`id`) and (`a`.`id` = `c`.`accountid`) and (timestampdiff(HOUR,`cl`.`lastoffensetime`,now()) < 1) and (`a`.`banned` = 0)) group by `cl`.`cid` order by sum(`cl`.`count`) desc */;
/*!40103 SET TIME_ZONE=@OLD_TIME_ZONE */;

/*!40101 SET SQL_MODE=@OLD_SQL_MODE */;
/*!40014 SET FOREIGN_KEY_CHECKS=@OLD_FOREIGN_KEY_CHECKS */;
/*!40014 SET UNIQUE_CHECKS=@OLD_UNIQUE_CHECKS */;
/*!40101 SET CHARACTER_SET_CLIENT=@OLD_CHARACTER_SET_CLIENT */;
/*!40101 SET CHARACTER_SET_RESULTS=@OLD_CHARACTER_SET_RESULTS */;
/*!40101 SET COLLATION_CONNECTION=@OLD_COLLATION_CONNECTION */;
/*!40111 SET SQL_NOTES=@OLD_SQL_NOTES */;

-- Dump completed on 2008-08-10 19:47:58